date,CO,NO,NOX,NO2,O3,PM10,PM25,RH,SO2,TMP,WDR,WSP,year,month,day,hour,minute,traffic,contingency
0,2024-03-20,0.296296296296,0.129518072289,0.26586102719,0.420560747664,0.007194244604,0.360544217687,0.178571428571,0.393258426966,0.054054054054,0.478260869565,0.016666666667,0.242424242424,2024,0.7,20,0.391304347826,0,1.0,0
1,2024-03-20,0.217283950617,0.012048192771,0.114803625378,0.317757009346,0.086330935252,0.224489795918,0.22619047619,0.449438202247,0.027027027027,0.478260869565,0.297222222222,0.106060606061,2024,0.7,20,0.347826086957,0,1.0,0
2,2024-03-20,0.266666666667,0.036144578313,0.160120845921,0.383177570093,0.035971223022,0.299319727891,0.22619047619,0.47191011236,0.027027027027,0.434782608696,0.361111111111,0.151515151515,2024,0.7,20,0.304347826087,0,1.0,0
3,2024-03-20,0.212345679012,0.012048192771,0.126888217523,0.355140186916,0.043165467626,0.319727891156,0.345238095238,0.483146067416,0.027027027027,0.434782608696,0.336111111111,0.060606060606,2024,0.7,20,0.260869565217,0,1.0,0
4,2024-03-20,0.2,0.015060240964,0.114803625378,0.308411214953,0.05035971223,0.272108843537,0.297619047619,0.483146067416,0.027027027027,0.434782608696,0.313888888889,0.090909090909,2024,0.7,20,0.173913043478,0,1.0,0
5,2024-03-20,0.204938271605,0.05421686747,0.154078549849,0.308411214953,0.028776978417,0.251700680272,0.27380952381,0.494382022472,0.027027027027,0.391304347826,0.291666666667,0.075757575758,2024,0.7,20,0.130434782609,0,1.0,0
6,2024-03-20,0.281481481481,0.135542168675,0.250755287009,0.355140186916,0.007194244604,0.238095238095,0.261904761905,0.516853932584,0.027027027027,0.347826086957,0.405555555556,0.166666666667,2024,0.7,20,0.04347826087,0,1.0,0
7,2024-03-20,0.456790123457,0.331325301205,0.444108761329,0.336448598131,0.007194244604,0.326530612245,0.369047619048,0.52808988764,0.081081081081,0.347826086957,0.308333333333,0.121212121212,2024,0.7,20,0.0,0,0.98,0
8,2024-03-20,0.627160493827,0.352409638554,0.471299093656,0.364485981308,0.014388489209,0.319727891156,0.27380952381,0.52808988764,0.081081081081,0.347826086957,0.477777777778,0.136363636364,2024,0.7,20,0.086956521739,0,0.82,0
9,2024-03-20,0.42962962963,0.168674698795,0.308157099698,0.429906542056,0.05035971223,0.387755102041,0.297619047619,0.460674157303,0.081081081081,0.434782608696,0.888888888889,0.181818181818,2024,0.7,20,0.217391304348,0,0.96,0
10,2024-03-20,0.330864197531,0.090361445783,0.232628398792,0.439252336449,0.129496402878,0.367346938776,0.321428571429,0.38202247191,0.135135135135,0.521739130435,0.902777777778,0.242424242424,2024,0.7,20,0.521739130435,0,0.96,0
11,2024-03-20,0.291358024691,0.048192771084,0.187311178248,0.429906542056,0.26618705036,0.374149659864,0.333333333333,0.359550561798,0.108108108108,0.565217391304,0.011111111111,0.333333333333,2024,0.7,20,0.695652173913,0,0.97,0
12,2024-03-20,0.207407407407,0.012048192771,0.093655589124,0.252336448598,0.489208633094,0.380952380952,0.392857142857,0.325842696629,0.162162162162,0.608695652174,0.088888888889,0.348484848485,2024,0.7,20,0.782608695652,0,0.93,0
13,2024-03-20,0.192592592593,0.006024096386,0.060422960725,0.177570093458,0.625899280576,0.414965986395,0.404761904762,0.269662921348,0.081081081081,0.695652173913,0.1,0.318181818182,2024,0.7,20,0.913043478261,0,0.96,0
14,2024-03-20,0.2,0.003012048193,0.060422960725,0.177570093458,0.784172661871,0.265306122449,0.261904761905,0.247191011236,0.054054054054,0.739130434783,0.477777777778,0.318181818182,2024,0.7,20,1.0,0,0.97,0
15,2024-03-20,0.187654320988,0.0,0.039274924471,0.121495327103,0.805755395683,0.353741496599,0.404761904762,0.23595505618,0.027027027027,0.739130434783,0.383333333333,0.287878787879,2024,0.7,20,0.95652173913,0,0.96,0
16,2024-03-20,0.207407407407,0.003012048193,0.060422960725,0.18691588785,0.661870503597,0.312925170068,0.333333333333,0.258426966292,0.027027027027,0.739130434783,0.438888888889,0.378787878788,2024,0.7,20,0.869565217391,0,0.93,0
17,2024-03-20,0.18024691358,0.012048192771,0.087613293051,0.233644859813,0.474820143885,0.34693877551,0.297619047619,0.292134831461,0.027027027027,0.695652173913,0.261111111111,0.378787878788,2024,0.7,20,0.826086956522,0,0.96,0
18,2024-03-20,0.187654320988,0.027108433735,0.12084592145,0.289719626168,0.302158273381,0.319727891156,0.25,0.292134831461,0.027027027027,0.695652173913,0.225,0.469696969697,2024,0.7,20,0.739130434783,0,0.96,0
19,2024-03-20,0.19012345679,0.030120481928,0.108761329305,0.233644859813,0.215827338129,0.394557823129,0.214285714286,0.23595505618,0.027027027027,0.695652173913,0.780555555556,0.560606060606,2024,0.7,20,0.652173913043,0,0.94,0
20,2024-03-20,0.222222222222,0.045180722892,0.102719033233,0.18691588785,0.107913669065,0.394557823129,0.22619047619,0.191011235955,0.054054054054,0.652173913043,0.727777777778,0.469696969697,2024,0.7,20,0.608695652174,0,0.98,0
21,2024-03-20,0.185185185185,0.036144578313,0.087613293051,0.158878504673,0.10071942446,0.319727891156,0.190476190476,0.224719101124,0.027027027027,0.608695652174,0.713888888889,0.454545454545,2024,0.7,20,0.565217391304,0,0.99,0
22,2024-03-20,0.244444444444,0.045180722892,0.16918429003,0.373831775701,0.043165467626,0.367346938776,0.142857142857,0.314606741573,0.027027027027,0.565217391304,0.088888888889,0.19696969697,2024,0.7,20,0.478260869565,0,1.0,0
23,2024-03-20,0.279012345679,0.126506024096,0.26586102719,0.429906542056,0.014388489209,0.34693877551,0.22619047619,0.359550561798,0.054054054054,0.521739130435,0.119444444444,0.19696969697,2024,0.7,20,0.434782608696,0,1.0,0
24,2024-03-21,0.175308641975,0.015060240964,0.07250755287,0.177570093458,0.064748201439,0.265306122449,0.297619047619,0.38202247191,0.027027027027,0.478260869565,0.894444444444,0.136363636364,2024,0.7,21,0.391304347826,0,1.0,0
25,2024-03-21,0.251851851852,0.060240963855,0.190332326284,0.401869158879,0.007194244604,0.367346938776,0.190476190476,0.404494382022,0.054054054054,0.434782608696,0.861111111111,0.257575757576,2024,0.7,21,0.347826086957,0,1.0,0
26,2024-03-21,0.234567901235,0.05421686747,0.172205438066,0.364485981308,0.014388489209,0.387755102041,0.22619047619,0.426966292135,0.027027027027,0.434782608696,0.975,0.106060606061,2024,0.7,21,0.304347826087,0,1.0,0
27,2024-03-21,0.244444444444,0.048192771084,0.148036253776,0.299065420561,0.007194244604,0.326530612245,0.238095238095,0.404494382022,0.027027027027,0.391304347826,0.477777777778,0.075757575758,2024,0.7,21,0.260869565217,0,1.0,0
28,2024-03-21,0.269135802469,0.153614457831,0.250755287009,0.299065420561,0.007194244604,0.380952380952,0.369047619048,0.426966292135,0.054054054054,0.391304347826,0.058333333333,0.136363636364,2024,0.7,21,0.173913043478,0,1.0,0
29,2024-03-21,0.234567901235,0.147590361446,0.232628398792,0.252336448598,0.007194244604,0.292517006803,0.297619047619,0.449438202247,0.027027027027,0.347826086957,0.319444444444,0.121212121212,2024,0.7,21,0.130434782609,0,1.0,0
30,2024-03-21,0.325925925926,0.210843373494,0.29003021148,0.242990654206,0.007194244604,0.231292517007,0.214285714286,0.460674157303,0.054054054054,0.304347826087,0.536111111111,0.166666666667,2024,0.7,21,0.04347826087,0,0.99,0
31,2024-03-21,0.350617283951,0.201807228916,0.271903323263,0.214953271028,0.007194244604,0.224489795918,0.214285714286,0.494382022472,0.054054054054,0.304347826087,0.444444444444,0.136363636364,2024,0.7,21,0.0,0,0.97,0
32,2024-03-21,0.407407407407,0.228915662651,0.374622356495,0.457943925234,0.035971223022,0.319727891156,0.154761904762,0.404494382022,0.081081081081,0.391304347826,0.0,0.106060606061,2024,0.7,21,0.217391304348,0,0.97,0
33,2024-03-21,0.375308641975,0.126506024096,0.326283987915,0.607476635514,0.115107913669,0.380952380952,0.333333333333,0.337078651685,0.054054054054,0.478260869565,0.35,0.212121212121,2024,0.7,21,0.521739130435,0,1.0,0
34,2024-03-21,0.288888888889,0.048192771084,0.19335347432,0.448598130841,0.302158273381,0.408163265306,0.416666666667,0.258426966292,0.027027027027,0.565217391304,0.369444444444,0.333333333333,2024,0.7,21,0.695652173913,0,1.0,0
35,2024-03-21,0.185185185185,0.012048192771,0.07250755287,0.196261682243,0.446043165468,0.374149659864,0.369047619048,0.202247191011,0.027027027027,0.652173913043,0.316666666667,0.363636363636,2024,0.7,21,0.782608695652,0,0.97,0
36,2024-03-21,0.153086419753,0.006024096386,0.042296072508,0.11214953271,0.517985611511,0.272108843537,0.297619047619,0.157303370787,0.0,0.739130434783,0.380555555556,0.393939393939,2024,0.7,21,0.913043478261,0,0.98,0
37,2024-03-21,0.162962962963,0.012048192771,0.054380664653,0.140186915888,0.539568345324,0.353741496599,0.404761904762,0.14606741573,0.027027027027,0.782608695652,0.511111111111,0.469696969697,2024,0.7,21,1.0,0,0.94,0
38,2024-03-21,0.17037037037,0.018072289157,0.051359516616,0.11214953271,0.352517985612,0.265306122449,0.178571428571,0.14606741573,0.027027027027,0.826086956522,0.655555555556,0.606060606061,2024,0.7,21,0.95652173913,0,0.97,0
39,2024-03-21,0.185185185185,0.015060240964,0.04833836858,0.102803738318,0.31654676259,0.326530612245,0.261904761905,0.191011235955,0.027027027027,0.782608695652,0.561111111111,0.636363636364,2024,0.7,21,0.869565217391,0,0.95,0
40,2024-03-21,0.192592592593,0.018072289157,0.057401812689,0.11214953271,0.280575539568,0.43537414966,0.285714285714,0.202247191011,0.027027027027,0.782608695652,0.536111111111,0.772727272727,2024,0.7,21,0.826086956522,0,0.98,0
41,2024-03-21,0.182716049383,0.018072289157,0.054380664653,0.11214953271,0.244604316547,0.612244897959,0.285714285714,0.213483146067,0.027027027027,0.739130434783,0.544444444444,0.80303030303,2024,0.7,21,0.739130434783,0,0.92,0
42,2024-03-21,0.214814814815,0.030120481928,0.078549848943,0.158878504673,0.165467625899,0.448979591837,0.333333333333,0.191011235955,0.027027027027,0.695652173913,0.572222222222,0.666666666667,2024,0.7,21,0.652173913043,0,1.0,0
43,2024-03-21,0.244444444444,0.030120481928,0.105740181269,0.233644859813,0.122302158273,0.285714285714,0.190476190476,0.247191011236,0.027027027027,0.652173913043,0.519444444444,0.560606060606,2024,0.7,21,0.608695652174,0,1.0,0
44,2024-03-21,0.214814814815,0.030120481928,0.081570996979,0.158878504673,0.122302158273,0.333333333333,0.261904761905,0.258426966292,0.027027027027,0.608695652174,0.622222222222,0.651515151515,2024,0.7,21,0.565217391304,0,1.0,0
45,2024-03-21,0.195061728395,0.021084337349,0.060422960725,0.130841121495,0.122302158273,0.272108843537,0.285714285714,0.314606741573,0.0,0.521739130435,0.608333333333,0.69696969697,2024,0.7,21,0.478260869565,0,1.0,0
46,2024-03-21,0.182716049383,0.012048192771,0.051359516616,0.121495327103,0.115107913669,0.272108843537,0.261904761905,0.370786516854,0.027027027027,0.478260869565,0.636111111111,0.515151515152,2024,0.7,21,0.434782608696,0,1.0,0
47,2024-03-22,0.286419753086,,,,,0.299319727891,0.333333333333,0.303370786517,,0.478260869565,0.669444444444,0.257575757576,2024,0.7,22,0.391304347826,0,1.0,0
48,2024-03-22,0.2,0.021084337349,0.087613293051,0.205607476636,0.035971223022,0.258503401361,0.297619047619,0.393258426966,0.027027027027,0.434782608696,0.347222222222,0.121212121212,2024,0.7,22,0.347826086957,0,1.0,0
49,2024-03-22,0.23950617284,0.117469879518,0.190332326284,0.224299065421,0.021582733813,0.238095238095,0.238095238095,0.38202247191,0.027027027027,0.391304347826,0.877777777778,0.181818181818,2024,0.7,22,0.304347826087,0,1.0,0
50,2024-03-22,0.155555555556,0.021084337349,0.069486404834,0.14953271028,0.064748201439,0.231292517007,0.25,0.393258426966,0.0,0.391304347826,0.761111111111,0.121212121212,2024,0.7,22,0.260869565217,0,1.0,0
51,2024-03-22,0.185185185185,0.039156626506,0.09667673716,0.168224299065,0.043165467626,0.238095238095,0.309523809524,0.38202247191,0.027027027027,0.347826086957,0.652777777778,0.181818181818,2024,0.7,22,0.173913043478,0,1.0,0
52,2024-03-22,0.261728395062,0.123493975904,0.196374622356,0.224299065421,0.014388489209,0.183673469388,0.214285714286,0.404494382022,0.027027027027,0.304347826087,0.444444444444,0.242424242424,2024,0.7,22,0.130434782609,0,1.0,0
53,2024-03-22,0.288888888889,0.150602409639,0.220543806647,0.205607476636,0.014388489209,0.340136054422,0.404761904762,0.404494382022,0.027027027027,0.260869565217,0.441666666667,0.19696969697,2024,0.7,22,0.04347826087,0,1.0,0
54,2024-03-22,0.424691358025,0.307228915663,0.374622356495,0.214953271028,0.014388489209,0.299319727891,0.297619047619,0.404494382022,0.081081081081,0.260869565217,0.497222222222,0.136363636364,2024,0.7,22,0.0,0,1.0,0
55,2024-03-22,0.6,0.433734939759,0.525679758308,0.280373831776,0.014388489209,0.30612244898,0.297619047619,0.404494382022,0.081081081081,0.304347826087,0.483333333333,0.212121212121,2024,0.7,22,0.086956521739,0,0.86,0
56,2024-03-22,0.617283950617,0.376506024096,0.546827794562,0.523364485981,0.028776978417,0.380952380952,0.321428571429,0.348314606742,0.108108108108,0.391304347826,0.444444444444,0.242424242424,2024,0.7,22,0.217391304348,0,0.89,0
57,2024-03-22,0.259259259259,0.066265060241,0.138972809668,0.214953271028,0.143884892086,0.52380952381,0.428571428571,0.269662921348,0.027027027027,0.565217391304,0.561111111111,0.318181818182,2024,0.7,22,0.521739130435,0,0.98,0
58,2024-03-22,0.224691358025,0.039156626506,0.09667673716,0.177570093458,0.208633093525,0.238095238095,0.261904761905,0.213483146067,0.027027027027,0.608695652174,0.561111111111,0.378787878788,2024,0.7,22,0.695652173913,0,0.98,0
59,2024-03-22,0.155555555556,0.024096385542,0.051359516616,0.07476635514,0.244604316547,0.21768707483,0.178571428571,0.101123595506,0.0,0.695652173913,0.633333333333,0.787878787879,2024,0.7,22,0.782608695652,0,0.96,0
60,2024-03-22,0.150617283951,0.024096385542,0.051359516616,0.084112149533,0.287769784173,0.122448979592,0.059523809524,0.078651685393,0.027027027027,0.782608695652,0.683333333333,0.651515151515,2024,0.7,22,0.913043478261,0,0.97,0
61,2024-03-22,0.17037037037,0.021084337349,0.066465256798,0.130841121495,0.294964028777,0.319727891156,0.27380952381,0.067415730337,0.027027027027,0.782608695652,0.727777777778,0.69696969697,2024,0.7,22,0.739130434783,0,0.97,0
62,2024-03-22,0.217283950617,0.03313253012,0.099697885196,0.196261682243,0.187050359712,0.265306122449,0.202380952381,0.056179775281,0.0,0.739130434783,0.683333333333,0.560606060606,2024,0.7,22,0.652173913043,0,0.9,0
63,2024-03-22,0.320987654321,0.075301204819,0.172205438066,0.289719626168,0.086330935252,0.224489795918,0.190476190476,0.112359550562,0.027027027027,0.695652173913,0.652777777778,0.378787878788,2024,0.7,22,0.608695652174,0,0.94,0
64,2024-03-22,0.232098765432,0.039156626506,0.108761329305,0.214953271028,0.115107913669,0.265306122449,0.261904761905,0.191011235955,0.027027027027,0.608695652174,0.608333333333,0.515151515152,2024,0.7,22,0.565217391304,0,1.0,0
65,2024-03-22,0.251851851852,0.03313253012,0.111782477341,0.242990654206,0.071942446043,0.251700680272,0.202380952381,0.23595505618,0.027027027027,0.565217391304,0.6,0.333333333333,2024,0.7,22,0.478260869565,0,1.0,0
66,2024-03-22,0.288888888889,0.057228915663,0.14501510574,0.271028037383,0.057553956835,0.265306122449,0.261904761905,0.269662921348,0.027027027027,0.521739130435,0.541666666667,0.242424242424,2024,0.7,22,0.434782608696,0,1.0,0
67,2024-03-23,0.167901234568,0.009036144578,0.060422960725,0.158878504673,0.129496402878,0.176870748299,0.190476190476,0.202247191011,0.027027027027,0.478260869565,0.547222222222,0.19696969697,2024,0.7,23,0.391304347826,0,1.0,0
68,2024-03-23,,,,,,0.272108843537,0.285714285714,0.314606741573,,0.434782608696,0.491666666667,0.212121212121,2024,0.7,23,0.347826086957,0,1.0,0
69,2024-03-23,,,,,,0.353741496599,0.428571428571,0.292134831461,,0.391304347826,0.505555555556,0.242424242424,2024,0.7,23,0.304347826087,0,1.0,0
70,2024-03-23,,,,,,0.265306122449,0.202380952381,0.303370786517,,0.347826086957,0.475,0.257575757576,2024,0.7,23,0.260869565217,0,1.0,0
71,2024-03-23,0.256790123457,0.048192771084,0.129909365559,0.252336448598,0.014388489209,0.285714285714,0.261904761905,0.337078651685,0.027027027027,0.304347826087,0.480555555556,0.106060606061,2024,0.7,23,0.173913043478,0,1.0,0
72,2024-03-23,0.276543209877,0.075301204819,0.154078549849,0.242990654206,0.014388489209,0.272108843537,0.238095238095,0.359550561798,0.027027027027,0.304347826087,0.491666666667,0.121212121212,2024,0.7,23,0.130434782609,0,1.0,0
73,2024-03-23,0.335802469136,0.16265060241,0.2416918429,0.252336448598,0.014388489209,0.285714285714,0.25,0.38202247191,0.054054054054,0.260869565217,0.419444444444,,2024,0.7,23,0.04347826087,0,1.0,0
74,2024-03-23,0.404938271605,0.253012048193,0.33836858006,0.261682242991,0.014388489209,0.333333333333,0.309523809524,0.415730337079,0.081081081081,0.260869565217,0.416666666667,0.151515151515,2024,0.7,23,0.0,0,1.0,0
75,2024-03-23,0.432098765432,0.301204819277,0.389728096677,0.271028037383,0.014388489209,0.394557823129,0.392857142857,0.550561797753,0.135135135135,0.260869565217,0.388888888889,0.181818181818,2024,0.7,23,0.086956521739,0,1.0,0
76,2024-03-23,0.338271604938,0.14156626506,0.250755287009,0.336448598131,0.05035971223,0.56462585034,0.428571428571,0.606741573034,0.864864864865,0.304347826087,0.769444444444,0.257575757576,2024,0.7,23,0.217391304348,0,1.0,0
77,2024-03-23,0.306172839506,0.090361445783,0.223564954683,0.411214953271,0.129496402878,0.517006802721,0.52380952381,0.539325842697,1.0,0.391304347826,0.761111111111,0.227272727273,2024,0.7,23,0.521739130435,0,1.0,0
78,2024-03-23,0.266666666667,0.03313253012,0.151057401813,0.364485981308,0.338129496403,0.585034013605,0.642857142857,0.404494382022,0.783783783784,0.478260869565,0.413888888889,0.242424242424,2024,0.7,23,0.695652173913,0,1.0,0
79,2024-03-23,0.264197530864,0.018072289157,0.151057401813,0.411214953271,0.525179856115,0.557823129252,0.642857142857,0.325842696629,0.513513513514,0.565217391304,0.222222222222,0.318181818182,2024,0.7,23,0.782608695652,0,0.99,0
80,2024-03-23,0.207407407407,0.003012048193,0.069486404834,0.196261682243,0.712230215827,0.591836734694,0.714285714286,0.23595505618,0.216216216216,0.652173913043,0.277777777778,0.287878787879,2024,0.7,23,0.913043478261,0,0.99,0
81,2024-03-23,0.197530864198,0.003012048193,0.057401812689,0.168224299065,0.827338129496,0.52380952381,0.630952380952,0.191011235955,0.162162162162,0.739130434783,0.45,0.333333333333,2024,0.7,23,1.0,0,0.88,0
82,2024-03-23,0.153086419753,0.003012048193,0.045317220544,0.121495327103,0.697841726619,0.462585034014,0.511904761905,0.157303370787,0.081081081081,0.782608695652,0.244444444444,0.393939393939,2024,0.7,23,0.95652173913,0,1.0,0
83,2024-03-23,0.145679012346,0.006024096386,0.04833836858,0.140186915888,0.575539568345,0.489795918367,0.464285714286,0.14606741573,0.054054054054,0.782608695652,0.280555555556,0.560606060606,2024,0.7,23,0.869565217391,0,0.95,0
84,2024-03-23,0.130864197531,0.006024096386,0.039274924471,0.102803738318,0.489208633094,0.462585034014,0.25,0.14606741573,0.027027027027,0.782608695652,0.283333333333,0.606060606061,2024,0.7,23,0.826086956522,0,0.98,0
85,2024-03-23,0.150617283951,0.009036144578,0.051359516616,0.130841121495,0.36690647482,0.448979591837,0.214285714286,0.14606741573,0.027027027027,0.782608695652,0.447222222222,,2024,0.7,23,0.739130434783,0,1.0,0
86,2024-03-23,0.16049382716,0.009036144578,0.051359516616,0.130841121495,0.26618705036,0.448979591837,0.214285714286,0.157303370787,0.027027027027,0.739130434783,0.502777777778,0.560606060606,2024,0.7,23,0.652173913043,0,1.0,0
87,2024-03-23,0.185185185185,0.024096385542,0.081570996979,0.177570093458,0.172661870504,0.278911564626,0.166666666667,0.168539325843,0.027027027027,0.652173913043,0.611111111111,,2024,0.7,23,0.608695652174,0,0.97,0
88,2024-03-23,0.162962962963,0.015060240964,0.057401812689,0.121495327103,0.187050359712,0.251700680272,0.166666666667,0.157303370787,0.027027027027,0.565217391304,0.663888888889,0.606060606061,2024,0.7,23,0.565217391304,0,1.0,0
89,2024-03-23,0.165432098765,0.015060240964,0.060422960725,0.140186915888,0.158273381295,0.272108843537,0.202380952381,0.179775280899,0.027027027027,0.521739130435,0.708333333333,0.515151515152,2024,0.7,23,0.478260869565,0,1.0,0
90,2024-03-23,0.162962962963,0.012048192771,0.051359516616,0.121495327103,0.165467625899,0.190476190476,0.119047619048,0.179775280899,0.027027027027,0.521739130435,0.675,0.469696969697,2024,0.7,23,0.434782608696,0,1.0,0
91,2024-03-24,0.266666666667,0.066265060241,0.190332326284,0.383177570093,0.021582733813,0.292517006803,0.333333333333,0.168539325843,0.027027027027,0.347826086957,0.425,0.166666666667,2024,0.7,24,0.391304347826,0,1.0,0
92,2024-03-24,0.212345679012,0.096385542169,0.190332326284,0.289719626168,0.05035971223,0.176870748299,0.178571428571,0.213483146067,0.027027027027,0.434782608696,0.977777777778,0.166666666667,2024,0.7,24,0.347826086957,0,1.0,0
93,2024-03-24,0.283950617284,0.075301204819,0.178247734139,0.317757009346,0.043165467626,0.190476190476,0.202380952381,0.202247191011,0.027027027027,0.391304347826,0.636111111111,0.227272727273,2024,0.7,24,0.304347826087,0,1.0,0
94,2024-03-24,0.372839506173,0.147590361446,0.256797583082,0.336448598131,0.014388489209,0.197278911565,0.202380952381,0.269662921348,0.027027027027,0.347826086957,0.513888888889,0.166666666667,2024,0.7,24,0.260869565217,0,1.0,0
95,2024-03-24,0.330864197531,0.153614457831,0.253776435045,0.308411214953,0.021582733813,0.190476190476,0.190476190476,0.292134831461,0.027027027027,0.304347826087,0.377777777778,0.19696969697,2024,0.7,24,0.173913043478,0,1.0,0
96,2024-03-24,0.182716049383,0.051204819277,0.135951661631,0.261682242991,0.043165467626,0.12925170068,0.095238095238,0.292134831461,0.027027027027,0.304347826087,0.305555555556,0.19696969697,2024,0.7,24,0.130434782609,0,1.0,0
97,2024-03-24,0.172839506173,0.030120481928,0.111782477341,0.252336448598,0.057553956835,0.115646258503,0.107142857143,0.247191011236,0.0,0.304347826087,0.433333333333,0.212121212121,2024,0.7,24,0.04347826087,0,1.0,0
98,2024-03-24,0.22962962963,0.174698795181,0.274924471299,0.299065420561,0.028776978417,0.034013605442,,0.258426966292,0.027027027027,0.260869565217,0.297222222222,0.136363636364,2024,0.7,24,0.0,0,1.0,0
99,2024-03-24,0.316049382716,0.168674698795,0.274924471299,0.327102803738,0.028776978417,0.108843537415,0.047619047619,0.23595505618,0.027027027027,0.304347826087,0.344444444444,0.257575757576,2024,0.7,24,0.086956521739,0,1.0,0
100,2024-03-24,0.264197530864,0.096385542169,0.181268882175,0.271028037383,0.122302158273,0.197278911565,0.130952380952,0.213483146067,0.027027027027,0.391304347826,0.430555555556,0.287878787879,2024,0.7,24,0.217391304348,0,1.0,0
101,2024-03-24,0.096296296296,0.003012048193,0.009063444109,0.018691588785,0.338129496403,0.190476190476,0.107142857143,0.078651685393,0.0,0.565217391304,0.333333333333,0.515151515152,2024,0.7,24,0.521739130435,0,1.0,0
102,2024-03-24,0.096296296296,0.003012048193,0.006042296073,0.009345794393,0.388489208633,0.231292517007,0.047619047619,0.067415730337,0.0,0.652173913043,0.338888888889,0.378787878788,2024,0.7,24,0.695652173913,0,1.0,0
103,2024-03-24,0.118518518519,0.009036144578,0.027190332326,0.056074766355,0.424460431655,0.333333333333,0.083333333333,0.033707865169,0.0,0.739130434783,0.622222222222,0.378787878788,2024,0.7,24,0.782608695652,0,1.0,0
104,2024-03-24,0.128395061728,0.009036144578,0.027190332326,0.056074766355,0.467625899281,0.231292517007,,0.022471910112,0.027027027027,0.826086956522,0.686111111111,0.681818181818,2024,0.7,24,0.913043478261,0,1.0,0
105,2024-03-24,0.145679012346,0.006024096386,0.027190332326,0.065420560748,0.482014388489,0.251700680272,0.142857142857,0.044943820225,0.027027027027,0.826086956522,0.711111111111,0.69696969697,2024,0.7,24,1.0,0,1.0,0
106,2024-03-24,0.133333333333,0.006024096386,0.02416918429,0.056074766355,0.474820143885,0.421768707483,0.357142857143,0.067415730337,0.027027027027,0.826086956522,0.647222222222,0.590909090909,2024,0.7,24,0.95652173913,0,0.97,0
107,2024-03-24,0.150617283951,0.006024096386,0.030211480363,0.07476635514,0.482014388489,0.680272108844,0.345238095238,0.044943820225,0.027027027027,0.869565217391,0.636111111111,0.772727272727,2024,0.7,24,0.869565217391,0,1.0,0
108,2024-03-24,0.140740740741,0.006024096386,0.027190332326,0.065420560748,0.410071942446,0.56462585034,0.380952380952,0.056179775281,0.027027027027,0.826086956522,0.538888888889,0.757575757576,2024,0.7,24,0.826086956522,0,1.0,0
109,2024-03-24,0.130864197531,0.003012048193,0.018126888218,0.046728971963,0.388489208633,0.612244897959,0.297619047619,0.067415730337,0.027027027027,0.739130434783,0.486111111111,0.636363636364,2024,0.7,24,0.739130434783,0,1.0,0
110,2024-03-24,0.172839506173,0.006024096386,0.039274924471,0.102803738318,0.36690647482,0.47619047619,0.238095238095,0.078651685393,0.027027027027,0.695652173913,0.630555555556,0.515151515152,2024,0.7,24,0.652173913043,0,1.0,0
111,2024-03-24,0.185185185185,0.003012048193,0.04833836858,0.140186915888,0.26618705036,0.557823129252,0.452380952381,0.101123595506,0.027027027027,0.608695652174,0.516666666667,0.363636363636,2024,0.7,24,0.608695652174,0,1.0,0
112,2024-03-24,0.16049382716,0.0,0.04833836858,0.140186915888,0.230215827338,0.401360544218,0.357142857143,0.123595505618,0.0,0.478260869565,0.441666666667,0.30303030303,2024,0.7,24,0.565217391304,0,1.0,0
113,2024-03-24,0.175308641975,0.0,0.057401812689,0.177570093458,0.187050359712,0.299319727891,0.285714285714,0.14606741573,0.0,0.434782608696,0.419444444444,0.212121212121,2024,0.7,24,0.478260869565,0,1.0,0
114,2024-03-24,0.244444444444,0.042168674699,0.157099697885,0.355140186916,0.064748201439,0.265306122449,0.261904761905,0.157303370787,0.027027027027,0.391304347826,0.341666666667,0.121212121212,2024,0.7,24,0.434782608696,0,1.0,0
115,2024-03-25,0.249382716049,0.042168674699,0.138972809668,0.299065420561,0.05035971223,0.244897959184,0.285714285714,0.134831460674,0.027027027027,0.347826086957,0.441666666667,0.19696969697,2024,0.7,25,0.391304347826,0,1.0,0
116,2024-03-25,0.276543209877,0.045180722892,0.148036253776,0.317757009346,0.05035971223,0.238095238095,0.238095238095,0.179775280899,0.027027027027,0.347826086957,0.552777777778,0.212121212121,2024,0.7,25,0.347826086957,0,1.0,0
117,2024-03-25,0.212345679012,0.012048192771,0.087613293051,0.233644859813,0.10071942446,0.326530612245,0.357142857143,0.168539325843,0.0,0.304347826087,0.475,0.227272727273,2024,0.7,25,0.304347826087,0,1.0,0
118,2024-03-25,0.214814814815,0.012048192771,0.108761329305,0.299065420561,0.043165467626,0.367346938776,0.488095238095,0.202247191011,0.0,0.260869565217,0.352777777778,0.19696969697,2024,0.7,25,0.260869565217,0,1.0,0
119,2024-03-25,0.204938271605,0.027108433735,0.12084592145,0.289719626168,0.057553956835,0.170068027211,0.119047619048,0.224719101124,0.0,0.217391304348,0.458333333333,0.212121212121,2024,0.7,25,0.173913043478,0,1.0,0
120,2024-03-25,0.162962962963,0.009036144578,0.078549848943,0.214953271028,0.10071942446,0.244897959184,0.25,0.213483146067,0.0,0.217391304348,0.452777777778,0.257575757576,2024,0.7,25,0.130434782609,0,1.0,0
121,2024-03-25,0.261728395062,0.093373493976,0.187311178248,0.289719626168,0.028776978417,0.272108843537,0.297619047619,0.247191011236,0.027027027027,0.173913043478,0.525,0.166666666667,2024,0.7,25,0.04347826087,0,1.0,0
122,2024-03-25,0.427160493827,0.262048192771,0.36253776435,0.308411214953,0.021582733813,0.21768707483,0.25,0.247191011236,0.054054054054,0.173913043478,,0.257575757576,2024,0.7,25,0.0,0,1.0,0
123,2024-03-25,0.355555555556,0.174698795181,0.274924471299,0.308411214953,0.028776978417,0.272108843537,0.27380952381,0.23595505618,0.054054054054,0.173913043478,0.45,0.272727272727,2024,0.7,25,0.086956521739,0,0.99,0
124,2024-03-25,0.501234567901,0.373493975904,0.522658610272,0.448598130841,0.021582733813,0.272108843537,0.22619047619,0.224719101124,0.081081081081,0.260869565217,0.166666666667,0.257575757576,2024,0.7,25,0.217391304348,0,0.98,0
125,2024-03-25,0.479012345679,0.310240963855,0.504531722054,0.598130841121,0.035971223022,0.455782312925,0.452380952381,0.157303370787,0.081081081081,0.391304347826,0.986111111111,0.242424242424,2024,0.7,25,0.521739130435,0,0.96,0
126,2024-03-25,0.37037037037,0.159638554217,0.341389728097,0.560747663551,0.10071942446,0.469387755102,0.416666666667,0.078651685393,0.054054054054,0.565217391304,0.947222222222,0.19696969697,2024,0.7,25,0.695652173913,0,0.97,0
127,2024-03-25,0.234567901235,0.045180722892,0.135951661631,0.280373831776,0.287769784173,0.462585034014,0.369047619048,0.011235955056,0.027027027027,0.652173913043,0.722222222222,0.333333333333,2024,0.7,25,0.782608695652,0,0.99,0
128,2024-03-25,0.202469135802,0.021084337349,0.084592145015,0.196261682243,0.381294964029,0.455782312925,0.357142857143,0.011235955056,0.027027027027,0.739130434783,0.672222222222,0.575757575758,2024,0.7,25,0.913043478261,0,0.96,0
129,2024-03-25,0.165432098765,0.018072289157,0.054380664653,0.102803738318,0.381294964029,0.530612244898,0.285714285714,0.011235955056,0.027027027027,0.782608695652,0.669444444444,0.651515151515,2024,0.7,25,0.95652173913,0,0.99,0
130,2024-03-25,0.167901234568,0.015060240964,0.04833836858,0.102803738318,0.36690647482,0.585034013605,0.345238095238,0.011235955056,0.027027027027,0.739130434783,0.694444444444,0.727272727273,2024,0.7,25,0.869565217391,0,1.0,0
131,2024-03-25,0.195061728395,0.018072289157,0.066465256798,0.14953271028,0.359712230216,0.56462585034,0.309523809524,0.011235955056,0.027027027027,0.739130434783,0.666666666667,0.636363636364,2024,0.7,25,0.826086956522,0,0.99,0
132,2024-03-25,0.204938271605,0.021084337349,0.075528700906,0.168224299065,0.302158273381,0.700680272109,0.5,0.011235955056,0.027027027027,0.652173913043,0.602777777778,0.606060606061,2024,0.7,25,0.739130434783,0,0.92,0
133,2024-03-25,0.214814814815,0.018072289157,0.084592145015,0.205607476636,0.237410071942,0.557823129252,0.428571428571,0.022471910112,0.027027027027,0.565217391304,0.488888888889,0.469696969697,2024,0.7,25,0.652173913043,0,0.98,0
134,2024-03-25,0.212345679012,0.009036144578,0.081570996979,0.224299065421,0.215827338129,0.333333333333,0.297619047619,0.033707865169,0.027027027027,0.521739130435,0.447222222222,0.378787878788,2024,0.7,25,0.608695652174,0,0.79,0
135,2024-03-25,0.246913580247,0.03313253012,0.123867069486,0.280373831776,0.151079136691,0.326530612245,0.321428571429,0.056179775281,0.027027027027,0.521739130435,0.644444444444,0.424242424242,2024,0.7,25,0.565217391304,0,0.8,0
136,2024-03-25,0.158024691358,0.015060240964,0.054380664653,0.121495327103,0.230215827338,0.30612244898,0.321428571429,0.089887640449,0.027027027027,0.478260869565,0.719444444444,0.560606060606,2024,0.7,25,0.478260869565,0,1.0,0
137,2024-03-25,0.18024691358,0.012048192771,0.069486404834,0.177570093458,0.158273381295,0.21768707483,0.22619047619,0.101123595506,0.027027027027,0.391304347826,0.652777777778,0.287878787879,2024,0.7,25,0.434782608696,0,1.0,0
138,2024-03-26,0.323456790123,0.066265060241,0.208459214502,0.439252336449,0.028776978417,0.299319727891,0.369047619048,0.123595505618,0.027027027027,0.391304347826,0.413888888889,0.136363636364,2024,0.7,26,0.391304347826,0,1.0,0
139,2024-03-26,0.345679012346,0.117469879518,0.232628398792,0.355140186916,0.028776978417,0.224489795918,0.25,0.112359550562,0.054054054054,0.304347826087,0.425,0.19696969697,2024,0.7,26,0.347826086957,0,1.0,0
140,2024-03-26,0.343209876543,0.16265060241,0.274924471299,0.355140186916,0.028776978417,0.380952380952,0.428571428571,0.134831460674,0.054054054054,0.260869565217,0.625,0.166666666667,2024,0.7,26,0.304347826087,0,1.0,0
141,2024-03-26,0.350617283951,0.150602409639,0.259818731118,0.336448598131,0.028776978417,0.448979591837,0.559523809524,0.168539325843,0.054054054054,0.260869565217,0.558333333333,0.181818181818,2024,0.7,26,0.260869565217,0,1.0,0
142,2024-03-26,0.261728395062,0.066265060241,0.166163141994,0.308411214953,0.021582733813,0.414965986395,0.488095238095,0.191011235955,0.027027027027,0.217391304348,0.45,0.257575757576,2024,0.7,26,0.173913043478,0,1.0,0
143,2024-03-26,0.234567901235,0.036144578313,0.117824773414,0.252336448598,0.043165467626,0.455782312925,0.595238095238,0.202247191011,0.027027027027,0.173913043478,0.513888888889,0.30303030303,2024,0.7,26,0.130434782609,0,1.0,0
144,2024-03-26,0.320987654321,0.144578313253,0.238670694864,0.299065420561,0.021582733813,0.401360544218,0.547619047619,0.213483146067,0.027027027027,0.173913043478,0.525,0.19696969697,2024,0.7,26,0.04347826087,0,1.0,0
145,2024-03-26,0.80987654321,0.626506024096,0.737160120846,0.336448598131,0.028776978417,0.421768707483,0.583333333333,0.23595505618,0.135135135135,0.173913043478,0.616666666667,0.136363636364,2024,0.7,26,0.0,0,1.0,0
146,2024-03-26,0.883950617284,0.656626506024,0.779456193353,0.373831775701,0.028776978417,0.469387755102,0.547619047619,0.247191011236,0.135135135135,0.173913043478,0.494444444444,0.19696969697,2024,0.7,26,0.086956521739,0,0.97,0
147,2024-03-26,0.40987654321,0.177710843373,0.302114803625,0.383177570093,0.071942446043,0.591836734694,0.642857142857,0.179775280899,0.054054054054,0.260869565217,0.45,,2024,0.7,26,0.217391304348,0,0.98,0
148,2024-03-26,0.38024691358,0.078313253012,0.244712990937,0.514018691589,0.194244604317,0.367346938776,0.357142857143,0.123595505618,0.027027027027,0.391304347826,0.425,0.257575757576,2024,0.7,26,0.521739130435,0,0.9,0
149,2024-03-26,0.266666666667,0.024096385542,0.138972809668,0.355140186916,0.410071942446,0.489795918367,0.559523809524,0.056179775281,0.027027027027,0.521739130435,0.347222222222,0.287878787879,2024,0.7,26,0.695652173913,0,0.98,0
150,2024-03-26,0.167901234568,0.009036144578,0.051359516616,0.130841121495,0.517985611511,0.482993197279,0.47619047619,0.011235955056,0.0,0.652173913043,0.330555555556,0.363636363636,2024,0.7,26,0.782608695652,0,1.0,0
151,2024-03-26,0.143209876543,0.006024096386,0.042296072508,0.11214953271,0.568345323741,0.326530612245,0.309523809524,0.0,0.0,0.739130434783,0.327777777778,0.424242424242,2024,0.7,26,0.913043478261,0,0.9,0
152,2024-03-26,0.167901234568,0.009036144578,0.045317220544,0.11214953271,0.561151079137,0.224489795918,0.214285714286,0.0,0.027027027027,0.782608695652,0.663888888889,0.560606060606,2024,0.7,26,1.0,0,0.95,0
153,2024-03-26,0.19012345679,0.012048192771,0.054380664653,0.140186915888,0.517985611511,0.517006802721,0.440476190476,0.022471910112,0.027027027027,0.826086956522,0.619444444444,0.636363636364,2024,0.7,26,0.95652173913,0,0.96,0
154,2024-03-26,0.214814814815,0.012048192771,0.060422960725,0.14953271028,0.482014388489,0.591836734694,0.416666666667,0.044943820225,0.027027027027,0.826086956522,,0.727272727273,2024,0.7,26,0.869565217391,0,0.96,0
155,2024-03-26,0.224691358025,0.015060240964,0.075528700906,0.18691588785,0.410071942446,0.578231292517,0.678571428571,0.044943820225,0.027027027027,0.826086956522,0.566666666667,0.727272727273,2024,0.7,26,0.826086956522,0,0.95,0
156,2024-03-26,0.22962962963,0.015060240964,0.078549848943,0.196261682243,0.402877697842,0.489795918367,0.559523809524,0.056179775281,0.027027027027,0.739130434783,0.591666666667,0.69696969697,2024,0.7,26,0.739130434783,0,1.0,0
157,2024-03-26,0.214814814815,0.003012048193,0.066465256798,0.18691588785,0.41726618705,0.442176870748,0.488095238095,0.101123595506,0.027027027027,0.652173913043,0.463888888889,0.575757575758,2024,0.7,26,0.652173913043,0,0.97,0
158,2024-03-26,0.232098765432,0.009036144578,0.084592145015,0.233644859813,0.31654676259,0.462585034014,0.464285714286,0.101123595506,0.027027027027,0.565217391304,0.497222222222,0.651515151515,2024,0.7,26,0.608695652174,0,0.99,0
159,2024-03-26,0.311111111111,0.036144578313,0.163141993958,0.392523364486,0.158273381295,0.340136054422,0.345238095238,0.112359550562,0.027027027027,0.521739130435,0.555555555556,0.424242424242,2024,0.7,26,0.565217391304,0,1.0,0
160,2024-03-26,0.323456790123,0.027108433735,0.157099697885,0.392523364486,0.10071942446,0.319727891156,0.333333333333,0.101123595506,0.027027027027,0.478260869565,0.519444444444,0.393939393939,2024,0.7,26,0.478260869565,0,0.98,0
161,2024-03-26,0.296296296296,0.015060240964,0.141993957704,0.383177570093,0.071942446043,0.360544217687,0.440476190476,0.101123595506,0.027027027027,0.434782608696,0.444444444444,0.181818181818,2024,0.7,26,0.434782608696,0,1.0,0
162,2024-03-27,0.111111111111,0.009036144578,0.078549848943,0.214953271028,0.115107913669,0.69387755102,0.440476190476,0.494382022472,0.135135135135,0.347826086957,0.838888888889,0.606060606061,2024,0.7,27,0.391304347826,0,1.0,0
163,2024-03-27,0.348148148148,0.10843373494,0.253776435045,0.448598130841,0.028776978417,0.244897959184,0.27380952381,0.157303370787,0.027027027027,0.347826086957,0.336111111111,0.106060606061,2024,0.7,27,0.347826086957,0,1.0,0
164,2024-03-27,0.338271604938,0.120481927711,0.268882175227,0.457943925234,0.021582733813,0.30612244898,0.369047619048,0.157303370787,0.054054054054,0.304347826087,0.333333333333,0.257575757576,2024,0.7,27,0.304347826087,0,1.0,0
165,2024-03-27,0.340740740741,0.120481927711,0.26586102719,0.448598130841,0.021582733813,0.312925170068,0.345238095238,0.168539325843,0.027027027027,0.260869565217,0.558333333333,0.136363636364,2024,0.7,27,0.260869565217,0,1.0,0
166,2024-03-27,0.367901234568,0.150602409639,0.29003021148,0.429906542056,0.021582733813,0.312925170068,0.380952380952,0.202247191011,0.027027027027,0.260869565217,0.991666666667,0.106060606061,2024,0.7,27,0.173913043478,0,1.0,0
167,2024-03-27,0.471604938272,0.277108433735,0.413897280967,0.420560747664,0.028776978417,0.30612244898,0.369047619048,0.23595505618,0.081081081081,0.217391304348,0.591666666667,0.151515151515,2024,0.7,27,0.130434782609,0,1.0,0
168,2024-03-27,0.567901234568,0.512048192771,0.649546827795,0.420560747664,0.028776978417,0.34693877551,0.464285714286,0.258426966292,0.108108108108,0.173913043478,0.952777777778,0.121212121212,2024,0.7,27,0.04347826087,0,1.0,0
169,2024-03-27,0.893827160494,0.75,0.888217522659,0.420560747664,0.043165467626,0.448979591837,0.52380952381,0.247191011236,0.189189189189,0.173913043478,0.8,0.136363636364,2024,0.7,27,0.0,0,1.0,0
170,2024-03-27,0.950617283951,0.834337349398,1.0,0.504672897196,0.043165467626,0.680272108844,0.833333333333,0.258426966292,0.216216216216,0.173913043478,0.108333333333,0.106060606061,2024,0.7,27,0.086956521739,0,0.98,0
171,2024-03-27,0.686419753086,0.605421686747,0.818731117825,0.654205607477,0.043165467626,0.789115646259,0.964285714286,0.191011235955,0.189189189189,0.260869565217,0.077777777778,0.257575757576,2024,0.7,27,0.217391304348,0,0.98,0
172,2024-03-27,0.404938271605,0.153614457831,0.365558912387,0.654205607477,0.122302158273,0.823129251701,1.0,0.123595505618,0.108108108108,0.347826086957,0.127777777778,0.242424242424,2024,0.7,27,0.521739130435,0,0.92,0
173,2024-03-27,0.232098765432,0.057228915663,0.202416918429,0.448598130841,0.273381294964,0.659863945578,0.845238095238,0.089887640449,0.081081081081,0.478260869565,0.263888888889,0.272727272727,2024,0.7,27,0.695652173913,0,0.95,0
174,2024-03-27,,,,,,0.462585034014,0.607142857143,0.022471910112,,0.608695652174,0.116666666667,0.318181818182,2024,0.7,27,0.782608695652,0,0.96,0
175,2024-03-27,,,,,,,,0.0,,0.695652173913,0.994444444444,0.363636363636,2024,0.7,27,0.913043478261,0,0.94,0
176,2024-03-27,,,,,,,,0.0,,0.782608695652,0.902777777778,0.30303030303,2024,0.7,27,1.0,0,0.95,0
177,2024-03-27,,,,,,,,0.0,,0.782608695652,0.175,0.318181818182,2024,0.7,27,0.95652173913,0,0.97,0
178,2024-03-27,,,,,,,,0.0,,0.826086956522,0.733333333333,0.348484848485,2024,0.7,27,0.869565217391,0,0.96,0
179,2024-03-27,0.162962962963,0.006024096386,0.087613293051,0.252336448598,0.884892086331,0.340136054422,0.416666666667,0.0,0.054054054054,0.826086956522,0.991666666667,0.318181818182,2024,0.7,27,0.826086956522,0,0.97,0
180,2024-03-27,0.128395061728,0.0,0.063444108761,0.196261682243,0.877697841727,0.414965986395,0.52380952381,0.011235955056,0.054054054054,0.826086956522,0.261111111111,0.378787878788,2024,0.7,27,0.739130434783,0,0.98,0
181,2024-03-27,0.195061728395,0.0,0.075528700906,0.233644859813,0.568345323741,0.448979591837,0.511904761905,0.067415730337,0.027027027027,0.739130434783,0.394444444444,0.454545454545,2024,0.7,27,0.652173913043,0,0.98,0
182,2024-03-27,0.212345679012,0.003012048193,0.111782477341,0.336448598131,0.41726618705,0.625850340136,0.666666666667,0.078651685393,0.027027027027,0.652173913043,0.297222222222,0.424242424242,2024,0.7,27,0.608695652174,0,0.98,0
183,2024-03-27,0.162962962963,0.024096385542,0.181268882175,0.485981308411,0.201438848921,0.578231292517,0.642857142857,0.112359550562,0.054054054054,0.565217391304,0.125,0.545454545455,2024,0.7,27,0.565217391304,0,1.0,0
184,2024-03-27,0.241975308642,0.027108433735,0.132930513595,0.327102803738,0.115107913669,0.673469387755,0.619047619048,0.258426966292,0.054054054054,0.478260869565,0.944444444444,0.439393939394,2024,0.7,27,0.478260869565,0,1.0,0
185,2024-03-27,0.148148148148,0.012048192771,0.099697885196,0.271028037383,0.115107913669,0.65306122449,0.547619047619,0.38202247191,0.054054054054,0.434782608696,0.811111111111,0.590909090909,2024,0.7,27,0.434782608696,0,1.0,0
186,2024-03-28,0.130864197531,,,,,0.340136054422,0.190476190476,0.561797752809,,0.304347826087,,0.378787878788,2024,0.7,28,0.391304347826,0,1.0,0
187,2024-03-28,0.108641975309,0.006024096386,0.066465256798,0.18691588785,0.122302158273,0.605442176871,0.392857142857,0.573033707865,0.594594594595,0.304347826087,0.836111111111,0.515151515152,2024,0.7,28,0.347826086957,0,1.0,0
188,2024-03-28,0.108641975309,0.006024096386,0.081570996979,0.233644859813,0.079136690647,0.462585034014,0.369047619048,0.651685393258,0.783783783784,0.217391304348,0.813888888889,0.469696969697,2024,0.7,28,0.304347826087,0,1.0,0
189,2024-03-28,0.093827160494,0.006024096386,0.066465256798,0.18691588785,0.107913669065,0.408163265306,0.345238095238,0.685393258427,0.621621621622,0.173913043478,0.786111111111,0.424242424242,2024,0.7,28,0.260869565217,0,1.0,0
190,2024-03-28,0.088888888889,0.003012048193,0.054380664653,0.14953271028,0.129496402878,0.414965986395,0.416666666667,0.696629213483,0.567567567568,0.173913043478,0.805555555556,0.318181818182,2024,0.7,28,0.173913043478,0,1.0,0
191,2024-03-28,0.101234567901,0.006024096386,0.04833836858,0.140186915888,0.122302158273,0.360544217687,0.357142857143,0.730337078652,0.567567567568,0.173913043478,0.783333333333,0.333333333333,2024,0.7,28,0.130434782609,0,1.0,0
192,2024-03-28,0.143209876543,0.021084337349,0.078549848943,0.18691588785,0.079136690647,0.387755102041,0.416666666667,0.76404494382,0.783783783784,0.130434782609,0.777777777778,0.318181818182,2024,0.7,28,0.04347826087,0,1.0,0
193,2024-03-28,0.172839506173,0.042168674699,0.117824773414,0.233644859813,0.05035971223,0.428571428571,0.47619047619,0.775280898876,0.810810810811,0.130434782609,0.738888888889,0.19696969697,2024,0.7,28,0.0,0,1.0,0
194,2024-03-28,0.217283950617,0.186746987952,0.308157099698,0.364485981308,0.021582733813,0.414965986395,0.464285714286,0.730337078652,0.405405405405,0.086956521739,0.25,0.242424242424,2024,0.7,28,0.086956521739,0,1.0,0
195,2024-03-28,0.234567901235,0.135542168675,0.259818731118,0.383177570093,0.057553956835,0.448979591837,0.47619047619,0.685393258427,0.432432432432,0.173913043478,0.258333333333,0.166666666667,2024,0.7,28,0.217391304348,0,0.99,0
196,2024-03-28,0.212345679012,0.057228915663,0.157099697885,0.308411214953,0.187050359712,0.510204081633,0.547619047619,0.606741573034,0.486486486486,0.260869565217,0.833333333333,0.212121212121,2024,0.7,28,0.521739130435,0,1.0,0
197,2024-03-28,0.202469135802,0.039156626506,0.163141993958,0.383177570093,0.280575539568,0.52380952381,0.571428571429,0.505617977528,0.405405405405,0.347826086957,0.125,0.227272727273,2024,0.7,28,0.695652173913,0,0.97,0
198,2024-03-28,0.197530864198,0.03313253012,0.16918429003,0.429906542056,0.410071942446,0.659863945578,0.77380952381,0.38202247191,0.27027027027,0.434782608696,0.086111111111,0.272727272727,2024,0.7,28,0.782608695652,0,1.0,0
199,2024-03-28,0.138271604938,0.009036144578,0.087613293051,0.242990654206,0.604316546763,0.65306122449,0.785714285714,0.280898876404,0.216216216216,0.521739130435,0.222222222222,0.333333333333,2024,0.7,28,0.913043478261,0,0.97,0
200,2024-03-28,0.106172839506,0.003012048193,0.045317220544,0.121495327103,0.719424460432,0.639455782313,0.738095238095,0.179775280899,0.135135135135,0.652173913043,0.247222222222,0.348484848485,2024,0.7,28,1.0,0,0.94,0
201,2024-03-28,0.138271604938,0.0,0.045317220544,0.130841121495,0.834532374101,0.469387755102,0.559523809524,0.157303370787,0.108108108108,0.695652173913,0.480555555556,0.318181818182,2024,0.7,28,0.95652173913,0,0.97,0
202,2024-03-28,0.162962962963,0.003012048193,0.051359516616,0.158878504673,0.841726618705,0.578231292517,0.678571428571,0.14606741573,0.108108108108,0.739130434783,0.488888888889,0.378787878788,2024,0.7,28,0.869565217391,0,0.97,0
203,2024-03-28,0.106172839506,0.0,0.02416918429,0.07476635514,0.690647482014,0.503401360544,0.52380952381,0.123595505618,0.054054054054,0.739130434783,0.377777777778,0.560606060606,2024,0.7,28,0.826086956522,0,0.99,0
204,2024-03-28,0.145679012346,0.0,0.039274924471,0.121495327103,0.618705035971,0.619047619048,0.511904761905,0.134831460674,0.054054054054,0.695652173913,0.413888888889,0.606060606061,2024,0.7,28,0.739130434783,0,0.96,0
205,2024-03-28,0.143209876543,0.012048192771,0.07250755287,0.196261682243,0.309352517986,0.680272108844,0.666666666667,0.292134831461,0.054054054054,0.608695652174,0.883333333333,0.69696969697,2024,0.7,28,0.652173913043,0,0.99,0
206,2024-03-28,0.138271604938,0.012048192771,0.078549848943,0.205607476636,0.194244604317,0.809523809524,0.345238095238,0.38202247191,0.027027027027,0.521739130435,0.919444444444,0.5,2024,0.7,28,0.608695652174,0,0.97,0
207,2024-03-28,0.113580246914,0.009036144578,0.054380664653,0.140186915888,0.187050359712,0.863945578231,0.285714285714,0.449438202247,0.054054054054,0.434782608696,0.875,0.560606060606,2024,0.7,28,0.565217391304,0,1.0,0
208,2024-03-28,0.106172839506,0.006024096386,0.042296072508,0.102803738318,0.194244604317,0.503401360544,0.214285714286,0.505617977528,0.054054054054,0.347826086957,0.844444444444,0.439393939394,2024,0.7,28,0.478260869565,0,1.0,0
209,2024-03-28,0.123456790123,0.009036144578,0.069486404834,0.18691588785,0.129496402878,0.367346938776,0.190476190476,0.52808988764,0.081081081081,0.347826086957,0.775,0.257575757576,2024,0.7,28,0.434782608696,0,1.0,0
210,2024-03-29,0.18024691358,0.021084337349,0.111782477341,0.289719626168,0.086330935252,0.190476190476,0.202380952381,0.23595505618,0.027027027027,0.434782608696,0.591666666667,0.227272727273,2024,0.7,29,0.391304347826,0,1.0,0
211,2024-03-29,,,,,,0.34693877551,0.202380952381,0.584269662921,,0.260869565217,0.838888888889,0.227272727273,2024,0.7,29,0.347826086957,0,1.0,0
212,2024-03-29,,,,,,0.326530612245,0.238095238095,0.606741573034,,0.217391304348,0.741666666667,0.121212121212,2024,0.7,29,0.304347826087,0,1.0,0
213,2024-03-29,,,,,,0.312925170068,0.261904761905,0.629213483146,,0.173913043478,0.344444444444,0.121212121212,2024,0.7,29,0.260869565217,0,1.0,0
214,2024-03-29,0.145679012346,0.027108433735,0.111782477341,0.261682242991,0.0,0.30612244898,0.22619047619,0.662921348315,0.054054054054,0.173913043478,0.302777777778,0.075757575758,2024,0.7,29,0.173913043478,0,1.0,0
215,2024-03-29,0.145679012346,0.048192771084,0.138972809668,0.271028037383,0.014388489209,0.265306122449,0.238095238095,0.685393258427,0.081081081081,0.130434782609,0.261111111111,0.166666666667,2024,0.7,29,0.130434782609,0,1.0,0
216,2024-03-29,0.17037037037,0.105421686747,0.202416918429,0.299065420561,0.007194244604,0.319727891156,0.25,0.719101123596,0.135135135135,0.086956521739,0.269444444444,0.151515151515,2024,0.7,29,0.04347826087,0,1.0,0
217,2024-03-29,0.251851851852,0.21686746988,0.31419939577,0.299065420561,0.007194244604,0.340136054422,0.261904761905,0.730337078652,0.135135135135,0.086956521739,0.002777777778,0.060606060606,2024,0.7,29,0.0,0,1.0,0
218,2024-03-29,0.212345679012,0.147590361446,0.229607250755,0.252336448598,0.021582733813,0.367346938776,0.309523809524,0.696629213483,0.216216216216,0.130434782609,0.075,0.166666666667,2024,0.7,29,0.086956521739,0,1.0,0
219,2024-03-29,0.227160493827,0.14156626506,0.250755287009,0.336448598131,0.057553956835,0.360544217687,0.27380952381,0.606741573034,0.162162162162,0.217391304348,0.238888888889,0.212121212121,2024,0.7,29,0.217391304348,0,0.99,0
220,2024-03-29,0.182716049383,0.084337349398,0.202416918429,0.364485981308,0.165467625899,0.469387755102,0.392857142857,0.52808988764,0.135135135135,0.304347826087,0.188888888889,0.212121212121,2024,0.7,29,0.521739130435,0,1.0,0
221,2024-03-29,0.16049382716,0.03313253012,0.14501510574,0.345794392523,0.359712230216,0.496598639456,0.440476190476,0.370786516854,0.108108108108,0.434782608696,0.155555555556,0.257575757576,2024,0.7,29,0.695652173913,0,1.0,0
222,2024-03-29,0.103703703704,0.006024096386,0.04833836858,0.130841121495,0.525179856115,0.510204081633,0.571428571429,0.213483146067,0.054054054054,0.565217391304,0.313888888889,0.333333333333,2024,0.7,29,0.782608695652,0,0.99,0
223,2024-03-29,0.093827160494,0.003012048193,0.027190332326,0.084112149533,0.676258992806,0.238095238095,0.27380952381,0.14606741573,0.027027027027,0.652173913043,0.322222222222,0.318181818182,2024,0.7,29,0.913043478261,0,0.98,0
224,2024-03-29,0.091358024691,0.0,0.018126888218,0.056074766355,0.791366906475,0.278911564626,0.357142857143,0.112359550562,0.054054054054,0.695652173913,0.536111111111,0.318181818182,2024,0.7,29,1.0,0,1.0,0
225,2024-03-29,0.098765432099,0.0,0.021148036254,0.065420560748,0.812949640288,0.319727891156,0.416666666667,0.089887640449,0.054054054054,0.739130434783,0.580555555556,0.378787878788,2024,0.7,29,0.95652173913,0,1.0,0
226,2024-03-29,0.091358024691,0.0,0.018126888218,0.056074766355,0.827338129496,0.272108843537,0.345238095238,0.089887640449,0.054054054054,0.782608695652,,0.348484848485,2024,0.7,29,0.869565217391,0,0.97,0
227,2024-03-29,0.098765432099,0.0,0.02416918429,0.07476635514,0.762589928058,0.238095238095,0.285714285714,0.089887640449,0.054054054054,0.782608695652,0.441666666667,0.424242424242,2024,0.7,29,0.826086956522,0,0.92,0
228,2024-03-29,0.120987654321,0.0,0.018126888218,0.056074766355,0.604316546763,0.299319727891,0.369047619048,0.168539325843,0.054054054054,0.782608695652,0.480555555556,0.560606060606,2024,0.7,29,0.739130434783,0,0.81,0
229,2024-03-29,0.130864197531,0.0,0.018126888218,0.056074766355,0.482014388489,0.448979591837,0.488095238095,0.247191011236,0.027027027027,0.652173913043,0.475,0.666666666667,2024,0.7,29,0.652173913043,0,0.78,0
230,2024-03-29,0.130864197531,0.0,0.021148036254,0.065420560748,0.460431654676,0.517006802721,0.5,0.280898876404,0.027027027027,0.608695652174,0.458333333333,0.530303030303,2024,0.7,29,0.608695652174,0,0.85,0
231,2024-03-29,0.138271604938,0.0,0.030211480363,0.102803738318,0.395683453237,0.455782312925,0.47619047619,0.292134831461,0.027027027027,0.521739130435,0.466666666667,0.424242424242,2024,0.7,29,0.565217391304,0,1.0,0
232,2024-03-29,0.138271604938,0.003012048193,0.054380664653,0.158878504673,0.244604316547,0.374149659864,0.416666666667,0.23595505618,0.027027027027,0.521739130435,0.513888888889,0.378787878788,2024,0.7,29,0.478260869565,0,1.0,0
233,2024-03-29,0.153086419753,0.009036144578,0.078549848943,0.205607476636,0.143884892086,0.285714285714,0.297619047619,0.202247191011,0.027027027027,0.478260869565,0.619444444444,0.287878787879,2024,0.7,29,0.434782608696,0,1.0,0
234,2024-03-30,0.246913580247,0.018072289157,0.117824773414,0.308411214953,0.10071942446,0.367346938776,0.428571428571,0.314606741573,0.054054054054,0.478260869565,,0.166666666667,2024,0.7,30,0.391304347826,0,1.0,0
235,2024-03-30,0.296296296296,0.10843373494,0.229607250755,0.373831775701,0.014388489209,0.224489795918,0.261904761905,0.280898876404,0.027027027027,0.391304347826,0.608333333333,0.121212121212,2024,0.7,30,0.347826086957,0,1.0,0
236,2024-03-30,0.303703703704,0.132530120482,0.253776435045,0.383177570093,0.007194244604,0.231292517007,0.25,0.314606741573,0.027027027027,0.347826086957,0.361111111111,0.19696969697,2024,0.7,30,0.304347826087,0,1.0,0
237,2024-03-30,0.23950617284,0.042168674699,0.157099697885,0.355140186916,0.014388489209,0.285714285714,0.297619047619,0.325842696629,0.027027027027,0.347826086957,0.558333333333,0.151515151515,2024,0.7,30,0.260869565217,0,1.0,0
238,2024-03-30,0.232098765432,0.018072289157,0.114803625378,0.299065420561,0.05035971223,0.265306122449,0.309523809524,0.404494382022,0.027027027027,0.260869565217,0.475,0.166666666667,2024,0.7,30,0.173913043478,0,1.0,0
239,2024-03-30,0.197530864198,0.012048192771,0.090634441088,0.252336448598,0.071942446043,0.394557823129,0.428571428571,0.415730337079,0.027027027027,0.260869565217,0.513888888889,0.257575757576,2024,0.7,30,0.130434782609,0,1.0,0
240,2024-03-30,0.17037037037,0.006024096386,0.07250755287,0.205607476636,0.10071942446,0.387755102041,0.440476190476,0.415730337079,0.027027027027,0.217391304348,0.458333333333,0.166666666667,2024,0.7,30,0.04347826087,0,1.0,0
241,2024-03-30,0.301234567901,0.129518072289,0.232628398792,0.317757009346,0.014388489209,0.326530612245,0.380952380952,0.438202247191,0.054054054054,0.217391304348,0.502777777778,0.106060606061,2024,0.7,30,0.0,0,1.0,0
242,2024-03-30,0.325925925926,0.114457831325,0.211480362538,0.299065420561,0.035971223022,0.401360544218,0.452380952381,0.415730337079,0.054054054054,0.260869565217,0.45,0.181818181818,2024,0.7,30,0.086956521739,0,1.0,0
243,2024-03-30,0.308641975309,0.105421686747,0.229607250755,0.383177570093,0.086330935252,0.469387755102,0.52380952381,0.38202247191,0.054054054054,0.347826086957,0.527777777778,0.19696969697,2024,0.7,30,0.217391304348,0,1.0,0
244,2024-03-30,0.22962962963,0.036144578313,0.151057401813,0.355140186916,0.280575539568,0.503401360544,0.547619047619,0.314606741573,0.027027027027,0.434782608696,0.158333333333,0.19696969697,2024,0.7,30,0.521739130435,0,1.0,0
245,2024-03-30,0.150617283951,0.018072289157,0.090634441088,0.233644859813,0.410071942446,0.455782312925,0.511904761905,0.224719101124,0.054054054054,0.521739130435,0.0,0.212121212121,2024,0.7,30,0.695652173913,0,1.0,0
246,2024-03-30,0.111111111111,0.006024096386,0.042296072508,0.11214953271,0.489208633094,0.312925170068,0.404761904762,0.168539325843,0.027027027027,0.608695652174,0.841666666667,0.318181818182,2024,0.7,30,0.782608695652,0,1.0,0
247,2024-03-30,0.101234567901,0.003012048193,0.033232628399,0.093457943925,0.676258992806,0.258503401361,0.357142857143,0.14606741573,0.081081081081,0.695652173913,0.080555555556,0.287878787879,2024,0.7,30,0.913043478261,0,1.0,0
248,2024-03-30,0.103703703704,0.003012048193,0.030211480363,0.093457943925,0.762589928058,0.183673469388,0.178571428571,0.134831460674,0.108108108108,0.739130434783,0.530555555556,0.30303030303,2024,0.7,30,1.0,0,0.99,0
249,2024-03-30,0.111111111111,0.003012048193,0.045317220544,0.130841121495,0.769784172662,0.170068027211,0.178571428571,0.123595505618,0.081081081081,0.739130434783,0.619444444444,0.318181818182,2024,0.7,30,0.95652173913,0,1.0,0
250,2024-03-30,0.106172839506,0.0,0.027190332326,0.084112149533,0.812949640288,0.30612244898,0.369047619048,0.123595505618,0.081081081081,0.782608695652,0.680555555556,0.318181818182,2024,0.7,30,0.869565217391,0,1.0,0
251,2024-03-30,0.098765432099,0.0,0.021148036254,0.065420560748,0.877697841727,0.34693877551,0.404761904762,0.112359550562,0.081081081081,0.782608695652,0.463888888889,0.30303030303,2024,0.7,30,0.826086956522,0,1.0,0
252,2024-03-30,0.106172839506,0.0,0.021148036254,0.065420560748,0.705035971223,0.340136054422,0.452380952381,0.168539325843,0.162162162162,0.739130434783,0.363888888889,0.469696969697,2024,0.7,30,0.739130434783,0,1.0,0
253,2024-03-30,0.182716049383,0.0,0.039274924471,0.121495327103,0.575539568345,0.605442176871,0.666666666667,0.292134831461,0.108108108108,0.608695652174,0.466666666667,0.515151515152,2024,0.7,30,0.608695652174,0,1.0,0
254,2024-03-30,0.222222222222,0.0,0.057401812689,0.177570093458,0.453237410072,0.666666666667,0.821428571429,0.303370786517,0.108108108108,0.565217391304,0.416666666667,0.272727272727,2024,0.7,30,0.565217391304,0,1.0,0
255,2024-03-30,0.19012345679,0.003012048193,0.07250755287,0.205607476636,0.323741007194,0.714285714286,0.964285714286,0.280898876404,0.108108108108,0.521739130435,0.6,0.242424242424,2024,0.7,30,0.478260869565,0,0.99,0
256,2024-03-30,0.172839506173,0.006024096386,0.063444108761,0.177570093458,0.215827338129,0.469387755102,0.583333333333,0.292134831461,0.054054054054,0.521739130435,0.641666666667,0.333333333333,2024,0.7,30,0.434782608696,0,1.0,0
257,2024-03-31,0.150617283951,0.006024096386,0.063444108761,0.18691588785,0.172661870504,0.299319727891,0.357142857143,0.303370786517,0.027027027027,0.478260869565,0.586111111111,0.257575757576,2024,0.7,31,0.391304347826,0,1.0,0
258,2024-03-31,0.182716049383,0.012048192771,0.07250755287,0.18691588785,0.165467625899,0.421768707483,0.511904761905,0.314606741573,0.054054054054,0.478260869565,0.744444444444,0.287878787879,2024,0.7,31,0.347826086957,0,1.0,0
259,2024-03-31,0.140740740741,0.006024096386,0.054380664653,0.14953271028,0.172661870504,0.401360544218,0.52380952381,0.303370786517,0.054054054054,0.434782608696,0.841666666667,0.257575757576,2024,0.7,31,0.304347826087,0,1.0,0
260,2024-03-31,0.204938271605,0.012048192771,0.099697885196,0.271028037383,0.079136690647,0.333333333333,0.321428571429,0.348314606742,0.054054054054,0.391304347826,0.65,0.136363636364,2024,0.7,31,0.260869565217,0,1.0,0
261,2024-03-31,0.276543209877,0.006024096386,0.123867069486,0.364485981308,0.071942446043,0.367346938776,0.416666666667,0.38202247191,0.081081081081,0.347826086957,0.5,0.106060606061,2024,0.7,31,0.173913043478,0,1.0,0
262,2024-03-31,0.281481481481,0.006024096386,0.117824773414,0.355140186916,0.057553956835,0.544217687075,0.654761904762,0.404494382022,0.081081081081,0.304347826087,0.466666666667,0.121212121212,2024,0.7,31,0.130434782609,0,1.0,0
263,2024-03-31,0.279012345679,0.027108433735,0.14501510574,0.364485981308,0.028776978417,0.578231292517,0.678571428571,0.426966292135,0.054054054054,0.304347826087,0.491666666667,0.166666666667,2024,0.7,31,0.04347826087,0,1.0,0
264,2024-03-31,0.330864197531,0.156626506024,0.280966767372,0.383177570093,0.007194244604,0.510204081633,0.630952380952,0.426966292135,0.081081081081,0.260869565217,0.302777777778,0.136363636364,2024,0.7,31,0.0,0,1.0,0
265,2024-03-31,0.402469135802,0.35843373494,0.504531722054,0.448598130841,0.014388489209,0.537414965986,0.630952380952,0.370786516854,0.135135135135,0.304347826087,0.405555555556,0.045454545455,2024,0.7,31,0.086956521739,0,1.0,0
266,2024-03-31,0.348148148148,0.096385542169,0.244712990937,0.467289719626,0.129496402878,0.52380952381,0.511904761905,0.370786516854,0.081081081081,0.391304347826,0.491666666667,0.136363636364,2024,0.7,31,0.217391304348,0,1.0,0
267,2024-03-31,0.261728395062,0.024096385542,0.129909365559,0.327102803738,0.352517985612,0.625850340136,0.738095238095,0.314606741573,0.081081081081,0.478260869565,0.261111111111,0.19696969697,2024,0.7,31,0.521739130435,0,1.0,0
268,2024-03-31,0.19012345679,0.027108433735,0.151057401813,0.383177570093,0.388489208633,0.551020408163,0.690476190476,0.247191011236,0.081081081081,0.565217391304,0.166666666667,0.257575757576,2024,0.7,31,0.695652173913,0,1.0,0
269,2024-03-31,0.120987654321,0.015060240964,0.069486404834,0.177570093458,0.482014388489,0.530612244898,0.666666666667,0.179775280899,0.054054054054,0.608695652174,0.961111111111,0.287878787879,2024,0.7,31,0.782608695652,0,1.0,0
270,2024-03-31,0.093827160494,0.003012048193,0.027190332326,0.07476635514,0.597122302158,0.333333333333,0.416666666667,0.168539325843,0.081081081081,0.695652173913,0.488888888889,,2024,0.7,31,0.913043478261,0,1.0,0
271,2024-03-31,0.083950617284,0.0,0.012084592145,0.028037383178,0.654676258993,0.251700680272,0.297619047619,0.168539325843,0.162162162162,0.739130434783,0.361111111111,0.378787878788,2024,0.7,31,1.0,0,1.0,0
272,2024-03-31,0.096296296296,0.0,0.015105740181,0.046728971963,0.68345323741,0.285714285714,0.333333333333,0.157303370787,0.216216216216,0.739130434783,0.438888888889,0.333333333333,2024,0.7,31,0.95652173913,0,1.0,0
273,2024-03-31,0.093827160494,0.0,0.012084592145,0.03738317757,0.712230215827,0.394557823129,0.488095238095,0.157303370787,0.162162162162,0.782608695652,0.444444444444,0.409090909091,2024,0.7,31,0.869565217391,0,1.0,0
274,2024-03-31,0.113580246914,0.0,0.02416918429,0.07476635514,0.669064748201,0.34693877551,0.392857142857,0.168539325843,0.108108108108,0.782608695652,0.508333333333,0.348484848485,2024,0.7,31,0.826086956522,0,1.0,0
275,2024-03-31,0.125925925926,0.0,0.012084592145,0.046728971963,0.561151079137,0.408163265306,0.464285714286,0.224719101124,0.054054054054,0.739130434783,0.441666666667,0.590909090909,2024,0.7,31,0.739130434783,0,1.0,0
276,2024-03-31,0.125925925926,0.0,0.018126888218,0.065420560748,0.460431654676,0.517006802721,0.595238095238,0.224719101124,0.027027027027,0.695652173913,0.455555555556,0.606060606061,2024,0.7,31,0.652173913043,0,0.99,0
277,2024-03-31,0.155555555556,0.0,0.039274924471,0.121495327103,0.36690647482,0.462585034014,0.5,0.258426966292,0.027027027027,0.608695652174,0.461111111111,0.409090909091,2024,0.7,31,0.608695652174,0,1.0,0
278,2024-03-31,0.162962962963,0.0,0.057401812689,0.177570093458,0.294964028777,0.408163265306,0.452380952381,0.292134831461,0.027027027027,0.565217391304,0.455555555556,0.287878787879,2024,0.7,31,0.565217391304,0,1.0,0
279,2024-03-31,0.197530864198,0.003012048193,0.078549848943,0.233644859813,0.215827338129,0.367346938776,0.404761904762,0.303370786517,0.027027027027,0.565217391304,0.508333333333,0.212121212121,2024,0.7,31,0.478260869565,0,0.95,0
280,2024-03-31,0.2,0.012048192771,0.087613293051,0.242990654206,0.151079136691,0.353741496599,0.440476190476,0.303370786517,0.027027027027,0.521739130435,0.622222222222,,2024,0.7,31,0.434782608696,0,1.0,0
281,2024-04-01,0.093827160494,0.003012048193,0.027190332326,0.07476635514,0.223021582734,0.183673469388,0.154761904762,0.280898876404,0.027027027027,0.478260869565,0.594444444444,0.5,2024,0.9,1,0.391304347826,0,1.0,0
282,2024-04-01,0.155555555556,0.009036144578,0.084592145015,0.233644859813,0.122302158273,0.210884353741,0.214285714286,0.314606741573,0.027027027027,0.478260869565,0.605555555556,0.242424242424,2024,0.9,1,0.347826086957,0,1.0,0
283,2024-04-01,0.140740740741,0.009036144578,0.087613293051,0.242990654206,0.107913669065,0.258503401361,0.309523809524,0.348314606742,0.027027027027,0.434782608696,0.608333333333,0.212121212121,2024,0.9,1,0.304347826087,0,1.0,0
284,2024-04-01,0.118518518519,0.003012048193,0.04833836858,0.14953271028,0.172661870504,0.21768707483,0.261904761905,0.348314606742,0.027027027027,0.391304347826,0.561111111111,0.287878787879,2024,0.9,1,0.260869565217,0,1.0,0
285,2024-04-01,0.145679012346,0.003012048193,0.078549848943,0.233644859813,0.115107913669,0.244897959184,0.261904761905,0.38202247191,0.027027027027,0.347826086957,0.469444444444,0.318181818182,2024,0.9,1,0.173913043478,0,1.0,0
286,2024-04-01,0.098765432099,0.003012048193,0.042296072508,0.121495327103,0.187050359712,0.292517006803,0.333333333333,0.359550561798,0.027027027027,0.391304347826,0.555555555556,0.378787878788,2024,0.9,1,0.130434782609,0,1.0,0
287,2024-04-01,0.195061728395,0.048192771084,0.148036253776,0.308411214953,0.021582733813,0.204081632653,0.238095238095,0.415730337079,0.027027027027,0.304347826087,0.438888888889,0.19696969697,2024,0.9,1,0.04347826087,0,1.0,0
288,2024-04-01,0.318518518519,0.183734939759,0.287009063444,0.317757009346,0.007194244604,0.299319727891,0.321428571429,0.393258426966,0.054054054054,0.304347826087,0.491666666667,0.151515151515,2024,0.9,1,0.0,0,1.0,0
289,2024-04-01,0.496296296296,0.472891566265,0.607250755287,0.411214953271,0.007194244604,0.278911564626,0.285714285714,0.404494382022,0.135135135135,0.304347826087,0.297222222222,0.166666666667,2024,0.9,1,0.086956521739,0,0.99,0
290,2024-04-01,0.422222222222,0.298192771084,0.507552870091,0.635514018692,0.043165467626,0.557823129252,0.47619047619,0.359550561798,0.108108108108,0.391304347826,0.311111111111,,2024,0.9,1,0.217391304348,0,1.0,0
291,2024-04-01,0.251851851852,0.066265060241,0.19335347432,0.392523364486,0.201438848921,0.489795918367,0.5,0.280898876404,0.027027027027,0.521739130435,0.466666666667,0.212121212121,2024,0.9,1,0.521739130435,0,0.98,0
292,2024-04-01,0.143209876543,0.018072289157,0.084592145015,0.205607476636,0.36690647482,0.360544217687,0.369047619048,0.213483146067,0.027027027027,0.608695652174,0.244444444444,0.333333333333,2024,0.9,1,0.695652173913,0,0.98,0
293,2024-04-01,0.096296296296,0.006024096386,0.036253776435,0.093457943925,0.467625899281,0.224489795918,0.214285714286,0.14606741573,0.027027027027,0.695652173913,0.325,0.378787878788,2024,0.9,1,0.782608695652,0,0.96,0
294,2024-04-01,0.076543209877,0.003012048193,0.012084592145,0.03738317757,0.532374100719,0.258503401361,0.238095238095,0.123595505618,0.0,0.739130434783,0.372222222222,0.469696969697,2024,0.9,1,0.913043478261,0,0.99,0
295,2024-04-01,0.079012345679,0.003012048193,0.02416918429,0.065420560748,0.604316546763,0.224489795918,0.202380952381,0.112359550562,0.027027027027,0.782608695652,0.263888888889,0.378787878788,2024,0.9,1,1.0,0,0.96,0
296,2024-04-01,0.106172839506,0.006024096386,0.039274924471,0.102803738318,0.546762589928,0.265306122449,0.25,0.112359550562,0.027027027027,0.826086956522,0.702777777778,0.5,2024,0.9,1,0.95652173913,0,1.0,0
297,2024-04-01,0.120987654321,0.009036144578,0.036253776435,0.093457943925,0.460431654676,0.367346938776,0.333333333333,0.112359550562,0.027027027027,0.826086956522,0.675,0.454545454545,2024,0.9,1,0.869565217391,0,0.94,0
298,2024-04-01,0.138271604938,0.009036144578,0.054380664653,0.140186915888,0.438848920863,0.387755102041,0.285714285714,0.157303370787,0.027027027027,0.826086956522,0.522222222222,0.651515151515,2024,0.9,1,0.826086956522,0,0.98,0
299,2024-04-01,0.113580246914,0.003012048193,0.027190332326,0.07476635514,0.424460431655,0.52380952381,0.321428571429,0.213483146067,0.027027027027,0.739130434783,0.463888888889,0.833333333333,2024,0.9,1,0.739130434783,0,0.98,0
300,2024-04-01,0.116049382716,0.003012048193,0.033232628399,0.102803738318,0.323741007194,0.571428571429,0.333333333333,0.213483146067,0.027027027027,0.695652173913,0.466666666667,0.681818181818,2024,0.9,1,0.652173913043,0,0.98,0
301,2024-04-01,0.155555555556,0.021084337349,0.075528700906,0.168224299065,0.179856115108,0.414965986395,0.345238095238,0.213483146067,0.027027027027,0.652173913043,0.641666666667,0.651515151515,2024,0.9,1,0.608695652174,0,0.99,0
302,2024-04-01,0.120987654321,0.012048192771,0.054380664653,0.121495327103,0.194244604317,0.333333333333,0.214285714286,0.258426966292,0.027027027027,0.565217391304,0.613888888889,0.69696969697,2024,0.9,1,0.565217391304,0,1.0,0
303,2024-04-01,0.106172839506,0.009036144578,0.042296072508,0.102803738318,0.208633093525,0.30612244898,0.22619047619,0.269662921348,0.027027027027,0.521739130435,0.622222222222,0.636363636364,2024,0.9,1,0.478260869565,0,0.96,0
304,2024-04-01,0.091358024691,0.006024096386,0.030211480363,0.07476635514,0.237410071942,0.224489795918,0.178571428571,0.292134831461,0.027027027027,0.521739130435,0.611111111111,0.606060606061,2024,0.9,1,0.434782608696,0,1.0,0
305,2024-04-02,0.244444444444,0.030120481928,0.132930513595,0.317757009346,0.028776978417,0.258503401361,0.285714285714,0.314606741573,0.027027027027,0.478260869565,0.391666666667,0.212121212121,2024,0.9,2,0.391304347826,0,1.0,0
306,2024-04-02,0.074074074074,0.003012048193,0.033232628399,0.084112149533,0.208633093525,0.122448979592,0.107142857143,0.247191011236,0.027027027027,0.478260869565,0.572222222222,0.333333333333,2024,0.9,2,0.347826086957,0,1.0,0
307,2024-04-02,0.066666666667,0.003012048193,0.027190332326,0.07476635514,0.237410071942,0.142857142857,0.202380952381,0.280898876404,0.027027027027,0.434782608696,0.627777777778,0.378787878788,2024,0.9,2,0.304347826087,0,1.0,0
308,2024-04-02,0.091358024691,0.003012048193,0.04833836858,0.130841121495,0.172661870504,0.142857142857,0.166666666667,0.303370786517,0.027027027027,0.391304347826,0.547222222222,0.318181818182,2024,0.9,2,0.260869565217,0,1.0,0
309,2024-04-02,0.16049382716,0.030120481928,0.12084592145,0.280373831776,0.028776978417,0.190476190476,0.214285714286,0.337078651685,0.027027027027,0.347826086957,0.530555555556,0.227272727273,2024,0.9,2,0.173913043478,0,1.0,0
310,2024-04-02,0.140740740741,0.021084337349,0.102719033233,0.252336448598,0.035971223022,0.21768707483,0.202380952381,0.38202247191,0.027027027027,0.304347826087,0.438888888889,0.242424242424,2024,0.9,2,0.130434782609,0,1.0,0
311,2024-04-02,0.192592592593,0.078313253012,0.172205438066,0.289719626168,0.021582733813,0.265306122449,0.261904761905,0.359550561798,0.027027027027,0.304347826087,0.519444444444,0.272727272727,2024,0.9,2,0.04347826087,0,1.0,0
312,2024-04-02,0.313580246914,0.213855421687,0.305135951662,0.280373831776,0.014388489209,0.265306122449,0.27380952381,0.38202247191,0.054054054054,0.260869565217,0.436111111111,0.227272727273,2024,0.9,2,0.0,0,1.0,0
313,2024-04-02,0.365432098765,0.225903614458,0.323262839879,0.299065420561,0.021582733813,0.30612244898,0.27380952381,0.370786516854,0.054054054054,0.304347826087,0.463888888889,0.212121212121,2024,0.9,2,0.086956521739,0,1.0,0
314,2024-04-02,0.308641975309,0.135542168675,0.2416918429,0.327102803738,0.093525179856,0.394557823129,0.357142857143,0.337078651685,0.054054054054,0.434782608696,0.438888888889,0.242424242424,2024,0.9,2,0.217391304348,0,0.97,0
315,2024-04-02,0.18024691358,0.03313253012,0.111782477341,0.242990654206,0.26618705036,0.421768707483,0.333333333333,0.247191011236,0.027027027027,0.521739130435,0.325,0.257575757576,2024,0.9,2,0.521739130435,0,0.98,0
316,2024-04-02,0.128395061728,0.015060240964,0.07250755287,0.177570093458,0.359712230216,0.326530612245,0.285714285714,0.168539325843,0.027027027027,0.652173913043,0.336111111111,0.333333333333,2024,0.9,2,0.695652173913,0,0.97,0
317,2024-04-02,0.101234567901,0.012048192771,0.051359516616,0.121495327103,0.402877697842,0.278911564626,0.261904761905,0.101123595506,0.027027027027,0.739130434783,0.344444444444,0.348484848485,2024,0.9,2,0.782608695652,0,0.99,0
318,2024-04-02,0.093827160494,0.006024096386,0.036253776435,0.084112149533,0.489208633094,0.251700680272,0.214285714286,0.078651685393,0.027027027027,0.782608695652,0.363888888889,0.318181818182,2024,0.9,2,0.913043478261,0,0.97,0
319,2024-04-02,0.086419753086,0.006024096386,0.027190332326,0.07476635514,0.510791366906,0.251700680272,0.25,0.078651685393,0.027027027027,0.826086956522,0.336111111111,0.439393939394,2024,0.9,2,1.0,0,0.99,0
320,2024-04-02,0.093827160494,0.006024096386,0.030211480363,0.084112149533,0.489208633094,0.285714285714,0.178571428571,0.112359550562,0.027027027027,0.826086956522,0.286111111111,0.727272727273,2024,0.9,2,0.95652173913,0,0.98,0
321,2024-04-02,0.116049382716,0.003012048193,0.030211480363,0.084112149533,0.525179856115,0.625850340136,0.22619047619,0.168539325843,0.027027027027,0.826086956522,0.35,0.681818181818,2024,0.9,2,0.869565217391,0,0.96,0
322,2024-04-02,0.145679012346,0.003012048193,0.033232628399,0.093457943925,0.503597122302,0.789115646259,0.392857142857,0.202247191011,0.054054054054,0.826086956522,0.433333333333,0.772727272727,2024,0.9,2,0.826086956522,0,0.97,0
323,2024-04-02,0.135802469136,0.0,0.030211480363,0.093457943925,0.41726618705,0.734693877551,0.488095238095,0.224719101124,0.027027027027,0.739130434783,0.441666666667,0.727272727273,2024,0.9,2,0.739130434783,0,0.98,0
324,2024-04-02,0.172839506173,0.015060240964,0.069486404834,0.168224299065,0.273381294964,0.598639455782,0.452380952381,0.247191011236,0.027027027027,0.695652173913,0.480555555556,0.621212121212,2024,0.9,2,0.652173913043,0,0.96,0
325,2024-04-02,0.214814814815,0.039156626506,0.111782477341,0.224299065421,0.136690647482,0.428571428571,0.345238095238,0.23595505618,0.027027027027,0.652173913043,0.588888888889,0.560606060606,2024,0.9,2,0.608695652174,0,0.99,0
326,2024-04-02,0.153086419753,0.027108433735,0.078549848943,0.158878504673,0.129496402878,0.394557823129,0.333333333333,0.269662921348,0.027027027027,0.565217391304,0.636111111111,0.575757575758,2024,0.9,2,0.565217391304,0,1.0,0
327,2024-04-02,0.118518518519,0.018072289157,0.060422960725,0.130841121495,0.129496402878,0.272108843537,0.178571428571,0.247191011236,0.027027027027,0.565217391304,0.588888888889,0.560606060606,2024,0.9,2,0.478260869565,0,0.99,0
328,2024-04-02,0.197530864198,0.036144578313,0.108761329305,0.224299065421,0.057553956835,0.210884353741,0.166666666667,0.258426966292,0.027027027027,0.521739130435,0.491666666667,0.287878787879,2024,0.9,2,0.434782608696,0,1.0,0
329,2024-04-03,0.086419753086,,,,,0.142857142857,0.107142857143,0.325842696629,,0.478260869565,0.780555555556,0.424242424242,2024,0.9,3,0.391304347826,0,1.0,0
330,2024-04-03,0.249382716049,0.066265060241,0.163141993958,0.299065420561,0.014388489209,0.380952380952,0.392857142857,0.325842696629,0.027027027027,0.434782608696,0.555555555556,0.151515151515,2024,0.9,3,0.347826086957,0,1.0,0
331,2024-04-03,0.148148148148,0.024096385542,0.087613293051,0.196261682243,0.057553956835,0.319727891156,0.345238095238,0.348314606742,0.027027027027,0.391304347826,0.6,0.212121212121,2024,0.9,3,0.304347826087,0,1.0,0
332,2024-04-03,0.167901234568,0.039156626506,0.117824773414,0.242990654206,0.021582733813,0.210884353741,0.25,0.370786516854,0.027027027027,0.347826086957,0.516666666667,0.19696969697,2024,0.9,3,0.260869565217,0,1.0,0
333,2024-04-03,0.177777777778,0.03313253012,0.105740181269,0.224299065421,0.021582733813,0.197278911565,0.202380952381,0.370786516854,0.027027027027,0.304347826087,0.441666666667,0.287878787879,2024,0.9,3,0.173913043478,0,1.0,0
334,2024-04-03,0.155555555556,0.039156626506,0.105740181269,0.205607476636,0.014388489209,0.238095238095,0.238095238095,0.337078651685,0.027027027027,0.304347826087,0.488888888889,0.257575757576,2024,0.9,3,0.130434782609,0,1.0,0
335,2024-04-03,0.291358024691,0.21686746988,0.29003021148,0.224299065421,0.014388489209,0.197278911565,0.190476190476,0.359550561798,0.054054054054,0.260869565217,0.536111111111,0.19696969697,2024,0.9,3,0.04347826087,0,1.0,0
336,2024-04-03,0.454320987654,0.364457831325,0.438066465257,0.224299065421,0.014388489209,0.285714285714,0.261904761905,0.38202247191,0.081081081081,0.260869565217,0.505555555556,0.151515151515,2024,0.9,3,0.0,0,1.0,0
337,2024-04-03,0.533333333333,0.397590361446,0.495468277946,0.299065420561,0.014388489209,0.312925170068,0.25,0.370786516854,0.108108108108,0.304347826087,0.55,0.19696969697,2024,0.9,3,0.086956521739,0,0.97,0
338,2024-04-03,0.358024691358,0.19578313253,0.323262839879,0.401869158879,0.05035971223,0.374149659864,0.25,0.314606741573,0.054054054054,0.391304347826,0.463888888889,0.19696969697,2024,0.9,3,0.217391304348,0,0.98,0
339,2024-04-03,0.274074074074,0.084337349398,0.235649546828,0.467289719626,0.165467625899,0.367346938776,0.297619047619,0.269662921348,0.054054054054,0.478260869565,0.283333333333,0.212121212121,2024,0.9,3,0.521739130435,0,0.85,0
340,2024-04-03,0.18024691358,0.042168674699,0.141993957704,0.308411214953,0.287769784173,0.360544217687,0.333333333333,0.191011235955,0.027027027027,0.608695652174,0.202777777778,0.257575757576,2024,0.9,3,0.695652173913,0,0.97,0
341,2024-04-03,0.118518518519,0.009036144578,0.045317220544,0.11214953271,0.424460431655,0.30612244898,0.321428571429,0.168539325843,0.027027027027,0.695652173913,0.375,0.333333333333,2024,0.9,3,0.782608695652,0,0.97,0
342,2024-04-03,0.103703703704,0.006024096386,0.033232628399,0.084112149533,0.467625899281,0.272108843537,0.297619047619,0.168539325843,0.027027027027,0.782608695652,0.472222222222,0.545454545455,2024,0.9,3,0.913043478261,0,0.99,0
343,2024-04-03,0.111111111111,0.012048192771,0.039274924471,0.084112149533,0.388489208633,0.340136054422,0.321428571429,0.202247191011,0.027027027027,0.782608695652,0.466666666667,0.606060606061,2024,0.9,3,1.0,0,0.96,0
344,2024-04-03,0.140740740741,0.012048192771,0.045317220544,0.11214953271,0.330935251799,0.47619047619,0.27380952381,0.247191011236,0.027027027027,0.739130434783,0.480555555556,0.772727272727,2024,0.9,3,0.95652173913,0,1.0,0
345,2024-04-03,0.155555555556,0.018072289157,0.057401812689,0.11214953271,0.273381294964,0.469387755102,0.238095238095,0.247191011236,0.027027027027,0.782608695652,0.563888888889,0.742424242424,2024,0.9,3,0.869565217391,0,0.97,0
346,2024-04-03,0.158024691358,0.03313253012,0.066465256798,0.102803738318,0.187050359712,0.503401360544,0.297619047619,0.247191011236,0.027027027027,0.782608695652,0.608333333333,0.727272727273,2024,0.9,3,0.826086956522,0,1.0,0
347,2024-04-03,0.140740740741,0.024096385542,0.063444108761,0.121495327103,0.201438848921,0.408163265306,0.22619047619,0.258426966292,0.027027027027,0.739130434783,0.511111111111,0.727272727273,2024,0.9,3,0.739130434783,0,0.98,0
348,2024-04-03,0.16049382716,0.03313253012,0.069486404834,0.121495327103,0.136690647482,0.401360544218,0.202380952381,0.247191011236,0.027027027027,0.695652173913,0.636111111111,0.757575757576,2024,0.9,3,0.652173913043,0,0.97,0
349,2024-04-03,0.16049382716,0.036144578313,0.078549848943,0.140186915888,0.115107913669,0.285714285714,0.202380952381,0.269662921348,0.027027027027,0.652173913043,0.633333333333,0.681818181818,2024,0.9,3,0.608695652174,0,0.94,0
350,2024-04-03,0.140740740741,0.024096385542,0.066465256798,0.130841121495,0.115107913669,0.238095238095,0.178571428571,0.269662921348,0.027027027027,0.608695652174,,0.469696969697,2024,0.9,3,0.565217391304,0,0.99,0
351,2024-04-03,0.106172839506,0.012048192771,0.042296072508,0.102803738318,0.129496402878,0.210884353741,0.166666666667,0.292134831461,0.0,0.521739130435,0.730555555556,0.333333333333,2024,0.9,3,0.478260869565,0,1.0,0
352,2024-04-03,0.098765432099,0.012048192771,0.045317220544,0.102803738318,0.129496402878,0.183673469388,0.166666666667,0.314606741573,0.027027027027,0.521739130435,0.747222222222,0.378787878788,2024,0.9,3,0.434782608696,0,1.0,0
353,2024-04-04,0.140740740741,0.03313253012,0.087613293051,0.168224299065,0.079136690647,0.224489795918,0.166666666667,0.269662921348,0.027027027027,0.434782608696,0.838888888889,0.257575757576,2024,0.9,4,0.391304347826,0,1.0,0
354,2024-04-04,,,,,,0.136054421769,0.166666666667,0.348314606742,,0.434782608696,0.797222222222,0.257575757576,2024,0.9,4,0.347826086957,0,1.0,0
355,2024-04-04,,,,,,0.170068027211,0.154761904762,0.393258426966,,0.391304347826,0.008333333333,0.242424242424,2024,0.9,4,0.304347826087,0,1.0,0
356,2024-04-04,,,,,,0.190476190476,0.130952380952,0.505617977528,,0.304347826087,0.175,,2024,0.9,4,0.260869565217,0,1.0,0
357,2024-04-04,0.103703703704,0.015060240964,0.078549848943,0.196261682243,0.064748201439,0.312925170068,0.202380952381,0.629213483146,0.189189189189,0.173913043478,0.25,0.30303030303,2024,0.9,4,0.173913043478,0,1.0,0
358,2024-04-04,0.130864197531,0.063253012048,0.151057401813,0.280373831776,0.014388489209,0.319727891156,0.238095238095,0.651685393258,0.243243243243,0.173913043478,0.258333333333,0.181818181818,2024,0.9,4,0.130434782609,0,1.0,0
359,2024-04-04,0.162962962963,0.093373493976,0.202416918429,0.327102803738,0.007194244604,0.319727891156,0.261904761905,0.651685393258,0.324324324324,0.173913043478,0.3,0.212121212121,2024,0.9,4,0.04347826087,0,1.0,0
360,2024-04-04,0.227160493827,0.174698795181,0.29003021148,0.364485981308,0.014388489209,0.333333333333,0.27380952381,0.651685393258,0.297297297297,0.173913043478,0.305555555556,0.166666666667,2024,0.9,4,0.0,0,1.0,0
361,2024-04-04,0.276543209877,0.340361445783,0.465256797583,0.373831775701,0.021582733813,0.367346938776,0.321428571429,0.629213483146,0.324324324324,0.217391304348,0.216666666667,0.242424242424,2024,0.9,4,0.086956521739,0,0.95,0
362,2024-04-04,0.204938271605,0.198795180723,0.320241691843,0.373831775701,0.05035971223,0.387755102041,0.27380952381,0.584269662921,0.27027027027,0.260869565217,0.244444444444,0.287878787879,2024,0.9,4,0.217391304348,0,0.99,0
363,2024-04-04,0.140740740741,0.084337349398,0.163141993958,0.252336448598,0.122302158273,0.374149659864,0.309523809524,0.47191011236,0.189189189189,0.391304347826,0.147222222222,0.257575757576,2024,0.9,4,0.521739130435,0,0.87,0
364,2024-04-04,0.120987654321,0.03313253012,0.093655589124,0.177570093458,0.230215827338,0.251700680272,0.202380952381,0.38202247191,0.081081081081,0.478260869565,0.194444444444,0.30303030303,2024,0.9,4,0.695652173913,0,0.97,0
365,2024-04-04,0.116049382716,0.021084337349,0.07250755287,0.158878504673,0.345323741007,0.204081632653,0.154761904762,0.303370786517,0.054054054054,0.565217391304,0.275,0.257575757576,2024,0.9,4,0.782608695652,0,0.98,0
366,2024-04-04,0.133333333333,0.012048192771,0.054380664653,0.130841121495,0.467625899281,0.210884353741,0.202380952381,0.269662921348,0.054054054054,0.652173913043,0.597222222222,0.378787878788,2024,0.9,4,0.913043478261,0,0.97,0
367,2024-04-04,0.130864197531,0.018072289157,0.057401812689,0.121495327103,0.402877697842,0.231292517007,0.214285714286,0.23595505618,0.054054054054,0.695652173913,0.688888888889,0.439393939394,2024,0.9,4,1.0,0,0.97,0
368,2024-04-04,0.133333333333,0.027108433735,0.060422960725,0.102803738318,0.26618705036,0.272108843537,0.214285714286,0.213483146067,0.027027027027,0.739130434783,0.741666666667,0.636363636364,2024,0.9,4,0.95652173913,0,0.96,0
369,2024-04-04,0.140740740741,0.030120481928,0.066465256798,0.11214953271,0.237410071942,0.258503401361,0.166666666667,0.213483146067,0.027027027027,0.739130434783,,0.575757575758,2024,0.9,4,0.869565217391,0,0.98,0
370,2024-04-04,0.133333333333,0.024096385542,0.057401812689,0.102803738318,0.208633093525,0.326530612245,0.202380952381,0.213483146067,0.027027027027,0.695652173913,0.719444444444,0.454545454545,2024,0.9,4,0.826086956522,0,1.0,0
371,2024-04-04,0.140740740741,0.036144578313,0.07250755287,0.11214953271,0.172661870504,0.272108843537,0.119047619048,0.213483146067,0.027027027027,0.695652173913,0.638888888889,0.590909090909,2024,0.9,4,0.739130434783,0,0.95,0
372,2024-04-04,0.148148148148,0.03313253012,0.07250755287,0.130841121495,0.136690647482,0.265306122449,0.083333333333,0.224719101124,0.027027027027,0.652173913043,0.594444444444,0.606060606061,2024,0.9,4,0.652173913043,0,0.96,0
373,2024-04-04,0.175308641975,0.045180722892,0.102719033233,0.177570093458,0.079136690647,0.231292517007,0.119047619048,0.258426966292,0.027027027027,0.565217391304,0.533333333333,0.5,2024,0.9,4,0.608695652174,0,0.98,0
374,2024-04-04,0.182716049383,0.045180722892,0.105740181269,0.196261682243,0.05035971223,0.176870748299,0.095238095238,0.258426966292,0.027027027027,0.521739130435,0.583333333333,0.333333333333,2024,0.9,4,0.565217391304,0,0.97,0
375,2024-04-04,0.150617283951,0.03313253012,0.093655589124,0.18691588785,0.043165467626,0.183673469388,0.119047619048,0.258426966292,0.027027027027,0.478260869565,0.577777777778,0.318181818182,2024,0.9,4,0.478260869565,0,0.99,0
376,2024-04-04,0.155555555556,0.036144578313,0.102719033233,0.205607476636,0.035971223022,0.231292517007,0.178571428571,0.269662921348,0.027027027027,0.434782608696,0.702777777778,,2024,0.9,4,0.434782608696,0,1.0,0
377,2024-04-05,0.133333333333,0.027108433735,0.09667673716,0.214953271028,0.057553956835,0.122448979592,0.059523809524,0.258426966292,0.027027027027,0.478260869565,0.766666666667,0.212121212121,2024,0.9,5,0.391304347826,0,1.0,0
378,2024-04-05,0.116049382716,0.027108433735,0.087613293051,0.18691588785,0.057553956835,0.190476190476,0.166666666667,0.269662921348,0.054054054054,0.391304347826,0.772222222222,0.257575757576,2024,0.9,5,0.347826086957,0,1.0,0
379,2024-04-05,0.150617283951,0.039156626506,0.12084592145,0.252336448598,0.014388489209,0.163265306122,0.107142857143,0.303370786517,0.081081081081,0.347826086957,0.85,0.121212121212,2024,0.9,5,0.304347826087,0,1.0,0
380,2024-04-05,0.165432098765,0.057228915663,0.138972809668,0.252336448598,0.007194244604,0.176870748299,0.130952380952,0.337078651685,0.054054054054,0.304347826087,0.997222222222,,2024,0.9,5,0.260869565217,0,1.0,0
381,2024-04-05,0.177777777778,0.105421686747,0.184290030211,0.242990654206,0.014388489209,0.183673469388,0.142857142857,0.370786516854,0.081081081081,0.260869565217,0.233333333333,0.106060606061,2024,0.9,5,0.173913043478,0,1.0,0
382,2024-04-05,0.224691358025,0.177710843373,0.268882175227,0.271028037383,0.014388489209,0.197278911565,0.154761904762,0.483146067416,0.297297297297,0.217391304348,0.347222222222,0.121212121212,2024,0.9,5,0.130434782609,0,1.0,0
383,2024-04-05,0.246913580247,0.231927710843,0.33836858006,0.327102803738,0.014388489209,0.428571428571,0.321428571429,0.606741573034,0.378378378378,0.173913043478,0.297222222222,0.212121212121,2024,0.9,5,0.0,0,1.0,0
384,2024-04-05,0.382716049383,0.487951807229,0.619335347432,0.401869158879,0.021582733813,0.462585034014,0.369047619048,0.561797752809,0.459459459459,0.217391304348,0.163888888889,0.121212121212,2024,0.9,5,0.086956521739,0,0.98,0
385,2024-04-05,0.350617283951,0.259036144578,0.413897280967,0.476635514019,0.035971223022,0.585034013605,0.52380952381,0.494382022472,0.621621621622,0.260869565217,0.066666666667,0.151515151515,2024,0.9,5,0.217391304348,0,0.98,0
386,2024-04-05,0.288888888889,0.126506024096,0.296072507553,0.523364485981,0.122302158273,0.571428571429,0.452380952381,0.393258426966,0.72972972973,0.391304347826,0.222222222222,0.212121212121,2024,0.9,5,0.521739130435,0,0.93,0
387,2024-04-05,0.177777777778,0.045180722892,0.166163141994,0.373831775701,0.258992805755,0.517006802721,0.440476190476,0.292134831461,0.378378378378,0.478260869565,0.341666666667,0.257575757576,2024,0.9,5,0.695652173913,0,1.0,0
388,2024-04-05,0.091358024691,0.018072289157,0.075528700906,0.168224299065,0.345323741007,0.353741496599,0.345238095238,0.191011235955,0.135135135135,0.565217391304,0.213888888889,0.318181818182,2024,0.9,5,0.782608695652,0,0.94,0
389,2024-04-05,0.096296296296,0.012048192771,0.051359516616,0.121495327103,0.460431654676,0.238095238095,0.25,0.14606741573,0.081081081081,0.652173913043,0.391666666667,0.378787878788,2024,0.9,5,0.913043478261,0,0.98,0
390,2024-04-05,0.103703703704,0.003012048193,0.033232628399,0.093457943925,0.640287769784,0.183673469388,0.178571428571,0.157303370787,0.081081081081,0.695652173913,0.358333333333,0.530303030303,2024,0.9,5,1.0,0,0.95,0
391,2024-04-05,0.103703703704,0.0,0.027190332326,0.07476635514,0.719424460432,0.231292517007,0.190476190476,0.157303370787,0.081081081081,0.739130434783,0.366666666667,0.439393939394,2024,0.9,5,0.95652173913,0,0.97,0
392,2024-04-05,0.113580246914,0.003012048193,0.030211480363,0.07476635514,0.58273381295,0.299319727891,0.25,0.213483146067,0.054054054054,0.739130434783,0.394444444444,0.560606060606,2024,0.9,5,0.869565217391,0,0.98,0
393,2024-04-05,0.125925925926,0.006024096386,0.033232628399,0.093457943925,0.460431654676,0.34693877551,0.178571428571,0.224719101124,0.027027027027,0.739130434783,0.458333333333,0.636363636364,2024,0.9,5,0.826086956522,0,0.99,0
394,2024-04-05,0.118518518519,0.006024096386,0.030211480363,0.07476635514,0.287769784173,0.380952380952,0.261904761905,0.269662921348,0.027027027027,0.695652173913,0.461111111111,0.727272727273,2024,0.9,5,0.739130434783,0,0.91,0
395,2024-04-05,0.125925925926,0.009036144578,0.045317220544,0.11214953271,0.244604316547,0.367346938776,0.166666666667,0.292134831461,0.027027027027,0.652173913043,,0.681818181818,2024,0.9,5,0.652173913043,0,0.95,0
396,2024-04-05,0.165432098765,0.015060240964,0.07250755287,0.177570093458,0.151079136691,0.326530612245,0.190476190476,0.314606741573,0.027027027027,0.565217391304,0.466666666667,0.530303030303,2024,0.9,5,0.608695652174,0,0.96,0
397,2024-04-05,0.18024691358,0.021084337349,0.084592145015,0.196261682243,0.115107913669,0.265306122449,0.202380952381,0.314606741573,0.027027027027,0.565217391304,0.525,0.424242424242,2024,0.9,5,0.565217391304,0,1.0,0
398,2024-04-05,0.17037037037,0.036144578313,0.09667673716,0.18691588785,0.079136690647,0.156462585034,0.083333333333,0.247191011236,0.027027027027,0.521739130435,0.652777777778,0.348484848485,2024,0.9,5,0.478260869565,0,1.0,0
399,2024-04-05,0.145679012346,0.03313253012,0.09667673716,0.196261682243,0.079136690647,0.176870748299,0.130952380952,0.23595505618,0.027027027027,0.521739130435,0.738888888889,,2024,0.9,5,0.434782608696,0,1.0,0
400,2024-04-06,0.106172839506,0.006024096386,0.042296072508,0.11214953271,0.143884892086,0.156462585034,0.095238095238,0.292134831461,0.027027027027,0.478260869565,,,2024,0.9,6,0.391304347826,0,1.0,0
401,2024-04-06,0.222222222222,0.135542168675,0.229607250755,0.280373831776,0.014388489209,0.074829931973,,0.303370786517,0.054054054054,0.434782608696,0.286111111111,0.166666666667,2024,0.9,6,0.347826086957,0,1.0,0
402,2024-04-06,0.276543209877,0.159638554217,0.247734138973,0.271028037383,0.007194244604,0.251700680272,0.22619047619,0.370786516854,0.054054054054,0.391304347826,0.277777777778,0.121212121212,2024,0.9,6,0.304347826087,0,1.0,0
403,2024-04-06,0.274074074074,0.135542168675,0.21752265861,0.252336448598,0.007194244604,0.244897959184,0.190476190476,0.393258426966,0.054054054054,0.347826086957,0.469444444444,0.166666666667,2024,0.9,6,0.260869565217,0,1.0,0
404,2024-04-06,0.20987654321,0.084337349398,0.163141993958,0.242990654206,0.014388489209,0.244897959184,0.190476190476,0.393258426966,0.027027027027,0.304347826087,0.416666666667,0.19696969697,2024,0.9,6,0.173913043478,0,1.0,0
405,2024-04-06,0.214814814815,0.090361445783,0.163141993958,0.224299065421,0.007194244604,0.231292517007,0.202380952381,0.393258426966,0.054054054054,0.304347826087,0.536111111111,0.151515151515,2024,0.9,6,0.130434782609,0,1.0,0
406,2024-04-06,0.237037037037,0.138554216867,0.208459214502,0.214953271028,0.007194244604,0.197278911565,0.178571428571,0.438202247191,0.054054054054,0.260869565217,0.475,,2024,0.9,6,0.04347826087,0,1.0,0
407,2024-04-06,0.36049382716,0.355421686747,0.435045317221,0.242990654206,0.014388489209,0.224489795918,0.202380952381,0.47191011236,0.081081081081,0.260869565217,1.0,0.075757575758,2024,0.9,6,0.0,0,1.0,0
408,2024-04-06,0.362962962963,0.340361445783,0.438066465257,0.299065420561,0.014388489209,0.285714285714,0.25,0.460674157303,0.081081081081,0.304347826087,0.036111111111,0.166666666667,2024,0.9,6,0.086956521739,0,1.0,0
409,2024-04-06,0.343209876543,0.237951807229,0.380664652568,0.439252336449,0.043165467626,0.353741496599,0.27380952381,0.38202247191,0.081081081081,0.391304347826,0.4,0.121212121212,2024,0.9,6,0.217391304348,0,1.0,0
410,2024-04-06,0.232098765432,0.093373493976,0.220543806647,0.392523364486,0.136690647482,0.360544217687,0.309523809524,0.280898876404,0.054054054054,0.478260869565,0.947222222222,0.242424242424,2024,0.9,6,0.521739130435,0,1.0,0
411,2024-04-06,0.128395061728,0.027108433735,0.087613293051,0.18691588785,0.287769784173,0.299319727891,0.27380952381,0.213483146067,0.027027027027,0.565217391304,0.511111111111,0.257575757576,2024,0.9,6,0.695652173913,0,0.97,0
412,2024-04-06,0.093827160494,0.012048192771,0.04833836858,0.11214953271,0.410071942446,,,0.179775280899,0.027027027027,0.608695652174,0.375,0.318181818182,2024,0.9,6,0.782608695652,0,0.97,0
413,2024-04-06,0.079012345679,0.006024096386,0.030211480363,0.084112149533,0.503597122302,0.142857142857,0.119047619048,0.14606741573,0.0,0.652173913043,0.288888888889,0.378787878788,2024,0.9,6,0.913043478261,0,0.99,0
414,2024-04-06,0.079012345679,0.003012048193,0.027190332326,0.07476635514,0.575539568345,0.122448979592,0.083333333333,0.123595505618,0.027027027027,0.739130434783,0.333333333333,0.363636363636,2024,0.9,6,1.0,0,0.99,0
415,2024-04-06,0.069135802469,0.0,0.021148036254,0.056074766355,0.669064748201,0.156462585034,0.142857142857,0.112359550562,0.027027027027,0.739130434783,0.3,0.378787878788,2024,0.9,6,0.95652173913,0,0.98,0
416,2024-04-06,0.079012345679,0.006024096386,0.045317220544,0.130841121495,0.697841726619,0.163265306122,0.130952380952,0.112359550562,0.027027027027,0.782608695652,0.208333333333,0.454545454545,2024,0.9,6,0.869565217391,0,0.99,0
417,2024-04-06,0.086419753086,0.003012048193,0.033232628399,0.093457943925,0.669064748201,0.176870748299,0.119047619048,0.134831460674,0.027027027027,0.782608695652,0.336111111111,0.469696969697,2024,0.9,6,0.826086956522,0,0.99,0
418,2024-04-06,0.103703703704,0.0,0.021148036254,0.065420560748,0.489208633094,0.30612244898,0.22619047619,0.224719101124,0.027027027027,0.739130434783,0.405555555556,0.636363636364,2024,0.9,6,0.739130434783,0,1.0,0
419,2024-04-06,0.091358024691,0.0,0.015105740181,0.046728971963,0.323741007194,0.387755102041,0.202380952381,0.269662921348,0.027027027027,0.652173913043,0.45,0.818181818182,2024,0.9,6,0.652173913043,0,0.98,0
420,2024-04-06,0.098765432099,0.003012048193,0.02416918429,0.065420560748,0.258992805755,0.374149659864,0.154761904762,0.280898876404,0.027027027027,0.608695652174,0.458333333333,0.69696969697,2024,0.9,6,0.608695652174,0,1.0,0
421,2024-04-06,0.111111111111,0.009036144578,0.04833836858,0.121495327103,0.151079136691,0.204081632653,0.166666666667,0.269662921348,0.027027027027,0.521739130435,0.616666666667,0.454545454545,2024,0.9,6,0.434782608696,0,1.0,0
422,2024-04-07,0.18024691358,0.012048192771,0.087613293051,0.233644859813,0.151079136691,0.326530612245,0.321428571429,0.314606741573,0.027027027027,0.521739130435,0.638888888889,0.287878787879,2024,0.9,7,0.391304347826,0,1.0,0
423,2024-04-07,0.158024691358,0.012048192771,0.081570996979,0.224299065421,0.057553956835,0.122448979592,0.095238095238,0.325842696629,0.0,0.434782608696,0.488888888889,0.227272727273,2024,0.9,7,0.347826086957,0,1.0,0
424,2024-04-07,0.330864197531,0.237951807229,0.33836858006,0.308411214953,0.021582733813,0.326530612245,0.27380952381,0.415730337079,0.054054054054,0.304347826087,0.044444444444,0.136363636364,2024,0.9,7,0.086956521739,0,1.0,0
425,2024-04-07,0.197530864198,0.066265060241,0.154078549849,0.271028037383,0.107913669065,0.414965986395,0.345238095238,0.370786516854,0.054054054054,0.391304347826,0.088888888889,0.181818181818,2024,0.9,7,0.217391304348,0,1.0,0
426,2024-04-07,0.16049382716,0.042168674699,0.123867069486,0.252336448598,0.208633093525,0.299319727891,0.22619047619,0.325842696629,0.189189189189,0.478260869565,0.169444444444,0.287878787879,2024,0.9,7,0.521739130435,0,1.0,0
427,2024-04-07,0.128395061728,0.015060240964,0.066465256798,0.158878504673,0.359712230216,0.340136054422,0.285714285714,0.292134831461,0.378378378378,0.521739130435,0.194444444444,0.257575757576,2024,0.9,7,0.695652173913,0,1.0,0
428,2024-04-07,0.111111111111,0.009036144578,0.051359516616,0.130841121495,0.474820143885,0.258503401361,0.238095238095,0.258426966292,0.243243243243,0.608695652174,0.391666666667,0.272727272727,2024,0.9,7,0.782608695652,0,1.0,0
429,2024-04-07,0.098765432099,0.003012048193,0.027190332326,0.084112149533,0.589928057554,0.265306122449,0.285714285714,0.224719101124,0.135135135135,0.695652173913,0.436111111111,0.318181818182,2024,0.9,7,0.913043478261,0,1.0,0
430,2024-04-07,0.096296296296,0.003012048193,0.021148036254,0.065420560748,0.705035971223,0.312925170068,0.345238095238,0.213483146067,0.108108108108,0.739130434783,0.394444444444,0.439393939394,2024,0.9,7,1.0,0,1.0,0
431,2024-04-07,0.111111111111,0.0,0.027190332326,0.07476635514,0.719424460432,0.231292517007,0.178571428571,0.191011235955,0.081081081081,0.782608695652,0.536111111111,0.333333333333,2024,0.9,7,0.95652173913,0,0.98,0
432,2024-04-07,0.128395061728,0.003012048193,0.042296072508,0.121495327103,0.705035971223,0.190476190476,0.119047619048,0.179775280899,0.108108108108,0.782608695652,0.572222222222,0.333333333333,2024,0.9,7,0.869565217391,0,0.99,0
433,2024-04-07,0.111111111111,0.0,0.030211480363,0.093457943925,0.705035971223,0.30612244898,0.27380952381,0.168539325843,0.081081081081,0.826086956522,0.5,,2024,0.9,7,0.826086956522,0,1.0,0
434,2024-04-07,0.120987654321,0.0,0.027190332326,0.084112149533,0.561151079137,0.326530612245,0.297619047619,0.213483146067,0.054054054054,0.782608695652,0.477777777778,0.560606060606,2024,0.9,7,0.739130434783,0,1.0,0
435,2024-04-07,0.113580246914,0.0,0.02416918429,0.07476635514,0.467625899281,0.394557823129,0.357142857143,0.23595505618,0.054054054054,0.695652173913,0.45,0.651515151515,2024,0.9,7,0.652173913043,0,1.0,0
436,2024-04-07,0.116049382716,0.0,0.027190332326,0.084112149533,0.431654676259,0.272108843537,0.035714285714,0.247191011236,0.054054054054,0.652173913043,0.463888888889,0.636363636364,2024,0.9,7,0.608695652174,0,1.0,0
437,2024-04-07,0.128395061728,0.0,0.033232628399,0.102803738318,0.381294964029,0.333333333333,0.261904761905,0.258426966292,0.054054054054,0.608695652174,0.455555555556,0.469696969697,2024,0.9,7,0.565217391304,0,1.0,0
438,2024-04-07,0.135802469136,0.0,0.039274924471,0.121495327103,0.338129496403,0.30612244898,0.27380952381,0.269662921348,0.054054054054,0.565217391304,0.411111111111,0.333333333333,2024,0.9,7,0.478260869565,0,1.0,0
439,2024-04-08,0.195061728395,0.045180722892,0.138972809668,0.289719626168,0.071942446043,0.190476190476,0.130952380952,0.280898876404,0.027027027027,0.478260869565,0.475,0.166666666667,2024,0.9,8,0.391304347826,0,1.0,0
440,2024-04-08,0.130864197531,0.006024096386,0.057401812689,0.14953271028,0.179856115108,0.258503401361,0.27380952381,0.325842696629,0.027027027027,0.521739130435,0.655555555556,0.227272727273,2024,0.9,8,0.347826086957,0,1.0,0
441,2024-04-08,0.207407407407,0.006024096386,0.114803625378,0.336448598131,0.064748201439,0.204081632653,0.214285714286,0.359550561798,0.027027027027,0.478260869565,0.408333333333,0.166666666667,2024,0.9,8,0.304347826087,0,1.0,0
442,2024-04-08,0.241975308642,0.057228915663,0.196374622356,0.420560747664,0.021582733813,0.272108843537,0.25,0.38202247191,0.081081081081,0.434782608696,0.905555555556,0.19696969697,2024,0.9,8,0.260869565217,0,1.0,0
443,2024-04-08,0.113580246914,0.006024096386,0.07250755287,0.205607476636,0.093525179856,0.43537414966,0.488095238095,0.404494382022,0.378378378378,0.434782608696,0.880555555556,0.212121212121,2024,0.9,8,0.173913043478,0,1.0,0
444,2024-04-08,0.140740740741,0.021084337349,0.108761329305,0.271028037383,0.035971223022,0.292517006803,0.238095238095,0.426966292135,0.378378378378,0.391304347826,0.930555555556,0.106060606061,2024,0.9,8,0.130434782609,0,1.0,0
445,2024-04-08,0.187654320988,0.10843373494,0.211480362538,0.317757009346,0.007194244604,0.272108843537,0.25,0.438202247191,0.324324324324,0.391304347826,0.988888888889,0.212121212121,2024,0.9,8,0.04347826087,0,1.0,0
446,2024-04-08,0.306172839506,0.240963855422,0.350453172205,0.336448598131,0.007194244604,0.34693877551,0.27380952381,0.438202247191,0.432432432432,0.391304347826,0.958333333333,0.19696969697,2024,0.9,8,0.0,0,0.99,0
447,2024-04-08,0.362962962963,0.231927710843,0.347432024169,0.364485981308,0.028776978417,0.428571428571,0.309523809524,0.415730337079,0.297297297297,0.391304347826,0.425,0.121212121212,2024,0.9,8,0.086956521739,0,0.99,0
448,2024-04-08,0.19012345679,0.039156626506,0.114803625378,0.233644859813,0.179856115108,0.442176870748,0.345238095238,0.359550561798,0.027027027027,0.478260869565,0.330555555556,0.212121212121,2024,0.9,8,0.217391304348,0,0.98,0
449,2024-04-08,0.197530864198,0.03313253012,0.114803625378,0.261682242991,0.258992805755,0.251700680272,0.202380952381,0.325842696629,0.054054054054,0.521739130435,0.305555555556,0.242424242424,2024,0.9,8,0.521739130435,0,0.96,0
450,2024-04-08,0.150617283951,0.018072289157,0.078549848943,0.18691588785,0.424460431655,0.292517006803,0.22619047619,0.269662921348,0.054054054054,0.565217391304,0.133333333333,0.242424242424,2024,0.9,8,0.695652173913,0,0.99,0
451,2024-04-08,0.133333333333,0.006024096386,0.057401812689,0.14953271028,0.525179856115,0.258503401361,0.238095238095,0.213483146067,0.054054054054,0.652173913043,0.058333333333,0.287878787879,2024,0.9,8,0.782608695652,0,1.0,0
452,2024-04-08,0.120987654321,0.012048192771,0.054380664653,0.130841121495,0.381294964029,0.30612244898,0.297619047619,0.191011235955,0.027027027027,0.652173913043,0.469444444444,0.439393939394,2024,0.9,8,0.913043478261,0,1.0,0
453,2024-04-08,0.113580246914,0.012048192771,0.045317220544,0.093457943925,0.36690647482,0.360544217687,0.22619047619,0.202247191011,0.054054054054,0.695652173913,0.502777777778,0.712121212121,2024,0.9,8,1.0,0,0.97,0
454,2024-04-08,0.108641975309,0.006024096386,0.030211480363,0.065420560748,0.446043165468,0.292517006803,0.166666666667,0.168539325843,0.135135135135,0.739130434783,,0.439393939394,2024,0.9,8,0.95652173913,0,0.98,0
455,2024-04-08,0.086419753086,0.003012048193,0.009063444109,0.028037383178,0.467625899281,0.21768707483,0.190476190476,0.179775280899,0.162162162162,0.739130434783,0.411111111111,0.606060606061,2024,0.9,8,0.869565217391,0,0.98,0
456,2024-04-08,0.101234567901,0.003012048193,0.021148036254,0.056074766355,0.431654676259,0.224489795918,0.154761904762,0.213483146067,0.081081081081,0.739130434783,0.394444444444,0.651515151515,2024,0.9,8,0.826086956522,0,0.98,0
457,2024-04-08,0.101234567901,0.003012048193,0.012084592145,0.028037383178,0.395683453237,0.299319727891,0.178571428571,0.23595505618,0.027027027027,0.695652173913,0.436111111111,0.818181818182,2024,0.9,8,0.739130434783,0,0.99,0
458,2024-04-08,0.111111111111,0.003012048193,0.02416918429,0.065420560748,0.330935251799,0.367346938776,0.22619047619,0.247191011236,0.027027027027,0.652173913043,0.458333333333,0.787878787879,2024,0.9,8,0.652173913043,0,1.0,0
459,2024-04-08,0.140740740741,0.006024096386,0.054380664653,0.14953271028,0.223021582734,0.34693877551,0.25,0.269662921348,0.027027027027,0.608695652174,0.480555555556,0.560606060606,2024,0.9,8,0.608695652174,0,0.98,0
460,2024-04-08,0.155555555556,0.018072289157,0.075528700906,0.177570093458,0.179856115108,0.224489795918,0.166666666667,0.258426966292,0.027027027027,0.565217391304,0.605555555556,0.469696969697,2024,0.9,8,0.565217391304,0,0.99,0
461,2024-04-08,0.128395061728,0.012048192771,0.051359516616,0.121495327103,0.187050359712,0.210884353741,0.166666666667,0.23595505618,0.027027027027,0.521739130435,0.672222222222,0.545454545455,2024,0.9,8,0.478260869565,0,1.0,0
462,2024-04-08,0.155555555556,0.015060240964,0.07250755287,0.177570093458,0.143884892086,0.238095238095,0.190476190476,0.258426966292,0.054054054054,0.521739130435,0.666666666667,0.378787878788,2024,0.9,8,0.434782608696,0,1.0,0
463,2024-04-09,0.130864197531,,,,,0.197278911565,0.178571428571,0.325842696629,,0.434782608696,0.55,0.318181818182,2024,0.9,9,0.391304347826,0,1.0,0
464,2024-04-09,0.214814814815,0.039156626506,0.154078549849,0.355140186916,0.028776978417,0.299319727891,0.369047619048,0.325842696629,0.027027027027,0.434782608696,0.366666666667,0.151515151515,2024,0.9,9,0.347826086957,0,1.0,0
465,2024-04-09,0.222222222222,0.051204819277,0.175226586103,0.373831775701,0.014388489209,0.251700680272,0.261904761905,0.348314606742,0.027027027027,0.391304347826,0.897222222222,0.060606060606,2024,0.9,9,0.304347826087,0,1.0,0
466,2024-04-09,0.269135802469,0.180722891566,0.302114803625,0.373831775701,0.014388489209,0.224489795918,0.238095238095,0.370786516854,0.054054054054,0.347826086957,0.311111111111,0.136363636364,2024,0.9,9,0.260869565217,0,1.0,0
467,2024-04-09,0.21975308642,0.096385542169,0.214501510574,0.364485981308,0.021582733813,0.272108843537,0.261904761905,0.38202247191,0.054054054054,0.347826086957,0.555555555556,0.19696969697,2024,0.9,9,0.173913043478,0,1.0,0
468,2024-04-09,0.175308641975,0.042168674699,0.138972809668,0.299065420561,0.035971223022,0.278911564626,0.285714285714,0.415730337079,0.027027027027,0.347826086957,0.597222222222,0.151515151515,2024,0.9,9,0.130434782609,0,1.0,0
469,2024-04-09,0.234567901235,0.081325301205,0.178247734139,0.299065420561,0.021582733813,0.224489795918,0.25,0.438202247191,0.027027027027,0.304347826087,0.422222222222,0.242424242424,2024,0.9,9,0.04347826087,0,0.99,0
470,2024-04-09,0.348148148148,0.174698795181,0.283987915408,0.336448598131,0.014388489209,0.272108843537,0.27380952381,0.426966292135,0.054054054054,0.304347826087,0.544444444444,0.257575757576,2024,0.9,9,0.0,0,0.96,0
471,2024-04-09,0.343209876543,0.138554216867,0.247734138973,0.336448598131,0.043165467626,0.30612244898,0.285714285714,0.393258426966,0.054054054054,0.347826086957,0.538888888889,0.333333333333,2024,0.9,9,0.086956521739,0,0.91,0
472,2024-04-09,0.266666666667,0.078313253012,0.175226586103,0.299065420561,0.158273381295,0.374149659864,0.416666666667,0.314606741573,0.027027027027,0.478260869565,0.419444444444,0.30303030303,2024,0.9,9,0.217391304348,0,0.93,0
473,2024-04-09,0.125925925926,0.012048192771,0.045317220544,0.102803738318,0.338129496403,0.319727891156,0.238095238095,0.258426966292,0.027027027027,0.565217391304,0.386111111111,0.378787878788,2024,0.9,9,0.521739130435,0,1.0,0
474,2024-04-09,0.143209876543,0.024096385542,0.066465256798,0.140186915888,0.31654676259,0.251700680272,0.178571428571,0.191011235955,0.027027027027,0.652173913043,0.527777777778,0.530303030303,2024,0.9,9,0.695652173913,0,0.98,0
475,2024-04-09,0.088888888889,0.006024096386,0.021148036254,0.03738317757,0.36690647482,0.224489795918,0.095238095238,0.179775280899,0.027027027027,0.695652173913,0.416666666667,0.863636363636,2024,0.9,9,0.782608695652,0,0.98,0
476,2024-04-09,0.091358024691,0.006024096386,0.018126888218,0.03738317757,0.388489208633,0.687074829932,0.22619047619,0.168539325843,0.027027027027,0.739130434783,0.441666666667,0.833333333333,2024,0.9,9,0.913043478261,0,0.95,0
477,2024-04-09,0.111111111111,0.012048192771,0.033232628399,0.065420560748,0.381294964029,1.0,0.261904761905,0.14606741573,0.027027027027,0.782608695652,0.461111111111,0.69696969697,2024,0.9,9,1.0,0,1.0,0
478,2024-04-09,0.113580246914,0.009036144578,0.030211480363,0.065420560748,0.395683453237,0.448979591837,0.107142857143,0.168539325843,0.027027027027,0.782608695652,0.475,0.818181818182,2024,0.9,9,0.95652173913,0,0.87,0
479,2024-04-09,0.106172839506,0.006024096386,0.021148036254,0.046728971963,0.381294964029,0.43537414966,0.190476190476,0.191011235955,0.027027027027,0.782608695652,0.452777777778,0.909090909091,2024,0.9,9,0.869565217391,0,0.94,0
480,2024-04-09,0.106172839506,0.006024096386,0.02416918429,0.056074766355,0.374100719424,0.496598639456,0.22619047619,0.191011235955,0.027027027027,0.739130434783,0.461111111111,0.924242424242,2024,0.9,9,0.826086956522,0,0.99,0
481,2024-04-09,0.106172839506,0.009036144578,0.036253776435,0.084112149533,0.302158273381,0.489795918367,0.214285714286,0.157303370787,0.027027027027,0.739130434783,0.472222222222,0.80303030303,2024,0.9,9,0.739130434783,0,1.0,0
482,2024-04-09,0.096296296296,0.006024096386,0.02416918429,0.065420560748,0.280575539568,0.353741496599,0.214285714286,0.179775280899,0.027027027027,0.695652173913,0.455555555556,0.772727272727,2024,0.9,9,0.652173913043,0,1.0,0
483,2024-04-09,0.167901234568,0.018072289157,0.075528700906,0.168224299065,0.187050359712,0.204081632653,0.095238095238,0.213483146067,0.027027027027,0.608695652174,0.541666666667,0.651515151515,2024,0.9,9,0.608695652174,0,0.99,0
484,2024-04-09,0.167901234568,0.021084337349,0.084592145015,0.196261682243,0.143884892086,0.231292517007,0.154761904762,0.213483146067,0.027027027027,0.565217391304,0.594444444444,0.530303030303,2024,0.9,9,0.565217391304,0,1.0,0
485,2024-04-09,0.135802469136,0.015060240964,0.066465256798,0.158878504673,0.165467625899,0.190476190476,0.142857142857,0.247191011236,0.027027027027,0.521739130435,0.633333333333,0.651515151515,2024,0.9,9,0.478260869565,0,1.0,0
486,2024-04-09,0.113580246914,0.009036144578,0.045317220544,0.11214953271,0.201438848921,0.197278911565,0.154761904762,0.303370786517,0.027027027027,0.478260869565,0.613888888889,0.606060606061,2024,0.9,9,0.434782608696,0,1.0,0
487,2024-04-10,0.232098765432,0.117469879518,0.21752265861,0.308411214953,0.021582733813,0.122448979592,0.02380952381,0.325842696629,0.054054054054,0.434782608696,0.161111111111,0.151515151515,2024,0.9,10,0.391304347826,0,1.0,0
488,2024-04-11,0.286419753086,0.135542168675,0.232628398792,0.299065420561,0.007194244604,0.292517006803,0.261904761905,0.359550561798,0.054054054054,0.391304347826,0.361111111111,0.121212121212,2024,0.9,11,0.347826086957,0,1.0,0
489,2024-04-12,0.113580246914,0.015060240964,0.09667673716,0.252336448598,0.136690647482,0.448979591837,0.297619047619,0.550561797753,0.054054054054,0.217391304348,0.836111111111,0.287878787879,2024,0.9,12,0.347826086957,0,1.0,0
490,2024-04-12,0.113580246914,0.009036144578,0.087613293051,0.242990654206,0.136690647482,0.414965986395,0.25,0.573033707865,0.081081081081,0.173913043478,0.791666666667,0.212121212121,2024,0.9,12,0.304347826087,0,1.0,0
491,2024-04-12,0.113580246914,0.024096385542,0.126888217523,0.308411214953,0.079136690647,0.353741496599,0.166666666667,0.61797752809,0.081081081081,0.173913043478,0.030555555556,0.227272727273,2024,0.9,12,0.260869565217,0,1.0,0
492,2024-04-12,0.111111111111,0.006024096386,0.090634441088,0.261682242991,0.079136690647,0.43537414966,0.25,0.640449438202,0.054054054054,0.130434782609,0.280555555556,0.181818181818,2024,0.9,12,0.173913043478,0,1.0,0
493,2024-04-12,0.120987654321,0.021084337349,0.111782477341,0.280373831776,0.043165467626,0.414965986395,0.238095238095,0.674157303371,0.027027027027,0.130434782609,0.316666666667,0.166666666667,2024,0.9,12,0.130434782609,0,1.0,0
494,2024-04-12,0.16049382716,0.102409638554,0.226586102719,0.383177570093,0.007194244604,0.408163265306,0.25,0.685393258427,0.054054054054,0.086956521739,0.238888888889,0.19696969697,2024,0.9,12,0.04347826087,0,1.0,0
495,2024-04-12,0.19012345679,0.204819277108,0.326283987915,0.383177570093,0.0,0.428571428571,0.22619047619,0.707865168539,0.081081081081,0.086956521739,0.258333333333,0.242424242424,2024,0.9,12,0.0,0,0.99,0
496,2024-04-12,0.298765432099,0.277108433735,0.398791540785,0.373831775701,0.014388489209,0.442176870748,0.238095238095,0.674157303371,0.108108108108,0.130434782609,0.194444444444,0.166666666667,2024,0.9,12,0.086956521739,0,0.89,0
497,2024-04-12,0.293827160494,0.153614457831,0.29003021148,0.420560747664,0.057553956835,0.605442176871,0.440476190476,0.595505617978,0.135135135135,0.217391304348,0.291666666667,0.212121212121,2024,0.9,12,0.217391304348,0,0.98,0
498,2024-04-12,0.320987654321,0.153614457831,0.335347432024,0.570093457944,0.10071942446,0.591836734694,0.404761904762,0.52808988764,0.162162162162,0.304347826087,0.158333333333,0.227272727273,2024,0.9,12,0.521739130435,0,0.97,0
499,2024-04-12,0.274074074074,0.084337349398,0.262839879154,0.551401869159,0.215827338129,0.680272108844,0.488095238095,0.438202247191,0.135135135135,0.391304347826,0.052777777778,0.227272727273,2024,0.9,12,0.695652173913,0,0.92,0
500,2024-04-12,0.232098765432,0.036144578313,0.175226586103,0.429906542056,0.359712230216,0.687074829932,0.595238095238,0.359550561798,0.108108108108,0.521739130435,0.05,0.272727272727,2024,0.9,12,0.782608695652,0,1.0,0
501,2024-04-12,0.158024691358,0.009036144578,0.057401812689,0.14953271028,0.496402877698,0.52380952381,0.404761904762,0.303370786517,0.054054054054,0.608695652174,0.841666666667,0.30303030303,2024,0.9,12,0.913043478261,0,0.99,0
502,2024-04-12,0.155555555556,0.006024096386,0.054380664653,0.14953271028,0.640287769784,0.299319727891,0.285714285714,0.258426966292,0.054054054054,0.695652173913,0.922222222222,0.348484848485,2024,0.9,12,1.0,0,0.95,0
503,2024-04-12,0.125925925926,0.003012048193,0.039274924471,0.121495327103,0.726618705036,0.380952380952,0.380952380952,0.23595505618,0.054054054054,0.739130434783,0.247222222222,0.363636363636,2024,0.9,12,0.95652173913,0,0.98,0
504,2024-04-12,0.130864197531,0.003012048193,0.036253776435,0.102803738318,0.769784172662,0.326530612245,0.25,0.213483146067,0.054054054054,0.782608695652,0.175,0.287878787879,2024,0.9,12,0.869565217391,0,0.99,0
505,2024-04-12,0.155555555556,0.006024096386,0.063444108761,0.18691588785,0.769784172662,0.312925170068,0.178571428571,0.191011235955,0.054054054054,0.782608695652,0.902777777778,0.272727272727,2024,0.9,12,0.826086956522,0,0.97,0
506,2024-04-12,0.111111111111,0.003012048193,0.060422960725,0.177570093458,0.625899280576,0.312925170068,0.25,0.202247191011,0.054054054054,0.782608695652,0.116666666667,0.439393939394,2024,0.9,12,0.739130434783,0,0.92,0
507,2024-04-12,0.118518518519,0.030120481928,0.111782477341,0.252336448598,0.237410071942,0.428571428571,0.333333333333,0.280898876404,0.027027027027,0.695652173913,0.15,0.742424242424,2024,0.9,12,0.652173913043,0,0.86,0
508,2024-04-12,0.143209876543,0.015060240964,0.078549848943,0.205607476636,0.208633093525,0.632653061224,0.166666666667,0.337078651685,0.0,0.608695652174,0.030555555556,0.666666666667,2024,0.9,12,0.608695652174,0,0.88,0
509,2024-04-12,0.162962962963,0.024096385542,0.084592145015,0.18691588785,0.172661870504,0.605442176871,0.178571428571,0.38202247191,0.027027027027,0.521739130435,0.905555555556,0.727272727273,2024,0.9,12,0.565217391304,0,0.98,0
510,2024-04-12,0.140740740741,0.015060240964,0.07250755287,0.168224299065,0.172661870504,0.503401360544,0.202380952381,0.426966292135,0.027027027027,0.478260869565,0.883333333333,0.757575757576,2024,0.9,12,0.478260869565,0,1.0,0
511,2024-04-12,0.135802469136,0.015060240964,0.07250755287,0.177570093458,0.158273381295,0.414965986395,0.190476190476,0.449438202247,0.027027027027,0.434782608696,0.872222222222,0.575757575758,2024,0.9,12,0.434782608696,0,1.0,0
512,2024-04-13,0.108641975309,0.006024096386,0.063444108761,0.177570093458,0.244604316547,0.30612244898,0.166666666667,0.258426966292,0.135135135135,0.478260869565,0.833333333333,0.590909090909,2024,0.9,13,0.391304347826,0,1.0,0
513,2024-04-13,0.140740740741,0.015060240964,0.117824773414,0.317757009346,0.057553956835,0.333333333333,0.154761904762,0.505617977528,0.378378378378,0.347826086957,0.880555555556,0.439393939394,2024,0.9,13,0.347826086957,0,1.0,0
514,2024-04-13,0.145679012346,0.018072289157,0.126888217523,0.345794392523,0.043165467626,0.374149659864,0.25,0.52808988764,0.459459459459,0.347826086957,0.911111111111,0.393939393939,2024,0.9,13,0.304347826087,0,1.0,0
515,2024-04-13,0.133333333333,0.006024096386,0.090634441088,0.252336448598,0.10071942446,0.333333333333,0.22619047619,0.550561797753,0.432432432432,0.304347826087,0.913888888889,0.287878787879,2024,0.9,13,0.260869565217,0,1.0,0
516,2024-04-13,0.138271604938,0.036144578313,0.129909365559,0.289719626168,0.035971223022,0.34693877551,0.297619047619,0.606741573034,0.594594594595,0.260869565217,0.275,0.257575757576,2024,0.9,13,0.173913043478,0,1.0,0
517,2024-04-13,0.123456790123,0.03313253012,0.123867069486,0.280373831776,0.043165467626,0.30612244898,0.261904761905,0.651685393258,0.918918918919,0.217391304348,0.241666666667,0.242424242424,2024,0.9,13,0.130434782609,0,1.0,0
518,2024-04-13,0.153086419753,0.084337349398,0.190332326284,0.327102803738,0.014388489209,0.353741496599,0.380952380952,0.674157303371,0.621621621622,0.173913043478,0.263888888889,0.19696969697,2024,0.9,13,0.04347826087,0,1.0,0
519,2024-04-13,0.153086419753,0.078313253012,0.196374622356,0.364485981308,0.014388489209,0.353741496599,0.345238095238,0.696629213483,0.405405405405,0.173913043478,0.291666666667,0.242424242424,2024,0.9,13,0.0,0,1.0,0
520,2024-04-13,0.172839506173,0.14156626506,0.256797583082,0.355140186916,0.043165467626,0.299319727891,0.214285714286,0.674157303371,0.675675675676,0.217391304348,0.191666666667,0.212121212121,2024,0.9,13,0.086956521739,0,1.0,0
521,2024-04-13,0.192592592593,0.10843373494,0.229607250755,0.373831775701,0.093525179856,0.401360544218,0.380952380952,0.595505617978,0.648648648649,0.304347826087,0.216666666667,0.212121212121,2024,0.9,13,0.217391304348,0,1.0,0
522,2024-04-13,0.2,0.069277108434,0.19335347432,0.383177570093,0.165467625899,0.408163265306,0.345238095238,0.505617977528,0.459459459459,0.391304347826,0.033333333333,0.212121212121,2024,0.9,13,0.521739130435,0,0.99,0
523,2024-04-13,0.222222222222,0.045180722892,0.175226586103,0.401869158879,0.294964028777,0.496598639456,0.464285714286,0.415730337079,0.351351351351,0.478260869565,0.583333333333,0.227272727273,2024,0.9,13,0.695652173913,0,0.96,0
524,2024-04-13,0.2,0.015060240964,0.108761329305,0.289719626168,0.525179856115,0.510204081633,0.428571428571,0.303370786517,0.189189189189,0.608695652174,0.930555555556,0.333333333333,2024,0.9,13,0.782608695652,0,0.99,0
525,2024-04-13,0.101234567901,0.006024096386,0.039274924471,0.11214953271,0.597122302158,0.482993197279,0.392857142857,0.202247191011,0.081081081081,0.695652173913,0.061111111111,0.469696969697,2024,0.9,13,0.913043478261,0,0.97,0
526,2024-04-13,0.116049382716,0.009036144578,0.057401812689,0.14953271028,0.611510791367,0.258503401361,0.107142857143,0.179775280899,0.081081081081,0.782608695652,0.988888888889,0.454545454545,2024,0.9,13,1.0,0,0.93,0
527,2024-04-13,0.101234567901,0.006024096386,0.039274924471,0.102803738318,0.640287769784,0.360544217687,0.166666666667,0.157303370787,0.054054054054,0.826086956522,0.008333333333,0.424242424242,2024,0.9,13,0.95652173913,0,0.99,0
528,2024-04-13,0.118518518519,0.006024096386,0.045317220544,0.121495327103,0.647482014388,0.401360544218,0.190476190476,0.14606741573,0.054054054054,0.869565217391,0.944444444444,0.530303030303,2024,0.9,13,0.869565217391,0,1.0,0
529,2024-04-13,0.111111111111,0.009036144578,0.051359516616,0.130841121495,0.496402877698,0.78231292517,0.22619047619,0.123595505618,0.027027027027,0.869565217391,0.011111111111,0.515151515152,2024,0.9,13,0.826086956522,0,0.97,0
530,2024-04-13,0.106172839506,0.015060240964,0.066465256798,0.158878504673,0.424460431655,0.496598639456,0.238095238095,0.112359550562,0.027027027027,0.869565217391,,0.69696969697,2024,0.9,13,0.739130434783,0,1.0,0
531,2024-04-13,0.098765432099,0.006024096386,0.057401812689,0.158878504673,0.402877697842,0.448979591837,0.178571428571,0.134831460674,0.027027027027,0.782608695652,0.033333333333,0.727272727273,2024,0.9,13,0.652173913043,0,1.0,0
532,2024-04-13,0.111111111111,0.012048192771,0.093655589124,0.252336448598,0.294964028777,0.571428571429,0.178571428571,0.179775280899,0.027027027027,0.695652173913,0.088888888889,0.636363636364,2024,0.9,13,0.608695652174,0,0.96,0
533,2024-04-13,0.165432098765,0.012048192771,0.084592145015,0.233644859813,0.251798561151,0.428571428571,0.119047619048,0.179775280899,0.027027027027,0.608695652174,0.955555555556,0.5,2024,0.9,13,0.565217391304,0,1.0,0
534,2024-04-13,0.135802469136,0.009036144578,0.07250755287,0.196261682243,0.258992805755,0.380952380952,0.166666666667,0.191011235955,0.027027027027,0.565217391304,0.869444444444,0.515151515152,2024,0.9,13,0.478260869565,0,0.98,0
535,2024-04-13,0.116049382716,0.006024096386,0.075528700906,0.205607476636,0.244604316547,0.340136054422,0.166666666667,0.179775280899,0.027027027027,0.521739130435,0.827777777778,0.484848484848,2024,0.9,13,0.434782608696,0,1.0,0
536,2024-04-14,0.148148148148,0.006024096386,0.093655589124,0.271028037383,0.143884892086,0.353741496599,0.214285714286,0.348314606742,0.324324324324,0.521739130435,0.888888888889,0.19696969697,2024,0.9,14,0.391304347826,0,1.0,0
537,2024-04-14,0.116049382716,0.006024096386,0.069486404834,0.196261682243,0.187050359712,0.272108843537,0.142857142857,0.370786516854,0.378378378378,0.434782608696,0.852777777778,0.515151515152,2024,0.9,14,0.347826086957,0,1.0,0
538,2024-04-14,0.123456790123,0.009036144578,0.093655589124,0.261682242991,0.122302158273,0.319727891156,0.261904761905,0.426966292135,0.648648648649,0.391304347826,0.858333333333,0.318181818182,2024,0.9,14,0.304347826087,0,1.0,0
539,2024-04-14,0.133333333333,0.009036144578,0.09667673716,0.271028037383,0.107913669065,0.319727891156,0.27380952381,0.438202247191,0.486486486486,0.347826086957,0.888888888889,0.151515151515,2024,0.9,14,0.260869565217,0,1.0,0
540,2024-04-14,0.138271604938,0.015060240964,0.117824773414,0.317757009346,0.064748201439,0.210884353741,0.142857142857,0.438202247191,0.351351351351,0.304347826087,0.238888888889,,2024,0.9,14,0.173913043478,0,1.0,0
541,2024-04-14,0.133333333333,0.030120481928,0.117824773414,0.271028037383,0.064748201439,0.244897959184,0.202380952381,0.550561797753,0.648648648649,0.260869565217,0.222222222222,0.19696969697,2024,0.9,14,0.130434782609,0,1.0,0
542,2024-04-14,0.162962962963,0.072289156627,0.184290030211,0.345794392523,0.021582733813,0.312925170068,0.309523809524,0.595505617978,0.891891891892,0.217391304348,0.238888888889,0.212121212121,2024,0.9,14,0.04347826087,0,1.0,0
543,2024-04-14,0.19012345679,0.120481927711,0.2416918429,0.373831775701,0.014388489209,0.394557823129,0.380952380952,0.52808988764,0.675675675676,0.217391304348,0.311111111111,0.19696969697,2024,0.9,14,0.0,0,1.0,0
544,2024-04-14,0.175308641975,0.126506024096,0.238670694864,0.355140186916,0.05035971223,0.394557823129,0.321428571429,0.550561797753,0.72972972973,0.260869565217,0.263888888889,0.212121212121,2024,0.9,14,0.086956521739,0,1.0,0
545,2024-04-14,0.20987654321,0.075301204819,0.19335347432,0.364485981308,0.129496402878,0.442176870748,0.440476190476,0.483146067416,0.567567567568,0.304347826087,0.252777777778,0.181818181818,2024,0.9,14,0.217391304348,0,1.0,0
546,2024-04-14,0.2,0.045180722892,0.160120845921,0.355140186916,0.237410071942,0.374149659864,0.345238095238,0.38202247191,0.432432432432,0.434782608696,0.244444444444,0.212121212121,2024,0.9,14,0.521739130435,0,1.0,0
547,2024-04-14,0.177777777778,0.024096385542,0.12084592145,0.308411214953,0.395683453237,0.421768707483,0.416666666667,0.314606741573,0.27027027027,0.565217391304,0.052777777778,0.19696969697,2024,0.9,14,0.695652173913,0,1.0,0
548,2024-04-14,0.18024691358,0.009036144578,0.081570996979,0.224299065421,0.618705035971,0.387755102041,0.369047619048,0.247191011236,0.189189189189,0.652173913043,0.788888888889,0.318181818182,2024,0.9,14,0.782608695652,0,1.0,0
549,2024-04-14,0.133333333333,0.003012048193,0.045317220544,0.130841121495,0.755395683453,0.401360544218,0.392857142857,0.157303370787,0.135135135135,0.739130434783,0.955555555556,0.348484848485,2024,0.9,14,0.913043478261,0,1.0,0
550,2024-04-14,0.113580246914,0.003012048193,0.045317220544,0.130841121495,0.820143884892,0.34693877551,0.297619047619,0.112359550562,0.135135135135,0.826086956522,0.075,,2024,0.9,14,1.0,0,0.99,0
551,2024-04-14,0.083950617284,0.0,0.012084592145,0.03738317757,0.798561151079,0.374149659864,0.345238095238,0.078651685393,0.108108108108,0.826086956522,0.161111111111,0.378787878788,2024,0.9,14,0.95652173913,0,1.0,0
552,2024-04-14,0.086419753086,0.0,0.021148036254,0.056074766355,0.805755395683,0.272108843537,0.214285714286,0.078651685393,0.081081081081,0.869565217391,0.241666666667,0.333333333333,2024,0.9,14,0.869565217391,0,1.0,0
553,2024-04-14,0.113580246914,0.003012048193,0.045317220544,0.130841121495,0.798561151079,0.272108843537,0.202380952381,0.067415730337,0.054054054054,0.913043478261,0.905555555556,0.409090909091,2024,0.9,14,0.826086956522,0,1.0,0
554,2024-04-14,0.088888888889,0.0,0.036253776435,0.11214953271,0.791366906475,0.30612244898,0.238095238095,0.067415730337,0.054054054054,0.913043478261,0.180555555556,0.287878787879,2024,0.9,14,0.739130434783,0,1.0,0
555,2024-04-14,0.096296296296,0.006024096386,0.066465256798,0.18691588785,0.474820143885,0.292517006803,0.22619047619,0.123595505618,0.054054054054,0.826086956522,0.055555555556,0.606060606061,2024,0.9,14,0.652173913043,0,0.99,0
556,2024-04-14,0.118518518519,0.015060240964,0.090634441088,0.233644859813,0.345323741007,0.312925170068,0.119047619048,0.247191011236,0.027027027027,0.739130434783,0.127777777778,0.621212121212,2024,0.9,14,0.608695652174,0,1.0,0
557,2024-04-14,0.148148148148,0.027108433735,0.157099697885,0.401869158879,0.258992805755,0.482993197279,0.202380952381,0.258426966292,0.054054054054,0.652173913043,0.111111111111,0.439393939394,2024,0.9,14,0.565217391304,0,1.0,0
558,2024-04-14,0.165432098765,0.003012048193,0.078549848943,0.233644859813,0.244604316547,0.442176870748,0.238095238095,0.269662921348,0.027027027027,0.608695652174,0.986111111111,0.287878787879,2024,0.9,14,0.478260869565,0,0.99,0
559,2024-04-14,0.16049382716,0.009036144578,0.087613293051,0.242990654206,0.158273381295,0.340136054422,0.190476190476,0.337078651685,0.081081081081,0.565217391304,0.85,0.333333333333,2024,0.9,14,0.434782608696,0,1.0,0
560,2024-04-15,0.20987654321,0.036144578313,0.172205438066,0.420560747664,0.028776978417,0.285714285714,0.22619047619,0.325842696629,0.189189189189,0.478260869565,0.308333333333,0.19696969697,2024,0.9,15,0.347826086957,0,1.0,0
561,2024-04-15,0.182716049383,0.078313253012,0.202416918429,0.383177570093,0.021582733813,0.299319727891,0.214285714286,0.370786516854,0.243243243243,0.434782608696,0.280555555556,0.19696969697,2024,0.9,15,0.304347826087,0,1.0,0
562,2024-04-15,0.165432098765,0.03313253012,0.154078549849,0.364485981308,0.014388489209,0.34693877551,0.25,0.460674157303,0.621621621622,0.391304347826,0.130555555556,0.136363636364,2024,0.9,15,0.260869565217,0,1.0,0
563,2024-04-15,0.17037037037,0.039156626506,0.148036253776,0.336448598131,0.021582733813,0.258503401361,0.130952380952,0.483146067416,0.783783783784,0.391304347826,0.211111111111,,2024,0.9,15,0.173913043478,0,1.0,0
564,2024-04-15,0.165432098765,0.006024096386,0.114803625378,0.327102803738,0.057553956835,0.34693877551,0.321428571429,0.449438202247,0.27027027027,0.347826086957,0.386111111111,0.121212121212,2024,0.9,15,0.130434782609,0,1.0,0
565,2024-04-15,0.271604938272,0.114457831325,0.235649546828,0.373831775701,0.021582733813,0.34693877551,0.345238095238,0.449438202247,0.108108108108,0.347826086957,0.563888888889,0.181818181818,2024,0.9,15,0.04347826087,0,1.0,0
566,2024-04-15,0.333333333333,0.114457831325,0.232628398792,0.364485981308,0.014388489209,0.333333333333,0.261904761905,0.47191011236,0.081081081081,0.347826086957,0.502777777778,0.19696969697,2024,0.9,15,0.0,0,0.99,0
567,2024-04-15,0.377777777778,0.132530120482,0.262839879154,0.401869158879,0.035971223022,0.374149659864,0.321428571429,0.438202247191,0.081081081081,0.391304347826,0.472222222222,0.121212121212,2024,0.9,15,0.086956521739,0,0.86,0
568,2024-04-15,0.404938271605,0.180722891566,0.371601208459,0.579439252336,0.064748201439,0.551020408163,0.571428571429,0.404494382022,0.081081081081,0.434782608696,0.936111111111,0.19696969697,2024,0.9,15,0.217391304348,0,0.97,0
569,2024-04-15,0.358024691358,0.075301204819,0.262839879154,0.588785046729,0.201438848921,0.503401360544,0.464285714286,0.359550561798,0.081081081081,0.521739130435,0.894444444444,0.19696969697,2024,0.9,15,0.521739130435,0,0.99,0
570,2024-04-15,0.358024691358,0.036144578313,0.229607250755,0.598130841121,0.410071942446,0.496598639456,0.464285714286,0.303370786517,0.081081081081,0.608695652174,0.738888888889,0.212121212121,2024,0.9,15,0.695652173913,0,0.92,0
571,2024-04-15,0.276543209877,0.012048192771,0.14501510574,0.411214953271,0.68345323741,0.557823129252,0.595238095238,0.23595505618,0.081081081081,0.739130434783,0.819444444444,0.257575757576,2024,0.9,15,0.782608695652,0,0.98,0
572,2024-04-15,0.197530864198,0.006024096386,0.087613293051,0.242990654206,0.762589928058,0.47619047619,0.440476190476,0.168539325843,0.081081081081,0.826086956522,0.961111111111,0.287878787879,2024,0.9,15,0.913043478261,0,0.95,0
573,2024-04-15,0.158024691358,0.003012048193,0.057401812689,0.168224299065,0.863309352518,0.414965986395,0.345238095238,0.101123595506,0.054054054054,0.913043478261,0.436111111111,0.378787878788,2024,0.9,15,0.95652173913,0,0.96,0
574,2024-04-15,0.133333333333,0.0,0.039274924471,0.121495327103,0.848920863309,0.367346938776,0.309523809524,0.101123595506,0.054054054054,0.95652173913,0.361111111111,0.333333333333,2024,0.9,15,0.869565217391,0,0.97,0
575,2024-04-15,0.140740740741,0.006024096386,0.051359516616,0.130841121495,0.474820143885,0.319727891156,0.22619047619,0.123595505618,0.135135135135,0.913043478261,0.469444444444,0.681818181818,2024,0.9,15,0.826086956522,0,0.99,0
576,2024-04-15,0.167901234568,0.009036144578,0.078549848943,0.214953271028,0.402877697842,0.585034013605,0.345238095238,0.157303370787,0.189189189189,0.826086956522,0.491666666667,0.681818181818,2024,0.9,15,0.739130434783,0,0.97,0
577,2024-04-15,0.143209876543,0.003012048193,0.051359516616,0.14953271028,0.460431654676,0.455782312925,0.285714285714,0.191011235955,0.054054054054,0.782608695652,0.461111111111,0.727272727273,2024,0.9,15,0.652173913043,0,1.0,0
578,2024-04-15,0.19012345679,0.003012048193,0.069486404834,0.205607476636,0.359712230216,0.496598639456,0.297619047619,0.224719101124,0.027027027027,0.695652173913,0.480555555556,0.424242424242,2024,0.9,15,0.608695652174,0,0.97,0
579,2024-04-15,0.22962962963,0.009036144578,0.108761329305,0.308411214953,0.230215827338,0.367346938776,0.261904761905,0.213483146067,0.054054054054,0.695652173913,0.469444444444,0.257575757576,2024,0.9,15,0.565217391304,0,0.99,0
580,2024-04-15,0.232098765432,0.021084337349,0.123867069486,0.317757009346,0.179856115108,0.326530612245,0.238095238095,0.191011235955,0.054054054054,0.652173913043,0.683333333333,0.318181818182,2024,0.9,15,0.478260869565,0,1.0,0
581,2024-04-15,0.143209876543,0.009036144578,0.07250755287,0.196261682243,0.287769784173,0.312925170068,0.27380952381,0.292134831461,0.081081081081,0.652173913043,0.836111111111,0.363636363636,2024,0.9,15,0.434782608696,0,1.0,0
582,2024-04-16,0.118518518519,0.003012048193,0.057401812689,0.168224299065,0.309352517986,0.340136054422,0.202380952381,0.404494382022,0.189189189189,0.565217391304,0.827777777778,0.454545454545,2024,0.9,16,0.391304347826,0,1.0,0
583,2024-04-16,,,,,,0.312925170068,0.27380952381,0.314606741573,,0.521739130435,0.5,0.227272727273,2024,0.9,16,0.347826086957,0,1.0,0
584,2024-04-16,,,,,,0.360544217687,0.309523809524,0.348314606742,,0.478260869565,0.477777777778,0.212121212121,2024,0.9,16,0.304347826087,0,1.0,0
585,2024-04-16,,,,,,0.414965986395,0.392857142857,0.359550561798,,0.478260869565,0.511111111111,0.19696969697,2024,0.9,16,0.260869565217,0,1.0,0
586,2024-04-16,0.214814814815,0.012048192771,0.111782477341,0.308411214953,0.086330935252,0.394557823129,0.357142857143,0.38202247191,0.054054054054,0.434782608696,0.530555555556,0.181818181818,2024,0.9,16,0.173913043478,0,1.0,0
587,2024-04-16,0.187654320988,0.015060240964,0.111782477341,0.308411214953,0.086330935252,0.387755102041,0.452380952381,0.404494382022,0.027027027027,0.391304347826,0.502777777778,0.212121212121,2024,0.9,16,0.130434782609,0,1.0,0
588,2024-04-16,0.249382716049,0.057228915663,0.166163141994,0.336448598131,0.057553956835,0.34693877551,0.25,0.404494382022,0.054054054054,0.391304347826,0.572222222222,,2024,0.9,16,0.04347826087,0,1.0,0
589,2024-04-16,0.42962962963,0.126506024096,0.253776435045,0.392523364486,0.021582733813,0.360544217687,0.380952380952,0.415730337079,0.054054054054,0.347826086957,0.516666666667,0.106060606061,2024,0.9,16,0.0,0,0.98,0
590,2024-04-16,0.37037037037,0.198795180723,0.401812688822,0.626168224299,0.057553956835,0.401360544218,0.321428571429,0.337078651685,0.108108108108,0.521739130435,0.266666666667,0.166666666667,2024,0.9,16,0.217391304348,0,0.97,0
591,2024-04-16,0.286419753086,0.075301204819,0.259818731118,0.570093457944,0.194244604317,0.43537414966,0.369047619048,0.280898876404,0.081081081081,0.565217391304,0.241666666667,0.181818181818,2024,0.9,16,0.521739130435,0,0.99,0
592,2024-04-16,0.2,0.036144578313,0.157099697885,0.373831775701,0.330935251799,0.421768707483,0.428571428571,0.224719101124,0.054054054054,0.695652173913,0.136111111111,0.257575757576,2024,0.9,16,0.695652173913,0,1.0,0
593,2024-04-16,0.120987654321,0.018072289157,0.084592145015,0.205607476636,0.395683453237,0.319727891156,0.309523809524,0.157303370787,0.054054054054,0.782608695652,0.125,0.287878787879,2024,0.9,16,0.782608695652,0,0.99,0
594,2024-04-16,0.079012345679,0.012048192771,0.042296072508,0.093457943925,0.359712230216,0.251700680272,0.238095238095,0.067415730337,0.027027027027,0.869565217391,0.272222222222,0.318181818182,2024,0.9,16,0.913043478261,0,0.97,0
595,2024-04-16,0.076543209877,0.009036144578,0.033232628399,0.07476635514,0.424460431655,0.163265306122,0.107142857143,0.044943820225,0.054054054054,0.913043478261,0.194444444444,0.348484848485,2024,0.9,16,1.0,0,0.96,0
596,2024-04-16,0.096296296296,0.006024096386,0.042296072508,0.11214953271,0.604316546763,0.176870748299,0.154761904762,0.067415730337,0.081081081081,0.913043478261,0.261111111111,0.318181818182,2024,0.9,16,0.95652173913,0,0.96,0
597,2024-04-16,0.098765432099,0.003012048193,0.036253776435,0.102803738318,0.697841726619,0.231292517007,0.190476190476,0.078651685393,0.108108108108,0.95652173913,0.25,0.393939393939,2024,0.9,16,0.869565217391,0,1.0,0
598,2024-04-16,0.106172839506,0.0,0.018126888218,0.056074766355,0.791366906475,0.312925170068,0.22619047619,0.078651685393,0.108108108108,0.95652173913,0.366666666667,0.333333333333,2024,0.9,16,0.826086956522,0,1.0,0
599,2024-04-16,0.172839506173,0.006024096386,0.060422960725,0.177570093458,0.589928057554,0.340136054422,0.190476190476,0.134831460674,0.054054054054,0.913043478261,0.491666666667,0.5,2024,0.9,16,0.739130434783,0,0.96,0
600,2024-04-16,0.202469135802,0.003012048193,0.057401812689,0.177570093458,0.503597122302,0.496598639456,0.369047619048,0.202247191011,0.081081081081,0.826086956522,0.469444444444,0.621212121212,2024,0.9,16,0.652173913043,0,0.97,0
601,2024-04-16,0.222222222222,0.009036144578,0.093655589124,0.252336448598,0.352517985612,0.591836734694,0.571428571429,0.191011235955,0.081081081081,0.782608695652,0.658333333333,0.348484848485,2024,0.9,16,0.608695652174,0,0.95,0
602,2024-04-16,0.130864197531,0.006024096386,0.051359516616,0.140186915888,0.359712230216,0.43537414966,0.357142857143,0.247191011236,0.081081081081,0.739130434783,0.836111111111,0.69696969697,2024,0.9,16,0.565217391304,0,0.99,0
603,2024-04-16,0.135802469136,0.009036144578,0.066465256798,0.177570093458,0.294964028777,0.591836734694,0.261904761905,0.325842696629,0.108108108108,0.652173913043,0.847222222222,0.863636363636,2024,0.9,16,0.478260869565,0,1.0,0
604,2024-04-16,0.135802469136,0.006024096386,0.054380664653,0.14953271028,0.323741007194,0.605442176871,0.238095238095,0.393258426966,0.135135135135,0.565217391304,0.886111111111,0.681818181818,2024,0.9,16,0.434782608696,0,1.0,0
605,2024-04-17,0.135802469136,0.003012048193,0.051359516616,0.14953271028,0.26618705036,0.428571428571,0.309523809524,0.483146067416,0.135135135135,0.521739130435,0.802777777778,0.469696969697,2024,0.9,17,0.391304347826,0,1.0,0
606,2024-04-17,0.101234567901,0.0,0.027190332326,0.07476635514,0.381294964029,0.251700680272,0.22619047619,0.404494382022,0.216216216216,0.521739130435,0.811111111111,0.333333333333,2024,0.9,17,0.347826086957,0,1.0,0
607,2024-04-17,0.116049382716,0.0,0.045317220544,0.140186915888,0.31654676259,0.176870748299,0.190476190476,0.415730337079,0.135135135135,0.521739130435,0.802777777778,0.075757575758,2024,0.9,17,0.304347826087,0,1.0,0
608,2024-04-17,0.143209876543,0.009036144578,0.087613293051,0.252336448598,0.187050359712,0.210884353741,0.202380952381,0.438202247191,0.108108108108,0.478260869565,0.475,0.090909090909,2024,0.9,17,0.260869565217,0,1.0,0
609,2024-04-17,0.19012345679,0.012048192771,0.148036253776,0.420560747664,0.05035971223,0.224489795918,0.214285714286,0.449438202247,0.108108108108,0.434782608696,0.427777777778,0.106060606061,2024,0.9,17,0.173913043478,0,1.0,0
610,2024-04-17,0.185185185185,0.012048192771,0.12084592145,0.336448598131,0.064748201439,0.224489795918,0.166666666667,0.460674157303,0.108108108108,0.434782608696,0.516666666667,0.166666666667,2024,0.9,17,0.130434782609,0,1.0,0
611,2024-04-17,0.276543209877,0.072289156627,0.190332326284,0.364485981308,0.028776978417,0.34693877551,0.309523809524,0.47191011236,0.108108108108,0.391304347826,0.525,0.19696969697,2024,0.9,17,0.04347826087,0,1.0,0
612,2024-04-17,0.283950617284,0.057228915663,0.16918429003,0.336448598131,0.028776978417,0.482993197279,0.452380952381,0.460674157303,0.081081081081,0.391304347826,0.5,0.136363636364,2024,0.9,17,0.0,0,0.93,0
613,2024-04-17,0.392592592593,0.153614457831,0.296072507553,0.439252336449,0.035971223022,0.414965986395,0.345238095238,0.426966292135,0.108108108108,0.434782608696,0.855555555556,0.19696969697,2024,0.9,17,0.086956521739,0,0.95,0
614,2024-04-17,0.320987654321,0.171686746988,0.347432024169,0.532710280374,0.071942446043,0.530612244898,0.464285714286,0.404494382022,0.243243243243,0.478260869565,0.875,0.318181818182,2024,0.9,17,0.217391304348,0,0.95,0
615,2024-04-17,0.202469135802,0.036144578313,0.151057401813,0.364485981308,0.294964028777,0.537414965986,0.452380952381,0.348314606742,0.162162162162,0.608695652174,0.980555555556,0.212121212121,2024,0.9,17,0.521739130435,0,0.93,0
616,2024-04-17,0.224691358025,0.024096385542,0.166163141994,0.439252336449,0.467625899281,0.34693877551,0.285714285714,0.303370786517,0.135135135135,0.652173913043,0.283333333333,0.333333333333,2024,0.9,17,0.695652173913,0,0.94,0
617,2024-04-17,0.195061728395,0.009036144578,0.111782477341,0.317757009346,0.676258992806,0.537414965986,0.52380952381,0.258426966292,0.135135135135,0.739130434783,0.088888888889,0.318181818182,2024,0.9,17,0.782608695652,0,0.97,0
618,2024-04-17,0.185185185185,0.006024096386,0.078549848943,0.224299065421,0.755395683453,0.544217687075,0.52380952381,0.202247191011,0.135135135135,0.826086956522,0.630555555556,0.287878787879,2024,0.9,17,0.913043478261,0,0.96,0
619,2024-04-17,0.138271604938,0.0,0.042296072508,0.130841121495,0.870503597122,0.360544217687,0.333333333333,0.157303370787,0.135135135135,0.869565217391,0.388888888889,0.348484848485,2024,0.9,17,1.0,0,0.89,0
620,2024-04-17,0.118518518519,0.0,0.02416918429,0.07476635514,0.805755395683,0.387755102041,0.380952380952,0.134831460674,0.135135135135,0.869565217391,0.319444444444,0.393939393939,2024,0.9,17,0.95652173913,0,0.94,0
621,2024-04-17,0.207407407407,0.009036144578,0.093655589124,0.261682242991,0.676258992806,0.380952380952,0.321428571429,0.14606741573,0.162162162162,0.869565217391,0.641666666667,0.560606060606,2024,0.9,17,0.869565217391,0,0.98,0
622,2024-04-17,0.145679012346,0.003012048193,0.04833836858,0.140186915888,0.647482014388,0.482993197279,0.357142857143,0.134831460674,0.162162162162,0.913043478261,0.45,0.424242424242,2024,0.9,17,0.826086956522,0,0.99,0
623,2024-04-17,0.130864197531,0.0,0.033232628399,0.102803738318,0.553956834532,0.34693877551,0.25,0.168539325843,0.162162162162,0.869565217391,0.352777777778,0.560606060606,2024,0.9,17,0.739130434783,0,0.99,0
624,2024-04-17,0.18024691358,0.003012048193,0.060422960725,0.177570093458,0.438848920863,0.56462585034,0.285714285714,0.202247191011,0.108108108108,0.826086956522,0.475,0.621212121212,2024,0.9,17,0.652173913043,0,0.99,0
625,2024-04-17,0.192592592593,0.003012048193,0.07250755287,0.214953271028,0.388489208633,0.43537414966,0.297619047619,0.213483146067,0.054054054054,0.739130434783,0.469444444444,0.560606060606,2024,0.9,17,0.608695652174,0,1.0,0
626,2024-04-17,0.187654320988,0.012048192771,0.087613293051,0.224299065421,0.280575539568,0.394557823129,0.333333333333,0.23595505618,0.054054054054,0.739130434783,0.666666666667,0.515151515152,2024,0.9,17,0.565217391304,0,0.99,0
627,2024-04-17,0.153086419753,0.009036144578,0.060422960725,0.158878504673,0.251798561151,0.43537414966,0.321428571429,0.314606741573,0.054054054054,0.652173913043,0.872222222222,0.742424242424,2024,0.9,17,0.478260869565,0,0.98,0
628,2024-04-17,0.158024691358,0.006024096386,0.057401812689,0.158878504673,0.237410071942,0.714285714286,0.357142857143,0.404494382022,0.081081081081,0.565217391304,0.866666666667,0.560606060606,2024,0.9,17,0.434782608696,0,1.0,0
629,2024-04-18,0.165432098765,0.003012048193,0.078549848943,0.224299065421,0.230215827338,0.34693877551,0.27380952381,0.438202247191,0.054054054054,0.521739130435,0.794444444444,0.469696969697,2024,0.9,18,0.391304347826,0,1.0,0
630,2024-04-18,0.125925925926,0.003012048193,0.036253776435,0.102803738318,0.309352517986,0.319727891156,0.27380952381,0.460674157303,0.135135135135,0.521739130435,0.838888888889,0.272727272727,2024,0.9,18,0.347826086957,0,1.0,0
631,2024-04-18,0.165432098765,0.006024096386,0.078549848943,0.233644859813,0.151079136691,0.265306122449,0.27380952381,0.494382022472,0.135135135135,0.478260869565,0.902777777778,0.106060606061,2024,0.9,18,0.304347826087,0,1.0,0
632,2024-04-18,0.182716049383,0.009036144578,0.12084592145,0.345794392523,0.079136690647,0.340136054422,0.345238095238,0.505617977528,0.108108108108,0.478260869565,0.438888888889,0.212121212121,2024,0.9,18,0.260869565217,0,1.0,0
633,2024-04-18,0.162962962963,0.003012048193,0.078549848943,0.233644859813,0.115107913669,0.319727891156,0.309523809524,0.505617977528,0.081081081081,0.434782608696,0.558333333333,0.166666666667,2024,0.9,18,0.173913043478,0,1.0,0
634,2024-04-18,0.2,0.024096385542,0.111782477341,0.271028037383,0.064748201439,0.408163265306,0.464285714286,0.505617977528,0.108108108108,0.434782608696,0.619444444444,,2024,0.9,18,0.130434782609,0,1.0,0
635,2024-04-18,0.256790123457,0.069277108434,0.175226586103,0.327102803738,0.021582733813,0.367346938776,0.357142857143,0.52808988764,0.108108108108,0.391304347826,0.733333333333,0.121212121212,2024,0.9,18,0.04347826087,0,1.0,0
636,2024-04-18,0.335802469136,0.180722891566,0.311178247734,0.401869158879,0.014388489209,0.428571428571,0.452380952381,0.494382022472,0.108108108108,0.391304347826,0.888888888889,0.181818181818,2024,0.9,18,0.0,0,0.88,0
637,2024-04-18,0.313580246914,0.33734939759,0.471299093656,0.411214953271,0.021582733813,0.482993197279,0.488095238095,0.483146067416,0.162162162162,0.391304347826,0.269444444444,0.212121212121,2024,0.9,18,0.086956521739,0,0.9,0
638,2024-04-18,0.328395061728,0.153614457831,0.317220543807,0.504672897196,0.064748201439,0.530612244898,0.440476190476,0.449438202247,0.135135135135,0.478260869565,0.313888888889,0.257575757576,2024,0.9,18,0.217391304348,0,0.95,0
639,2024-04-18,0.237037037037,0.045180722892,0.166163141994,0.373831775701,0.237410071942,0.598639455782,0.5,0.404494382022,0.108108108108,0.565217391304,0.263888888889,0.287878787879,2024,0.9,18,0.521739130435,0,0.95,0
640,2024-04-18,0.172839506173,0.018072289157,0.102719033233,0.261682242991,0.410071942446,0.571428571429,0.47619047619,0.337078651685,0.108108108108,0.652173913043,0.022222222222,0.257575757576,2024,0.9,18,0.695652173913,0,0.94,0
641,2024-04-18,0.138271604938,0.006024096386,0.054380664653,0.14953271028,0.510791366906,0.408163265306,0.380952380952,0.247191011236,0.081081081081,0.739130434783,0.1,0.287878787879,2024,0.9,18,0.782608695652,0,0.92,0
642,2024-04-18,0.111111111111,0.003012048193,0.030211480363,0.084112149533,0.58273381295,0.312925170068,0.297619047619,0.179775280899,0.135135135135,0.826086956522,0.269444444444,0.333333333333,2024,0.9,18,0.913043478261,0,0.97,0
643,2024-04-18,0.118518518519,0.003012048193,0.045317220544,0.130841121495,0.625899280576,0.258503401361,0.22619047619,0.157303370787,0.108108108108,0.826086956522,0.186111111111,0.333333333333,2024,0.9,18,1.0,0,0.89,0
644,2024-04-18,0.165432098765,0.009036144578,0.069486404834,0.18691588785,0.561151079137,0.156462585034,0.083333333333,0.157303370787,0.189189189189,0.826086956522,0.552777777778,0.469696969697,2024,0.9,18,0.95652173913,0,0.85,0
645,2024-04-18,0.155555555556,0.009036144578,0.057401812689,0.158878504673,0.482014388489,0.285714285714,0.22619047619,0.191011235955,0.216216216216,0.782608695652,0.486111111111,0.651515151515,2024,0.9,18,0.869565217391,0,0.89,0
646,2024-04-18,0.2,0.015060240964,0.093655589124,0.242990654206,0.496402877698,0.802721088435,0.357142857143,0.213483146067,0.162162162162,0.782608695652,0.711111111111,0.621212121212,2024,0.9,18,0.826086956522,0,0.99,0
647,2024-04-18,0.16049382716,0.009036144578,0.07250755287,0.205607476636,0.446043165468,0.387755102041,0.380952380952,0.247191011236,0.081081081081,0.739130434783,0.213888888889,0.515151515152,2024,0.9,18,0.739130434783,0,0.94,0
648,2024-04-18,0.162962962963,0.0,0.060422960725,0.177570093458,0.345323741007,0.34693877551,0.297619047619,0.269662921348,0.054054054054,0.695652173913,0.313888888889,0.363636363636,2024,0.9,18,0.652173913043,0,0.92,0
649,2024-04-18,0.251851851852,0.015060240964,0.117824773414,0.327102803738,0.223021582734,0.34693877551,0.27380952381,0.280898876404,0.054054054054,0.695652173913,0.580555555556,0.166666666667,2024,0.9,18,0.608695652174,0,0.97,0
650,2024-04-18,0.249382716049,0.009036144578,0.151057401813,0.439252336449,0.143884892086,0.414965986395,0.297619047619,0.325842696629,0.054054054054,0.652173913043,0.125,0.257575757576,2024,0.9,18,0.565217391304,0,1.0,0
651,2024-04-18,0.155555555556,0.006024096386,0.081570996979,0.242990654206,0.26618705036,0.510204081633,0.333333333333,0.393258426966,0.054054054054,0.565217391304,0.055555555556,0.469696969697,2024,0.9,18,0.478260869565,0,1.0,0
652,2024-04-18,0.16049382716,0.006024096386,0.07250755287,0.205607476636,0.26618705036,0.43537414966,0.285714285714,0.38202247191,0.027027027027,0.565217391304,0.927777777778,0.378787878788,2024,0.9,18,0.434782608696,0,1.0,0
653,2024-04-19,0.20987654321,0.009036144578,0.12084592145,0.345794392523,0.136690647482,0.238095238095,0.321428571429,0.741573033708,0.027027027027,0.304347826087,0.980555555556,0.333333333333,2024,0.9,19,0.391304347826,0,1.0,0
654,2024-04-19,0.153086419753,0.006024096386,0.075528700906,0.224299065421,0.223021582734,0.367346938776,0.321428571429,0.438202247191,0.054054054054,0.521739130435,0.8,0.333333333333,2024,0.9,19,0.347826086957,0,1.0,0
655,2024-04-19,0.145679012346,0.006024096386,0.102719033233,0.299065420561,0.165467625899,0.333333333333,0.333333333333,0.449438202247,0.162162162162,0.478260869565,0.841666666667,0.212121212121,2024,0.9,19,0.304347826087,0,1.0,0
656,2024-04-19,0.155555555556,0.006024096386,0.108761329305,0.317757009346,0.143884892086,0.34693877551,0.357142857143,0.460674157303,0.459459459459,0.478260869565,0.827777777778,0.181818181818,2024,0.9,19,0.260869565217,0,1.0,0
657,2024-04-19,0.182716049383,0.012048192771,0.14501510574,0.411214953271,0.064748201439,0.360544217687,0.380952380952,0.483146067416,0.297297297297,0.434782608696,0.291666666667,0.136363636364,2024,0.9,19,0.173913043478,0,0.99,0
658,2024-04-19,0.261728395062,0.063253012048,0.208459214502,0.457943925234,0.007194244604,0.394557823129,0.380952380952,0.516853932584,0.108108108108,0.391304347826,0.433333333333,,2024,0.9,19,0.130434782609,0,1.0,0
659,2024-04-19,0.306172839506,0.102409638554,0.235649546828,0.411214953271,0.014388489209,0.414965986395,0.380952380952,0.52808988764,0.081081081081,0.391304347826,0.522222222222,0.151515151515,2024,0.9,19,0.04347826087,0,0.97,0
660,2024-04-19,0.325925925926,0.084337349398,0.211480362538,0.392523364486,0.014388489209,0.489795918367,0.488095238095,0.516853932584,0.054054054054,0.391304347826,0.463888888889,0.106060606061,2024,0.9,19,0.0,0,0.98,0
661,2024-04-19,0.377777777778,0.231927710843,0.374622356495,0.439252336449,0.021582733813,0.503401360544,0.5,0.516853932584,0.135135135135,0.391304347826,0.325,0.151515151515,2024,0.9,19,0.086956521739,0,0.93,0
662,2024-04-19,0.281481481481,0.111445783133,0.256797583082,0.448598130841,0.071942446043,0.591836734694,0.559523809524,0.516853932584,0.297297297297,0.434782608696,0.758333333333,0.30303030303,2024,0.9,19,0.217391304348,0,0.96,0
663,2024-04-19,0.266666666667,0.066265060241,0.208459214502,0.439252336449,0.201438848921,0.544217687075,0.535714285714,0.47191011236,0.324324324324,0.521739130435,0.711111111111,0.227272727273,2024,0.9,19,0.521739130435,0,0.95,0
664,2024-04-19,0.232098765432,0.024096385542,0.151057401813,0.392523364486,0.41726618705,0.530612244898,0.547619047619,0.393258426966,0.324324324324,0.608695652174,0.308333333333,0.19696969697,2024,0.9,19,0.695652173913,0,1.0,0
665,2024-04-19,0.234567901235,0.012048192771,0.138972809668,0.392523364486,0.654676258993,0.448979591837,0.47619047619,0.325842696629,0.243243243243,0.695652173913,0.263888888889,0.272727272727,2024,0.9,19,0.782608695652,0,0.99,0
666,2024-04-19,0.21975308642,0.009036144578,0.102719033233,0.289719626168,0.769784172662,0.537414965986,0.595238095238,0.258426966292,0.162162162162,0.739130434783,0.958333333333,0.257575757576,2024,0.9,19,0.913043478261,0,0.95,0
667,2024-04-19,0.21975308642,0.003012048193,0.081570996979,0.242990654206,0.992805755396,0.517006802721,0.583333333333,0.23595505618,0.189189189189,0.782608695652,0.502777777778,0.363636363636,2024,0.9,19,1.0,0,0.97,0
668,2024-04-19,0.17037037037,0.003012048193,0.057401812689,0.168224299065,0.661870503597,0.503401360544,0.583333333333,0.247191011236,0.27027027027,0.782608695652,0.433333333333,0.606060606061,2024,0.9,19,0.95652173913,0,0.98,0
669,2024-04-19,0.269135802469,0.018072289157,0.123867069486,0.327102803738,0.36690647482,0.489795918367,0.428571428571,0.280898876404,0.27027027027,0.739130434783,0.586111111111,0.515151515152,2024,0.9,19,0.869565217391,0,0.97,0
670,2024-04-19,0.318518518519,0.015060240964,0.16918429003,0.476635514019,0.453237410072,0.482993197279,0.488095238095,0.325842696629,0.297297297297,0.695652173913,0.691666666667,0.484848484848,2024,0.9,19,0.826086956522,0,0.93,0
671,2024-04-19,0.320987654321,0.015060240964,0.160120845921,0.448598130841,0.402877697842,0.47619047619,0.52380952381,0.460674157303,0.162162162162,0.565217391304,0.847222222222,0.606060606061,2024,0.9,19,0.739130434783,0,0.96,0
672,2024-04-19,0.232098765432,0.015060240964,0.126888217523,0.336448598131,0.359712230216,0.517006802721,0.535714285714,0.595505617978,0.108108108108,0.434782608696,0.980555555556,0.409090909091,2024,0.9,19,0.652173913043,0,0.97,0
673,2024-04-19,0.234567901235,0.015060240964,0.129909365559,0.355140186916,0.251798561151,0.387755102041,0.416666666667,0.651685393258,0.054054054054,0.391304347826,0.019444444444,0.348484848485,2024,0.9,19,0.608695652174,0,0.95,0
674,2024-04-19,0.195061728395,0.015060240964,0.111782477341,0.299065420561,0.179856115108,0.231292517007,0.321428571429,0.685393258427,0.054054054054,0.347826086957,0.244444444444,0.19696969697,2024,0.9,19,0.434782608696,0,1.0,0
675,2024-04-20,0.21975308642,0.012048192771,0.105740181269,0.299065420561,0.143884892086,0.224489795918,0.297619047619,0.606741573034,0.027027027027,0.347826086957,0.588888888889,0.242424242424,2024,0.9,20,0.391304347826,0,1.0,0
676,2024-04-20,0.249382716049,0.027108433735,0.178247734139,0.467289719626,0.05035971223,0.224489795918,0.285714285714,0.76404494382,0.054054054054,0.347826086957,0.888888888889,0.424242424242,2024,0.9,20,0.347826086957,0,1.0,0
677,2024-04-20,0.234567901235,0.009036144578,0.132930513595,0.383177570093,0.10071942446,0.360544217687,0.511904761905,0.752808988764,0.081081081081,0.347826086957,0.891666666667,0.181818181818,2024,0.9,20,0.304347826087,0,1.0,0
678,2024-04-20,0.222222222222,0.003012048193,0.093655589124,0.280373831776,0.158273381295,0.421768707483,0.654761904762,0.730337078652,0.054054054054,0.347826086957,0.422222222222,0.136363636364,2024,0.9,20,0.260869565217,0,1.0,0
679,2024-04-20,0.256790123457,0.027108433735,0.163141993958,0.420560747664,0.028776978417,0.408163265306,0.642857142857,0.786516853933,0.054054054054,0.347826086957,0.063888888889,0.19696969697,2024,0.9,20,0.173913043478,0,1.0,0
680,2024-04-20,0.266666666667,0.039156626506,0.160120845921,0.373831775701,0.0,0.374149659864,0.547619047619,0.921348314607,0.054054054054,0.260869565217,0.336111111111,0.287878787879,2024,0.9,20,0.130434782609,0,1.0,0
681,2024-04-20,0.251851851852,0.030120481928,0.151057401813,0.364485981308,0.021582733813,0.34693877551,0.5,0.842696629213,0.027027027027,0.260869565217,0.469444444444,0.287878787879,2024,0.9,20,0.04347826087,0,1.0,0
682,2024-04-20,0.338271604938,0.10843373494,0.229607250755,0.373831775701,0.007194244604,0.326530612245,0.452380952381,0.808988764045,0.054054054054,0.304347826087,0.477777777778,0.121212121212,2024,0.9,20,0.0,0,1.0,0
683,2024-04-20,0.340740740741,0.135542168675,0.271903323263,0.420560747664,0.028776978417,0.374149659864,0.511904761905,0.741573033708,0.054054054054,0.347826086957,0.375,,2024,0.9,20,0.086956521739,0,1.0,0
684,2024-04-20,0.353086419753,0.159638554217,0.344410876133,0.570093457944,0.057553956835,0.401360544218,0.511904761905,0.696629213483,0.081081081081,0.391304347826,0.202777777778,0.318181818182,2024,0.9,20,0.217391304348,0,0.99,0
685,2024-04-20,0.246913580247,0.084337349398,0.229607250755,0.448598130841,0.165467625899,0.530612244898,0.702380952381,0.651685393258,0.081081081081,0.434782608696,0.261111111111,0.348484848485,2024,0.9,20,0.521739130435,0,0.99,0
686,2024-04-20,0.19012345679,0.024096385542,0.114803625378,0.280373831776,0.374100719424,0.47619047619,0.666666666667,0.47191011236,0.054054054054,0.565217391304,0.2,0.287878787879,2024,0.9,20,0.695652173913,0,0.99,0
687,2024-04-20,0.140740740741,0.006024096386,0.045317220544,0.121495327103,0.575539568345,0.380952380952,0.5,0.359550561798,0.054054054054,0.652173913043,0.072222222222,0.348484848485,2024,0.9,20,0.782608695652,0,0.96,0
688,2024-04-20,0.150617283951,0.003012048193,0.045317220544,0.130841121495,0.755395683453,0.34693877551,0.404761904762,0.325842696629,0.054054054054,0.695652173913,0.113888888889,0.424242424242,2024,0.9,20,0.913043478261,0,0.98,0
689,2024-04-20,0.155555555556,0.003012048193,0.054380664653,0.158878504673,0.748201438849,0.414965986395,0.488095238095,0.292134831461,0.054054054054,0.739130434783,0.038888888889,0.333333333333,2024,0.9,20,1.0,0,0.99,0
690,2024-04-20,0.138271604938,0.006024096386,0.045317220544,0.121495327103,0.561151079137,0.340136054422,0.380952380952,0.269662921348,0.027027027027,0.695652173913,0.933333333333,0.469696969697,2024,0.9,20,0.95652173913,0,0.99,0
691,2024-04-20,0.167901234568,0.009036144578,0.07250755287,0.205607476636,0.525179856115,0.285714285714,0.357142857143,0.280898876404,0.027027027027,0.695652173913,0.483333333333,0.378787878788,2024,0.9,20,0.869565217391,0,0.98,0
692,2024-04-20,0.232098765432,0.009036144578,0.099697885196,0.280373831776,0.496402877698,0.231292517007,0.25,0.404494382022,0.027027027027,0.565217391304,0.586111111111,0.772727272727,2024,0.9,20,0.826086956522,0,0.99,0
693,2024-04-20,0.323456790123,0.027108433735,0.166163141994,0.429906542056,0.237410071942,0.353741496599,0.380952380952,0.438202247191,0.027027027027,0.565217391304,0.591666666667,0.454545454545,2024,0.9,20,0.739130434783,0,0.99,0
694,2024-04-20,0.249382716049,0.021084337349,0.14501510574,0.383177570093,0.244604316547,0.319727891156,0.369047619048,0.47191011236,0.054054054054,0.521739130435,0.866666666667,0.424242424242,2024,0.9,20,0.652173913043,0,1.0,0
695,2024-04-20,0.192592592593,0.006024096386,0.108761329305,0.308411214953,0.230215827338,0.333333333333,0.392857142857,0.640449438202,0.027027027027,0.391304347826,0.036111111111,,2024,0.9,20,0.608695652174,0,1.0,0
696,2024-04-20,0.22962962963,0.012048192771,0.126888217523,0.355140186916,0.136690647482,0.292517006803,0.309523809524,0.61797752809,0.027027027027,0.391304347826,0.016666666667,0.257575757576,2024,0.9,20,0.565217391304,0,1.0,0
697,2024-04-20,0.212345679012,0.015060240964,0.123867069486,0.336448598131,0.136690647482,0.231292517007,0.22619047619,0.61797752809,0.027027027027,0.391304347826,0.866666666667,0.530303030303,2024,0.9,20,0.478260869565,0,1.0,0
698,2024-04-20,0.177777777778,0.012048192771,0.081570996979,0.224299065421,0.208633093525,0.312925170068,0.321428571429,0.573033707865,0.027027027027,0.391304347826,0.877777777778,0.257575757576,2024,0.9,20,0.434782608696,0,1.0,0
699,2024-04-21,0.143209876543,,,,,0.251700680272,0.285714285714,0.741573033708,,0.304347826087,0.866666666667,0.606060606061,2024,0.9,21,0.391304347826,0,1.0,0
700,2024-04-21,0.2,0.006024096386,0.09667673716,0.289719626168,0.136690647482,0.292517006803,0.380952380952,0.595505617978,0.027027027027,0.347826086957,0.441666666667,0.121212121212,2024,0.9,21,0.347826086957,0,0.98,0
701,2024-04-21,0.244444444444,0.015060240964,0.135951661631,0.373831775701,0.05035971223,0.054421768707,,0.629213483146,0.027027027027,0.347826086957,0.319444444444,0.106060606061,2024,0.9,21,0.304347826087,0,1.0,0
702,2024-04-21,0.296296296296,0.060240963855,0.205438066465,0.439252336449,0.007194244604,0.149659863946,0.142857142857,0.640449438202,0.027027027027,0.347826086957,0.522222222222,0.030303030303,2024,0.9,21,0.260869565217,0,1.0,0
703,2024-04-21,0.325925925926,0.075301204819,0.208459214502,0.420560747664,0.007194244604,0.231292517007,0.297619047619,0.640449438202,0.027027027027,0.304347826087,0.483333333333,0.121212121212,2024,0.9,21,0.173913043478,0,1.0,0
704,2024-04-21,0.261728395062,0.024096385542,0.141993957704,0.364485981308,0.021582733813,0.299319727891,0.392857142857,0.651685393258,0.027027027027,0.304347826087,0.488888888889,0.136363636364,2024,0.9,21,0.130434782609,0,1.0,0
705,2024-04-21,0.333333333333,0.10843373494,0.223564954683,0.355140186916,0.014388489209,0.285714285714,0.380952380952,0.685393258427,0.027027027027,0.260869565217,0.608333333333,0.075757575758,2024,0.9,21,0.04347826087,0,1.0,0
706,2024-04-21,0.316049382716,0.129518072289,0.238670694864,0.336448598131,0.014388489209,0.340136054422,0.440476190476,0.696629213483,0.027027027027,0.260869565217,0.947222222222,0.166666666667,2024,0.9,21,0.0,0,1.0,0
707,2024-04-21,0.293827160494,0.10843373494,0.229607250755,0.373831775701,0.043165467626,0.285714285714,0.369047619048,0.662921348315,0.054054054054,0.304347826087,0.227777777778,0.106060606061,2024,0.9,21,0.086956521739,0,1.0,0
708,2024-04-21,0.353086419753,0.177710843373,0.356495468278,0.551401869159,0.071942446043,0.340136054422,0.416666666667,0.640449438202,0.108108108108,0.347826086957,0.269444444444,0.227272727273,2024,0.9,21,0.217391304348,0,1.0,0
709,2024-04-21,0.311111111111,0.072289156627,0.259818731118,0.579439252336,0.215827338129,0.469387755102,0.583333333333,0.516853932584,0.081081081081,0.478260869565,0.155555555556,0.166666666667,2024,0.9,21,0.521739130435,0,1.0,0
710,2024-04-21,0.237037037037,0.021084337349,0.135951661631,0.355140186916,0.431654676259,0.517006802721,0.666666666667,0.348314606742,0.081081081081,0.565217391304,0.866666666667,0.378787878788,2024,0.9,21,0.695652173913,0,1.0,0
711,2024-04-21,0.155555555556,0.009036144578,0.04833836858,0.121495327103,0.503597122302,0.387755102041,0.47619047619,0.23595505618,0.027027027027,0.652173913043,0.894444444444,0.560606060606,2024,0.9,21,0.782608695652,0,1.0,0
712,2024-04-21,0.118518518519,0.006024096386,0.036253776435,0.093457943925,0.525179856115,0.312925170068,0.357142857143,0.224719101124,0.081081081081,0.695652173913,0.930555555556,,2024,0.9,21,0.913043478261,0,1.0,0
713,2024-04-21,0.103703703704,0.006024096386,0.027190332326,0.065420560748,0.532374100719,0.210884353741,0.178571428571,0.191011235955,0.189189189189,0.739130434783,0.902777777778,0.484848484848,2024,0.9,21,1.0,0,1.0,0
714,2024-04-21,0.106172839506,0.003012048193,0.027190332326,0.07476635514,0.58273381295,0.210884353741,0.202380952381,0.247191011236,0.108108108108,0.739130434783,0.027777777778,0.606060606061,2024,0.9,21,0.95652173913,0,1.0,0
715,2024-04-21,0.093827160494,0.003012048193,0.027190332326,0.07476635514,0.546762589928,0.21768707483,0.202380952381,0.280898876404,0.054054054054,0.695652173913,0.075,0.560606060606,2024,0.9,21,0.869565217391,0,1.0,0
716,2024-04-21,0.093827160494,0.003012048193,0.036253776435,0.093457943925,0.517985611511,0.285714285714,0.297619047619,0.269662921348,0.027027027027,0.695652173913,0.088888888889,0.409090909091,2024,0.9,21,0.826086956522,0,1.0,0
717,2024-04-21,0.155555555556,0.009036144578,0.078549848943,0.214953271028,0.388489208633,0.244897959184,0.261904761905,0.348314606742,0.027027027027,0.652173913043,0.983333333333,0.515151515152,2024,0.9,21,0.739130434783,0,1.0,0
718,2024-04-21,0.133333333333,0.003012048193,0.036253776435,0.093457943925,0.302158273381,0.265306122449,0.238095238095,0.820224719101,0.027027027027,0.304347826087,0.055555555556,0.636363636364,2024,0.9,21,0.652173913043,0,1.0,0
719,2024-04-21,0.165432098765,0.003012048193,0.054380664653,0.158878504673,0.251798561151,0.149659863946,0.178571428571,0.730337078652,0.027027027027,0.347826086957,0.030555555556,0.469696969697,2024,0.9,21,0.608695652174,0,0.99,0
720,2024-04-21,0.18024691358,0.006024096386,0.07250755287,0.205607476636,0.201438848921,0.149659863946,0.214285714286,0.685393258427,0.027027027027,0.347826086957,0.002777777778,0.287878787879,2024,0.9,21,0.565217391304,0,0.98,0
721,2024-04-21,0.185185185185,0.012048192771,0.078549848943,0.205607476636,0.172661870504,0.176870748299,0.214285714286,0.674157303371,0.027027027027,0.347826086957,0.85,0.242424242424,2024,0.9,21,0.478260869565,0,0.99,0
722,2024-04-21,0.185185185185,0.012048192771,0.093655589124,0.242990654206,0.086330935252,0.197278911565,0.25,0.719101123596,0.027027027027,0.347826086957,0.838888888889,0.469696969697,2024,0.9,21,0.434782608696,0,1.0,0
723,2024-04-22,0.23950617284,0.024096385542,0.166163141994,0.448598130841,0.028776978417,0.156462585034,0.142857142857,0.674157303371,0.027027027027,0.347826086957,0.936111111111,0.287878787879,2024,0.9,22,0.391304347826,0,1.0,0
724,2024-04-22,,,,,,0.204081632653,0.261904761905,0.775280898876,,0.304347826087,0.872222222222,0.454545454545,2024,0.9,22,0.347826086957,0,1.0,0
725,2024-04-22,,,,,,0.183673469388,0.22619047619,0.786516853933,,0.260869565217,0.869444444444,0.348484848485,2024,0.9,22,0.304347826087,0,1.0,0
726,2024-04-22,,,,,,0.163265306122,0.22619047619,0.775280898876,,0.260869565217,0.786111111111,0.318181818182,2024,0.9,22,0.260869565217,0,1.0,0
727,2024-04-22,0.113580246914,0.003012048193,0.030211480363,0.084112149533,0.143884892086,0.190476190476,0.261904761905,0.786516853933,0.135135135135,0.260869565217,0.85,0.227272727273,2024,0.9,22,0.173913043478,0,1.0,0
728,2024-04-22,0.135802469136,0.012048192771,0.075528700906,0.18691588785,0.057553956835,0.224489795918,0.345238095238,0.820224719101,0.081081081081,0.217391304348,0.922222222222,0.257575757576,2024,0.9,22,0.130434782609,0,1.0,0
729,2024-04-22,0.162962962963,0.05421686747,0.126888217523,0.224299065421,0.028776978417,0.163265306122,0.202380952381,0.842696629213,0.054054054054,0.217391304348,0.052777777778,0.166666666667,2024,0.9,22,0.04347826087,0,1.0,0
730,2024-04-22,0.22962962963,0.14156626506,0.220543806647,0.242990654206,0.007194244604,0.183673469388,0.22619047619,0.85393258427,0.054054054054,0.217391304348,0.247222222222,0.090909090909,2024,0.9,22,0.0,0,0.95,0
731,2024-04-22,0.261728395062,0.19578313253,0.287009063444,0.280373831776,0.014388489209,0.183673469388,0.238095238095,0.820224719101,0.081081081081,0.260869565217,0.133333333333,0.121212121212,2024,0.9,22,0.086956521739,0,0.89,0
732,2024-04-22,0.254320987654,0.117469879518,0.21752265861,0.308411214953,0.05035971223,0.326530612245,0.404761904762,0.741573033708,0.108108108108,0.304347826087,0.997222222222,0.19696969697,2024,0.9,22,0.217391304348,0,0.97,0
733,2024-04-22,0.254320987654,0.08734939759,0.196374622356,0.336448598131,0.122302158273,0.367346938776,0.440476190476,0.651685393258,0.081081081081,0.391304347826,0.944444444444,0.257575757576,2024,0.9,22,0.521739130435,0,0.99,0
734,2024-04-22,0.217283950617,0.039156626506,0.138972809668,0.308411214953,0.273381294964,0.312925170068,0.369047619048,0.584269662921,0.054054054054,0.434782608696,0.075,0.318181818182,2024,0.9,22,0.695652173913,0,0.98,0
735,2024-04-22,0.202469135802,0.018072289157,0.102719033233,0.261682242991,0.453237410072,0.380952380952,0.464285714286,0.505617977528,0.054054054054,0.521739130435,0.222222222222,,2024,0.9,22,0.782608695652,0,1.0,0
736,2024-04-22,0.148148148148,0.009036144578,0.063444108761,0.158878504673,0.539568345324,0.414965986395,0.488095238095,0.393258426966,0.054054054054,0.608695652174,0.161111111111,0.318181818182,2024,0.9,22,0.913043478261,0,0.99,0
737,2024-04-22,0.182716049383,0.006024096386,0.054380664653,0.14953271028,0.597122302158,0.380952380952,0.47619047619,0.426966292135,0.054054054054,0.608695652174,0.472222222222,0.606060606061,2024,0.9,22,1.0,0,0.99,0
738,2024-04-22,0.182716049383,0.009036144578,0.057401812689,0.158878504673,0.525179856115,0.394557823129,0.452380952381,0.359550561798,0.027027027027,0.608695652174,0.491666666667,0.651515151515,2024,0.9,22,0.95652173913,0,0.9,0
739,2024-04-22,0.217283950617,0.015060240964,0.084592145015,0.214953271028,0.36690647482,0.340136054422,0.380952380952,0.47191011236,0.027027027027,0.521739130435,0.625,0.772727272727,2024,0.9,22,0.869565217391,0,0.95,0
740,2024-04-22,0.202469135802,0.012048192771,0.09667673716,0.261682242991,0.388489208633,0.265306122449,0.27380952381,0.707865168539,0.027027027027,0.347826086957,0.25,0.393939393939,2024,0.9,22,0.826086956522,0,0.98,0
741,2024-04-22,0.212345679012,0.012048192771,0.090634441088,0.242990654206,0.388489208633,0.238095238095,0.357142857143,0.595505617978,0.027027027027,0.391304347826,0.508333333333,0.575757575758,2024,0.9,22,0.739130434783,0,0.96,0
742,2024-04-22,0.155555555556,0.006024096386,0.066465256798,0.18691588785,0.323741007194,0.278911564626,0.369047619048,0.595505617978,0.027027027027,0.391304347826,0.305555555556,0.454545454545,2024,0.9,22,0.652173913043,0,0.97,0
743,2024-04-22,0.19012345679,0.015060240964,0.093655589124,0.242990654206,0.251798561151,0.176870748299,0.238095238095,0.573033707865,0.027027027027,0.391304347826,0.291666666667,0.409090909091,2024,0.9,22,0.608695652174,0,0.95,0
744,2024-04-22,0.21975308642,0.015060240964,0.141993957704,0.392523364486,0.136690647482,0.170068027211,0.202380952381,0.606741573034,0.027027027027,0.347826086957,0.077777777778,0.257575757576,2024,0.9,22,0.565217391304,0,1.0,0
745,2024-04-22,0.202469135802,0.006024096386,0.099697885196,0.280373831776,0.179856115108,0.204081632653,0.238095238095,0.629213483146,0.027027027027,0.347826086957,0.947222222222,0.106060606061,2024,0.9,22,0.478260869565,0,1.0,0
746,2024-04-22,0.20987654321,0.006024096386,0.087613293051,0.252336448598,0.187050359712,0.190476190476,0.214285714286,0.606741573034,0.027027027027,0.347826086957,0.880555555556,0.181818181818,2024,0.9,22,0.434782608696,0,1.0,0
747,2024-04-23,0.175308641975,0.021084337349,0.123867069486,0.317757009346,0.143884892086,0.21768707483,0.214285714286,0.337078651685,0.027027027027,0.478260869565,0.955555555556,0.166666666667,2024,0.9,23,0.391304347826,0,1.0,0
748,2024-04-23,0.133333333333,0.030120481928,0.135951661631,0.317757009346,0.10071942446,0.258503401361,0.238095238095,0.741573033708,0.027027027027,0.260869565217,0.216666666667,0.348484848485,2024,0.9,23,0.347826086957,0,1.0,0
749,2024-04-23,0.123456790123,0.009036144578,0.090634441088,0.252336448598,0.179856115108,0.197278911565,0.261904761905,0.730337078652,0.027027027027,0.260869565217,0.397222222222,0.166666666667,2024,0.9,23,0.304347826087,0,1.0,0
750,2024-04-23,0.153086419753,0.003012048193,0.07250755287,0.224299065421,0.143884892086,0.244897959184,0.380952380952,0.730337078652,0.0,0.260869565217,0.605555555556,0.121212121212,2024,0.9,23,0.260869565217,0,1.0,0
751,2024-04-23,0.202469135802,0.006024096386,0.09667673716,0.280373831776,0.064748201439,0.183673469388,0.25,0.775280898876,0.027027027027,0.260869565217,0.433333333333,0.136363636364,2024,0.9,23,0.173913043478,0,1.0,0
752,2024-04-23,0.23950617284,0.036144578313,0.14501510574,0.345794392523,0.014388489209,0.272108843537,0.416666666667,0.808988764045,0.027027027027,0.217391304348,0.463888888889,0.19696969697,2024,0.9,23,0.130434782609,0,1.0,0
753,2024-04-23,0.274074074074,0.084337349398,0.175226586103,0.280373831776,0.007194244604,0.299319727891,0.440476190476,0.831460674157,0.027027027027,0.217391304348,0.452777777778,,2024,0.9,23,0.04347826087,0,1.0,0
754,2024-04-23,0.39012345679,0.186746987952,0.280966767372,0.289719626168,0.007194244604,0.244897959184,0.345238095238,0.808988764045,0.054054054054,0.217391304348,0.472222222222,0.151515151515,2024,0.9,23,0.0,0,0.99,0
755,2024-04-23,0.42962962963,0.19578313253,0.31419939577,0.355140186916,0.021582733813,0.319727891156,0.428571428571,0.76404494382,0.054054054054,0.260869565217,0.436111111111,0.181818181818,2024,0.9,23,0.086956521739,0,0.92,0
756,2024-04-23,0.350617283951,0.102409638554,0.250755287009,0.457943925234,0.086330935252,0.394557823129,0.5,0.662921348315,0.054054054054,0.347826086957,0.122222222222,0.121212121212,2024,0.9,23,0.217391304348,0,0.95,0
757,2024-04-23,0.343209876543,0.075301204819,0.238670694864,0.504672897196,0.201438848921,0.374149659864,0.488095238095,0.550561797753,0.054054054054,0.434782608696,0.313888888889,0.19696969697,2024,0.9,23,0.521739130435,0,0.98,0
758,2024-04-23,0.259259259259,0.027108433735,0.138972809668,0.345794392523,0.388489208633,0.421768707483,0.559523809524,0.426966292135,0.054054054054,0.521739130435,0.263888888889,0.257575757576,2024,0.9,23,0.695652173913,0,0.98,0
759,2024-04-23,0.214814814815,0.015060240964,0.108761329305,0.289719626168,0.546762589928,0.408163265306,0.511904761905,0.370786516854,0.054054054054,0.565217391304,0.063888888889,0.378787878788,2024,0.9,23,0.782608695652,0,1.0,0
760,2024-04-23,0.207407407407,0.006024096386,0.078549848943,0.233644859813,0.812949640288,0.319727891156,0.416666666667,0.337078651685,0.054054054054,0.652173913043,0.083333333333,0.424242424242,2024,0.9,23,0.913043478261,0,0.99,0
761,2024-04-23,0.207407407407,0.006024096386,0.075528700906,0.214953271028,0.625899280576,0.401360544218,0.5,0.359550561798,0.054054054054,0.608695652174,0.738888888889,0.515151515152,2024,0.9,23,1.0,0,0.96,0
762,2024-04-23,0.167901234568,0.009036144578,0.054380664653,0.140186915888,0.510791366906,0.367346938776,0.452380952381,0.415730337079,0.027027027027,0.478260869565,0.838888888889,0.863636363636,2024,0.9,23,0.95652173913,0,0.99,0
763,2024-04-23,0.167901234568,0.012048192771,0.063444108761,0.158878504673,0.489208633094,0.272108843537,0.214285714286,0.314606741573,0.027027027027,0.565217391304,0.858333333333,0.242424242424,2024,0.9,23,0.869565217391,0,0.97,0
764,2024-04-23,0.153086419753,0.009036144578,0.069486404834,0.18691588785,0.510791366906,0.176870748299,0.166666666667,0.247191011236,0.054054054054,0.652173913043,0.919444444444,0.378787878788,2024,0.9,23,0.826086956522,0,1.0,0
765,2024-04-23,0.153086419753,0.012048192771,0.084592145015,0.224299065421,0.525179856115,0.183673469388,0.178571428571,0.258426966292,0.054054054054,0.652173913043,0.952777777778,0.318181818182,2024,0.9,23,0.739130434783,0,0.95,0
766,2024-04-23,0.172839506173,0.006024096386,0.093655589124,0.271028037383,0.532374100719,0.258503401361,0.321428571429,0.269662921348,0.081081081081,0.652173913043,0.972222222222,0.242424242424,2024,0.9,23,0.652173913043,0,0.93,0
767,2024-04-23,0.434567901235,0.105421686747,0.347432024169,0.757009345794,0.143884892086,0.326530612245,0.369047619048,0.292134831461,0.108108108108,0.608695652174,0.938888888889,0.19696969697,2024,0.9,23,0.608695652174,0,1.0,0
768,2024-04-23,0.306172839506,0.066265060241,0.202416918429,0.420560747664,0.187050359712,0.43537414966,0.47619047619,0.348314606742,0.054054054054,0.565217391304,0.063888888889,0.515151515152,2024,0.9,23,0.565217391304,0,0.95,0
769,2024-04-23,0.155555555556,0.006024096386,0.09667673716,0.280373831776,0.194244604317,0.333333333333,0.297619047619,0.38202247191,0.027027027027,0.521739130435,0.088888888889,0.439393939394,2024,0.9,23,0.478260869565,0,1.0,0
770,2024-04-23,0.172839506173,0.006024096386,0.105740181269,0.317757009346,0.172661870504,0.210884353741,0.202380952381,0.370786516854,0.027027027027,0.478260869565,0.044444444444,0.318181818182,2024,0.9,23,0.434782608696,0,1.0,0
771,2024-04-24,0.175308641975,0.021084337349,0.117824773414,0.299065420561,0.086330935252,0.149659863946,0.095238095238,0.269662921348,0.027027027027,0.478260869565,0.791666666667,0.333333333333,2024,0.9,24,0.391304347826,0,1.0,0
772,2024-04-24,0.21975308642,0.036144578313,0.163141993958,0.392523364486,0.064748201439,0.238095238095,0.238095238095,0.38202247191,0.027027027027,0.434782608696,0.827777777778,0.242424242424,2024,0.9,24,0.347826086957,0,1.0,0
773,2024-04-24,0.162962962963,0.009036144578,0.09667673716,0.271028037383,0.10071942446,0.251700680272,0.25,0.415730337079,0.027027027027,0.391304347826,0.836111111111,0.181818181818,2024,0.9,24,0.304347826087,0,1.0,0
774,2024-04-24,0.192592592593,0.075301204819,0.19335347432,0.355140186916,0.021582733813,0.272108843537,0.297619047619,0.47191011236,0.027027027027,0.347826086957,0.025,0.075757575758,2024,0.9,24,0.260869565217,0,1.0,0
775,2024-04-24,0.241975308642,0.153614457831,0.287009063444,0.401869158879,0.014388489209,0.278911564626,0.285714285714,0.494382022472,0.054054054054,0.304347826087,0.166666666667,0.181818181818,2024,0.9,24,0.173913043478,0,1.0,0
776,2024-04-24,0.254320987654,0.174698795181,0.311178247734,0.420560747664,0.014388489209,0.319727891156,0.333333333333,0.505617977528,0.054054054054,0.304347826087,0.002777777778,,2024,0.9,24,0.130434782609,0,1.0,0
777,2024-04-24,0.481481481481,0.33734939759,0.465256797583,0.392523364486,0.014388489209,0.333333333333,0.345238095238,0.539325842697,0.081081081081,0.260869565217,0.897222222222,,2024,0.9,24,0.04347826087,0,0.99,0
778,2024-04-24,0.437037037037,0.41265060241,0.549848942598,0.411214953271,0.021582733813,0.408163265306,0.440476190476,0.550561797753,0.108108108108,0.260869565217,0.919444444444,0.19696969697,2024,0.9,24,0.0,0,0.92,0
779,2024-04-24,0.486419753086,0.457831325301,0.628398791541,0.523364485981,0.021582733813,0.448979591837,0.47619047619,0.505617977528,0.135135135135,0.347826086957,0.325,0.121212121212,2024,0.9,24,0.086956521739,0,0.73,0
780,2024-04-24,0.533333333333,0.394578313253,0.655589123867,0.803738317757,0.035971223022,0.530612244898,0.5,0.449438202247,0.135135135135,0.391304347826,0.163888888889,0.151515151515,2024,0.9,24,0.217391304348,0,0.8,0
781,2024-04-24,0.451851851852,0.207831325301,0.480362537764,0.841121495327,0.115107913669,0.598639455782,0.619047619048,0.415730337079,0.108108108108,0.478260869565,0.005555555556,0.257575757576,2024,0.9,24,0.521739130435,0,0.9,0
782,2024-04-24,0.21975308642,0.03313253012,0.154078549849,0.373831775701,0.381294964029,0.625850340136,0.72619047619,0.337078651685,0.054054054054,0.565217391304,0.975,0.287878787879,2024,0.9,24,0.695652173913,0,0.99,0
783,2024-04-24,0.165432098765,0.009036144578,0.069486404834,0.18691588785,0.597122302158,0.360544217687,0.404761904762,0.280898876404,0.054054054054,0.652173913043,0.030555555556,0.333333333333,2024,0.9,24,0.782608695652,0,0.83,0
784,2024-04-24,0.167901234568,0.009036144578,0.063444108761,0.168224299065,0.647482014388,0.34693877551,0.392857142857,0.247191011236,0.054054054054,0.695652173913,0.952777777778,0.333333333333,2024,0.9,24,0.913043478261,0,0.89,0
785,2024-04-24,0.116049382716,0.006024096386,0.045317220544,0.121495327103,0.604316546763,0.394557823129,0.452380952381,0.191011235955,0.027027027027,0.739130434783,0.027777777778,0.454545454545,2024,0.9,24,1.0,0,0.9,0
786,2024-04-24,0.133333333333,0.006024096386,0.045317220544,0.121495327103,0.647482014388,0.251700680272,0.238095238095,0.179775280899,0.054054054054,0.739130434783,0.961111111111,0.378787878788,2024,0.9,24,0.95652173913,0,0.95,0
787,2024-04-24,0.116049382716,0.006024096386,0.045317220544,0.121495327103,0.625899280576,0.333333333333,0.380952380952,0.168539325843,0.054054054054,0.782608695652,0.061111111111,0.424242424242,2024,0.9,24,0.869565217391,0,0.99,0
788,2024-04-24,0.172839506173,0.015060240964,0.084592145015,0.214953271028,0.532374100719,0.176870748299,0.142857142857,0.168539325843,0.054054054054,0.782608695652,0.913888888889,0.515151515152,2024,0.9,24,0.826086956522,0,0.93,0
789,2024-04-24,0.165432098765,0.012048192771,0.093655589124,0.252336448598,0.546762589928,0.285714285714,0.297619047619,0.179775280899,0.081081081081,0.782608695652,0.897222222222,0.454545454545,2024,0.9,24,0.739130434783,0,0.98,0
790,2024-04-24,0.16049382716,0.006024096386,0.090634441088,0.261682242991,0.453237410072,0.319727891156,0.333333333333,0.191011235955,0.081081081081,0.739130434783,0.011111111111,0.515151515152,2024,0.9,24,0.652173913043,0,0.98,0
791,2024-04-24,0.113580246914,0.006024096386,0.060422960725,0.168224299065,0.251798561151,0.360544217687,0.333333333333,0.23595505618,0.027027027027,0.652173913043,0.066666666667,0.742424242424,2024,0.9,24,0.608695652174,0,0.97,0
792,2024-04-24,0.123456790123,0.012048192771,0.084592145015,0.224299065421,0.172661870504,0.312925170068,0.154761904762,0.213483146067,0.027027027027,0.608695652174,0.097222222222,0.651515151515,2024,0.9,24,0.565217391304,0,0.99,0
793,2024-04-24,0.111111111111,0.006024096386,0.069486404834,0.196261682243,0.179856115108,0.210884353741,0.142857142857,0.213483146067,0.0,0.521739130435,0.075,0.469696969697,2024,0.9,24,0.478260869565,0,1.0,0
794,2024-04-24,0.2,0.042168674699,0.141993957704,0.308411214953,0.086330935252,0.163265306122,0.107142857143,0.224719101124,0.027027027027,0.521739130435,0.955555555556,0.212121212121,2024,0.9,24,0.434782608696,0,1.0,0
795,2024-04-25,0.19012345679,0.006024096386,0.069486404834,0.196261682243,0.273381294964,0.428571428571,0.547619047619,0.404494382022,0.054054054054,0.565217391304,0.677777777778,0.272727272727,2024,0.9,25,0.391304347826,0,1.0,0
796,2024-04-25,0.138271604938,0.015060240964,0.09667673716,0.261682242991,0.107913669065,0.183673469388,0.107142857143,0.280898876404,0.027027027027,0.478260869565,0.733333333333,0.287878787879,2024,0.9,25,0.347826086957,0,1.0,0
797,2024-04-25,0.185185185185,0.03313253012,0.14501510574,0.345794392523,0.035971223022,0.163265306122,0.107142857143,0.292134831461,0.027027027027,0.478260869565,0.663888888889,0.19696969697,2024,0.9,25,0.304347826087,0,1.0,0
798,2024-04-25,0.108641975309,0.009036144578,0.054380664653,0.140186915888,0.244604316547,0.197278911565,0.142857142857,0.337078651685,0.027027027027,0.434782608696,0.508333333333,0.393939393939,2024,0.9,25,0.260869565217,0,1.0,0
799,2024-04-25,0.086419753086,0.0,0.018126888218,0.056074766355,0.280575539568,0.210884353741,0.202380952381,0.359550561798,0.027027027027,0.391304347826,0.458333333333,0.30303030303,2024,0.9,25,0.173913043478,0,1.0,0
800,2024-04-25,0.158024691358,0.174698795181,0.271903323263,0.299065420561,0.057553956835,0.190476190476,0.190476190476,0.38202247191,0.054054054054,0.347826086957,0.230555555556,0.227272727273,2024,0.9,25,0.130434782609,0,1.0,0
801,2024-04-25,0.301234567901,0.310240963855,0.419939577039,0.345794392523,0.014388489209,0.272108843537,0.25,0.415730337079,0.081081081081,0.304347826087,0.138888888889,0.151515151515,2024,0.9,25,0.04347826087,0,1.0,0
802,2024-04-25,0.4,0.352409638554,0.462235649547,0.336448598131,0.014388489209,0.34693877551,0.333333333333,0.415730337079,0.081081081081,0.347826086957,0.0,,2024,0.9,25,0.0,0,0.92,0
803,2024-04-25,0.39012345679,0.259036144578,0.392749244713,0.411214953271,0.021582733813,0.360544217687,0.297619047619,0.393258426966,0.081081081081,0.391304347826,0.919444444444,0.166666666667,2024,0.9,25,0.086956521739,0,0.74,0
804,2024-04-25,0.325925925926,0.159638554217,0.31419939577,0.476635514019,0.064748201439,0.414965986395,0.416666666667,0.359550561798,0.081081081081,0.434782608696,0.911111111111,0.227272727273,2024,0.9,25,0.217391304348,0,0.82,0
805,2024-04-25,0.246913580247,0.090361445783,0.244712990937,0.476635514019,0.143884892086,0.367346938776,0.380952380952,0.314606741573,0.081081081081,0.521739130435,0.991666666667,0.257575757576,2024,0.9,25,0.521739130435,0,0.95,0
806,2024-04-25,0.177777777778,0.027108433735,0.111782477341,0.261682242991,0.338129496403,0.360544217687,0.369047619048,0.269662921348,0.027027027027,0.608695652174,0.936111111111,0.318181818182,2024,0.9,25,0.695652173913,0,0.98,0
807,2024-04-25,0.145679012346,0.012048192771,0.066465256798,0.168224299065,0.496402877698,0.333333333333,0.380952380952,0.224719101124,0.027027027027,0.652173913043,1.0,0.287878787879,2024,0.9,25,0.782608695652,0,0.86,0
808,2024-04-25,0.138271604938,0.006024096386,0.051359516616,0.140186915888,0.618705035971,0.183673469388,0.178571428571,0.213483146067,0.027027027027,0.739130434783,0.222222222222,0.287878787879,2024,0.9,25,0.913043478261,0,0.96,0
809,2024-04-25,0.130864197531,0.006024096386,0.045317220544,0.121495327103,0.697841726619,0.21768707483,0.238095238095,0.179775280899,0.027027027027,0.739130434783,0.05,0.378787878788,2024,0.9,25,1.0,0,0.89,0
810,2024-04-25,0.143209876543,0.003012048193,0.051359516616,0.14953271028,0.812949640288,0.251700680272,0.261904761905,0.179775280899,0.027027027027,0.782608695652,0.136111111111,0.318181818182,2024,0.9,25,0.95652173913,0,0.98,0
811,2024-04-25,0.128395061728,0.006024096386,0.07250755287,0.214953271028,0.812949640288,0.285714285714,0.309523809524,0.191011235955,0.054054054054,0.739130434783,0.138888888889,0.424242424242,2024,0.9,25,0.869565217391,0,0.98,0
812,2024-04-25,0.135802469136,0.003012048193,0.063444108761,0.177570093458,0.712230215827,0.353741496599,0.404761904762,0.202247191011,0.027027027027,0.739130434783,0.213888888889,0.409090909091,2024,0.9,25,0.826086956522,0,0.95,0
813,2024-04-25,0.140740740741,0.0,0.039274924471,0.121495327103,0.669064748201,0.319727891156,0.345238095238,0.23595505618,0.027027027027,0.739130434783,0.291666666667,0.439393939394,2024,0.9,25,0.739130434783,0,0.95,0
814,2024-04-25,0.207407407407,0.003012048193,0.057401812689,0.177570093458,0.561151079137,0.408163265306,0.416666666667,0.303370786517,0.027027027027,0.695652173913,0.452777777778,0.454545454545,2024,0.9,25,0.652173913043,0,0.96,0
815,2024-04-25,0.244444444444,0.0,0.07250755287,0.224299065421,0.395683453237,0.469387755102,0.511904761905,0.370786516854,0.027027027027,0.608695652174,0.455555555556,0.424242424242,2024,0.9,25,0.608695652174,0,1.0,0
816,2024-04-25,0.249382716049,0.0,0.081570996979,0.252336448598,0.352517985612,0.489795918367,0.630952380952,0.38202247191,0.027027027027,0.565217391304,0.394444444444,0.242424242424,2024,0.9,25,0.565217391304,0,0.94,0
817,2024-04-25,0.237037037037,0.0,0.084592145015,0.261682242991,0.345323741007,0.455782312925,0.583333333333,0.38202247191,0.027027027027,0.565217391304,0.358333333333,0.287878787879,2024,0.9,25,0.478260869565,0,1.0,0
818,2024-04-25,0.249382716049,0.0,0.078549848943,0.242990654206,0.330935251799,0.43537414966,0.583333333333,0.38202247191,0.027027027027,0.565217391304,0.502777777778,0.242424242424,2024,0.9,25,0.434782608696,0,1.0,0
819,2024-04-26,0.323456790123,0.075301204819,0.220543806647,0.448598130841,0.021582733813,0.333333333333,0.392857142857,0.438202247191,0.054054054054,0.434782608696,0.733333333333,0.121212121212,2024,0.9,26,0.391304347826,0,1.0,0
820,2024-04-26,0.145679012346,0.003012048193,0.04833836858,0.140186915888,0.273381294964,0.340136054422,0.428571428571,0.415730337079,0.081081081081,0.521739130435,0.694444444444,0.257575757576,2024,0.9,26,0.347826086957,0,1.0,0
821,2024-04-26,0.150617283951,0.003012048193,0.054380664653,0.158878504673,0.237410071942,0.258503401361,0.297619047619,0.426966292135,0.027027027027,0.521739130435,0.583333333333,0.106060606061,2024,0.9,26,0.304347826087,0,1.0,0
822,2024-04-26,0.17037037037,0.0,0.045317220544,0.130841121495,0.287769784173,0.231292517007,0.285714285714,0.460674157303,0.027027027027,0.478260869565,0.469444444444,0.318181818182,2024,0.9,26,0.260869565217,0,1.0,0
823,2024-04-26,0.150617283951,0.0,0.033232628399,0.102803738318,0.280575539568,0.387755102041,0.535714285714,0.494382022472,0.027027027027,0.434782608696,0.416666666667,0.272727272727,2024,0.9,26,0.173913043478,0,1.0,0
824,2024-04-26,0.135802469136,0.0,0.030211480363,0.093457943925,0.287769784173,0.394557823129,0.547619047619,0.505617977528,0.027027027027,0.391304347826,0.475,0.287878787879,2024,0.9,26,0.130434782609,0,1.0,0
825,2024-04-26,0.16049382716,0.003012048193,0.063444108761,0.18691588785,0.208633093525,0.312925170068,0.428571428571,0.516853932584,0.027027027027,0.391304347826,0.433333333333,,2024,0.9,26,0.04347826087,0,0.99,0
826,2024-04-26,0.237037037037,0.024096385542,0.141993957704,0.364485981308,0.064748201439,0.312925170068,0.416666666667,0.505617977528,0.027027027027,0.391304347826,0.383333333333,0.242424242424,2024,0.9,26,0.0,0,0.96,0
827,2024-04-26,0.296296296296,0.078313253012,0.208459214502,0.401869158879,0.057553956835,0.34693877551,0.452380952381,0.516853932584,0.054054054054,0.434782608696,0.188888888889,0.136363636364,2024,0.9,26,0.086956521739,0,0.98,0
828,2024-04-26,0.320987654321,0.099397590361,0.247734138973,0.448598130841,0.093525179856,0.408163265306,0.5,0.483146067416,0.054054054054,0.478260869565,0.077777777778,0.181818181818,2024,0.9,26,0.217391304348,0,0.92,0
829,2024-04-26,0.264197530864,0.05421686747,0.190332326284,0.420560747664,0.215827338129,0.448979591837,0.571428571429,0.426966292135,0.054054054054,0.521739130435,0.186111111111,0.272727272727,2024,0.9,26,0.521739130435,0,0.9,0
830,2024-04-26,0.185185185185,0.018072289157,0.093655589124,0.233644859813,0.41726618705,0.408163265306,0.511904761905,0.359550561798,0.054054054054,0.565217391304,0.038888888889,0.287878787879,2024,0.9,26,0.695652173913,0,0.97,0
831,2024-04-26,0.197530864198,0.015060240964,0.084592145015,0.224299065421,0.575539568345,0.326530612245,0.404761904762,0.314606741573,0.054054054054,0.652173913043,0.897222222222,0.378787878788,2024,0.9,26,0.782608695652,0,0.98,0
832,2024-04-26,0.185185185185,0.009036144578,0.063444108761,0.168224299065,0.640287769784,0.312925170068,0.380952380952,0.280898876404,0.054054054054,0.695652173913,0.925,0.333333333333,2024,0.9,26,0.913043478261,0,0.96,0
833,2024-04-26,0.172839506173,0.006024096386,0.063444108761,0.177570093458,0.561151079137,0.503401360544,0.619047619048,0.269662921348,0.054054054054,0.695652173913,0.825,0.287878787879,2024,0.9,26,1.0,0,0.92,0
834,2024-04-26,0.187654320988,0.006024096386,0.069486404834,0.196261682243,0.589928057554,0.333333333333,0.369047619048,0.269662921348,0.054054054054,0.695652173913,0.738888888889,0.212121212121,2024,0.9,26,0.95652173913,0,0.84,0
835,2024-04-26,0.241975308642,0.012048192771,0.102719033233,0.271028037383,0.41726618705,0.30612244898,0.369047619048,0.415730337079,0.054054054054,0.565217391304,0.758333333333,0.590909090909,2024,0.9,26,0.869565217391,0,0.93,0
836,2024-04-26,0.261728395062,0.030120481928,0.154078549849,0.383177570093,0.309352517986,0.340136054422,0.369047619048,0.52808988764,0.027027027027,0.434782608696,0.947222222222,0.560606060606,2024,0.9,26,0.826086956522,0,0.97,0
837,2024-04-26,0.387654320988,0.036144578313,0.220543806647,0.570093457944,0.237410071942,0.265306122449,0.357142857143,0.460674157303,0.054054054054,0.521739130435,0.622222222222,0.333333333333,2024,0.9,26,0.739130434783,0,0.99,0
838,2024-04-26,0.318518518519,0.021084337349,0.172205438066,0.467289719626,0.215827338129,0.319727891156,0.404761904762,0.426966292135,0.027027027027,0.565217391304,0.583333333333,0.166666666667,2024,0.9,26,0.652173913043,0,0.96,0
839,2024-04-26,0.375308641975,0.009036144578,0.196374622356,0.588785046729,0.122302158273,0.292517006803,0.369047619048,0.426966292135,0.027027027027,0.521739130435,0.383333333333,0.090909090909,2024,0.9,26,0.608695652174,0,0.98,0
840,2024-04-26,0.530864197531,0.081325301205,0.341389728097,0.803738317757,0.043165467626,0.30612244898,0.380952380952,0.438202247191,0.054054054054,0.521739130435,0.452777777778,0.106060606061,2024,0.9,26,0.565217391304,0,1.0,0
841,2024-04-26,0.558024691358,0.16265060241,0.410876132931,0.766355140187,0.014388489209,0.428571428571,0.52380952381,0.426966292135,0.054054054054,0.521739130435,0.933333333333,0.121212121212,2024,0.9,26,0.478260869565,0,1.0,0
842,2024-04-26,0.446913580247,0.123493975904,0.305135951662,0.560747663551,0.021582733813,0.374149659864,0.428571428571,0.393258426966,0.054054054054,0.478260869565,0.713888888889,0.181818181818,2024,0.9,26,0.434782608696,0,1.0,0
843,2024-04-27,0.395061728395,0.144578313253,0.29003021148,0.457943925234,0.014388489209,0.265306122449,0.309523809524,0.460674157303,0.054054054054,0.391304347826,0.894444444444,0.166666666667,2024,0.9,27,0.347826086957,0,1.0,0
844,2024-04-27,0.350617283951,0.093373493976,0.229607250755,0.429906542056,0.021582733813,0.319727891156,0.404761904762,0.47191011236,0.054054054054,0.391304347826,0.738888888889,0.136363636364,2024,0.9,27,0.304347826087,0,1.0,0
845,2024-04-27,0.387654320988,0.123493975904,0.262839879154,0.429906542056,0.021582733813,0.333333333333,0.380952380952,0.494382022472,0.054054054054,0.347826086957,0.5,0.166666666667,2024,0.9,27,0.260869565217,0,1.0,0
846,2024-04-27,0.281481481481,0.042168674699,0.160120845921,0.364485981308,0.014388489209,0.333333333333,0.428571428571,0.539325842697,0.054054054054,0.347826086957,0.497222222222,0.181818181818,2024,0.9,27,0.173913043478,0,1.0,0
847,2024-04-27,0.271604938272,0.045180722892,0.163141993958,0.364485981308,0.014388489209,0.401360544218,0.571428571429,0.550561797753,0.027027027027,0.304347826087,0.4,0.090909090909,2024,0.9,27,0.130434782609,0,1.0,0
848,2024-04-27,0.417283950617,0.201807228916,0.326283987915,0.383177570093,0.014388489209,,,0.573033707865,0.054054054054,0.304347826087,0.352777777778,0.136363636364,2024,0.9,27,0.04347826087,0,1.0,0
849,2024-04-27,0.483950617284,0.364457831325,0.501510574018,0.420560747664,0.014388489209,,,0.550561797753,0.081081081081,0.304347826087,0.1,0.166666666667,2024,0.9,27,0.0,0,1.0,0
850,2024-04-27,0.358024691358,0.228915662651,0.368580060423,0.429906542056,0.028776978417,0.442176870748,0.535714285714,0.449438202247,0.081081081081,0.304347826087,0.05,0.136363636364,2024,0.9,27,0.086956521739,0,1.0,0
851,2024-04-27,0.301234567901,0.096385542169,0.256797583082,0.495327102804,0.093525179856,0.503401360544,0.559523809524,0.404494382022,0.081081081081,0.391304347826,0.108333333333,0.181818181818,2024,0.9,27,0.217391304348,0,0.9,0
852,2024-04-27,0.246913580247,0.05421686747,0.196374622356,0.439252336449,0.237410071942,0.455782312925,0.52380952381,0.370786516854,0.081081081081,0.478260869565,0.155555555556,0.257575757576,2024,0.9,27,0.521739130435,0,0.98,0
853,2024-04-27,0.155555555556,0.027108433735,0.129909365559,0.317757009346,0.395683453237,0.47619047619,0.571428571429,0.303370786517,0.081081081081,0.565217391304,0.202777777778,0.424242424242,2024,0.9,27,0.695652173913,0,0.99,0
854,2024-04-27,0.148148148148,0.009036144578,0.060422960725,0.168224299065,0.618705035971,0.34693877551,0.428571428571,0.292134831461,0.054054054054,0.608695652174,0.197222222222,0.272727272727,2024,0.9,27,0.782608695652,0,1.0,0
855,2024-04-27,0.175308641975,0.006024096386,0.07250755287,0.205607476636,0.73381294964,0.360544217687,0.440476190476,0.269662921348,0.054054054054,0.652173913043,0.041666666667,0.257575757576,2024,0.9,27,0.913043478261,0,0.98,0
856,2024-04-27,0.17037037037,0.003012048193,0.04833836858,0.140186915888,0.705035971223,0.408163265306,0.5,0.247191011236,0.054054054054,0.695652173913,0.566666666667,0.333333333333,2024,0.9,27,1.0,0,0.96,0
857,2024-04-27,0.140740740741,0.003012048193,0.030211480363,0.084112149533,0.568345323741,0.34693877551,0.404761904762,0.247191011236,0.027027027027,0.739130434783,0.469444444444,0.575757575758,2024,0.9,27,0.95652173913,0,0.98,0
858,2024-04-27,0.172839506173,0.006024096386,0.04833836858,0.140186915888,0.525179856115,0.34693877551,0.345238095238,0.258426966292,0.027027027027,0.739130434783,0.502777777778,0.530303030303,2024,0.9,27,0.869565217391,0,0.99,0
859,2024-04-27,0.165432098765,0.006024096386,0.051359516616,0.140186915888,0.474820143885,0.326530612245,0.357142857143,0.247191011236,0.027027027027,0.739130434783,0.494444444444,0.575757575758,2024,0.9,27,0.826086956522,0,1.0,0
860,2024-04-27,0.167901234568,0.009036144578,0.054380664653,0.140186915888,0.438848920863,0.312925170068,0.333333333333,0.247191011236,0.027027027027,0.695652173913,0.522222222222,0.666666666667,2024,0.9,27,0.739130434783,0,1.0,0
861,2024-04-27,0.162962962963,0.006024096386,0.057401812689,0.158878504673,0.41726618705,0.34693877551,0.357142857143,0.258426966292,0.027027027027,0.695652173913,0.505555555556,0.621212121212,2024,0.9,27,0.652173913043,0,0.99,0
862,2024-04-27,0.182716049383,0.006024096386,0.066465256798,0.18691588785,0.374100719424,0.30612244898,0.333333333333,0.269662921348,0.027027027027,0.608695652174,0.525,0.560606060606,2024,0.9,27,0.608695652174,0,0.98,0
863,2024-04-27,0.187654320988,0.006024096386,0.078549848943,0.224299065421,0.287769784173,0.265306122449,0.297619047619,0.247191011236,0.027027027027,0.521739130435,,0.378787878788,2024,0.9,27,0.478260869565,0,1.0,0
864,2024-04-27,0.293827160494,0.024096385542,0.16918429003,0.448598130841,0.093525179856,0.312925170068,0.404761904762,0.280898876404,0.027027027027,0.478260869565,0.430555555556,0.106060606061,2024,0.9,27,0.434782608696,0,1.0,0
865,2024-04-28,,,,,,0.312925170068,0.404761904762,0.325842696629,,0.434782608696,0.255555555556,0.136363636364,2024,0.9,28,0.347826086957,0,1.0,0
866,2024-04-28,,,,,,,,0.370786516854,,0.391304347826,0.963888888889,0.151515151515,2024,0.9,28,0.304347826087,0,1.0,0
867,2024-04-28,,,,,,,,0.370786516854,,0.391304347826,0.713888888889,0.166666666667,2024,0.9,28,0.260869565217,0,1.0,0
868,2024-04-28,0.269135802469,0.05421686747,0.187311178248,0.401869158879,0.079136690647,,,0.38202247191,0.054054054054,0.347826086957,0.536111111111,0.121212121212,2024,0.9,28,0.173913043478,0,1.0,0
869,2024-04-28,0.320987654321,0.084337349398,0.2416918429,0.485981308411,0.014388489209,,,0.426966292135,0.054054054054,0.304347826087,0.447222222222,0.242424242424,2024,0.9,28,0.130434782609,0,1.0,0
870,2024-04-28,0.338271604938,0.093373493976,0.232628398792,0.429906542056,0.021582733813,,,0.438202247191,0.054054054054,0.304347826087,0.452777777778,0.242424242424,2024,0.9,28,0.04347826087,0,1.0,0
871,2024-04-28,0.281481481481,0.05421686747,0.184290030211,0.411214953271,0.035971223022,,,0.438202247191,0.027027027027,0.304347826087,0.425,0.151515151515,2024,0.9,28,0.0,0,1.0,0
872,2024-04-28,0.353086419753,0.156626506024,0.305135951662,0.457943925234,0.05035971223,,,0.404494382022,0.054054054054,0.347826086957,0.105555555556,0.106060606061,2024,0.9,28,0.086956521739,0,1.0,0
873,2024-04-28,0.212345679012,0.045180722892,0.14501510574,0.308411214953,0.208633093525,0.380952380952,0.5,0.314606741573,0.054054054054,0.434782608696,0.908333333333,0.287878787879,2024,0.9,28,0.217391304348,0,1.0,0
874,2024-04-28,0.17037037037,0.021084337349,0.099697885196,0.242990654206,0.36690647482,0.278911564626,0.357142857143,0.269662921348,0.054054054054,0.521739130435,0.891666666667,0.212121212121,2024,0.9,28,0.521739130435,0,1.0,0
875,2024-04-28,0.135802469136,0.006024096386,0.054380664653,0.14953271028,0.539568345324,0.292517006803,0.369047619048,0.224719101124,0.027027027027,0.608695652174,0.255555555556,0.242424242424,2024,0.9,28,0.695652173913,0,1.0,0
876,2024-04-28,0.130864197531,0.003012048193,0.039274924471,0.102803738318,0.676258992806,0.258503401361,0.345238095238,0.202247191011,0.027027027027,0.652173913043,0.025,0.318181818182,2024,0.9,28,0.782608695652,0,1.0,0
877,2024-04-28,0.108641975309,0.0,0.018126888218,0.056074766355,0.755395683453,0.265306122449,0.369047619048,0.168539325843,0.027027027027,0.739130434783,0.3,0.378787878788,2024,0.9,28,0.913043478261,0,1.0,0
878,2024-04-28,0.103703703704,0.0,0.021148036254,0.056074766355,0.755395683453,0.204081632653,0.261904761905,0.14606741573,0.027027027027,0.782608695652,0.222222222222,0.378787878788,2024,0.9,28,1.0,0,1.0,0
879,2024-04-28,0.120987654321,0.003012048193,0.027190332326,0.084112149533,0.755395683453,0.340136054422,0.440476190476,0.14606741573,0.027027027027,0.782608695652,0.427777777778,0.287878787879,2024,0.9,28,0.95652173913,0,1.0,0
880,2024-04-28,0.120987654321,0.0,0.018126888218,0.056074766355,0.676258992806,0.21768707483,0.261904761905,0.191011235955,0.027027027027,0.782608695652,0.433333333333,0.515151515152,2024,0.9,28,0.869565217391,0,1.0,0
881,2024-04-28,0.120987654321,0.0,0.018126888218,0.056074766355,0.532374100719,0.292517006803,0.309523809524,0.213483146067,0.027027027027,0.782608695652,0.447222222222,0.575757575758,2024,0.9,28,0.826086956522,0,1.0,0
882,2024-04-28,0.108641975309,0.0,0.012084592145,0.03738317757,0.467625899281,0.312925170068,0.333333333333,0.224719101124,0.027027027027,0.739130434783,0.441666666667,0.727272727273,2024,0.9,28,0.739130434783,0,1.0,0
883,2024-04-28,0.106172839506,0.0,0.012084592145,0.03738317757,0.431654676259,0.34693877551,0.309523809524,0.224719101124,0.027027027027,0.652173913043,0.447222222222,0.712121212121,2024,0.9,28,0.652173913043,0,1.0,0
884,2024-04-28,0.101234567901,0.0,0.018126888218,0.046728971963,0.388489208633,0.360544217687,0.369047619048,0.202247191011,0.027027027027,0.608695652174,0.455555555556,,2024,0.9,28,0.608695652174,0,1.0,0
885,2024-04-28,0.120987654321,0.0,0.039274924471,0.11214953271,0.31654676259,0.231292517007,0.25,0.202247191011,0.027027027027,0.565217391304,0.472222222222,0.515151515152,2024,0.9,28,0.565217391304,0,1.0,0
886,2024-04-28,0.162962962963,0.003012048193,0.081570996979,0.242990654206,0.187050359712,0.163265306122,0.166666666667,0.213483146067,0.027027027027,0.521739130435,0.405555555556,0.287878787879,2024,0.9,28,0.478260869565,0,1.0,0
887,2024-04-28,0.182716049383,0.003012048193,0.09667673716,0.280373831776,0.151079136691,0.183673469388,0.202380952381,0.23595505618,0.027027027027,0.478260869565,0.444444444444,0.242424242424,2024,0.9,28,0.434782608696,0,1.0,0
888,2024-04-29,0.202469135802,0.006024096386,0.099697885196,0.289719626168,0.179856115108,0.30612244898,0.357142857143,0.325842696629,0.027027027027,0.478260869565,0.355555555556,0.181818181818,2024,0.9,29,0.391304347826,0,1.0,0
889,2024-04-29,0.283950617284,0.036144578313,0.16918429003,0.411214953271,0.028776978417,,,0.292134831461,0.027027027027,0.391304347826,0.397222222222,0.166666666667,2024,0.9,29,0.347826086957,0,1.0,0
890,2024-04-29,0.291358024691,0.081325301205,0.244712990937,0.504672897196,0.014388489209,,,0.314606741573,0.054054054054,0.347826086957,0.386111111111,0.212121212121,2024,0.9,29,0.304347826087,0,1.0,0
891,2024-04-29,0.301234567901,0.126506024096,0.271903323263,0.448598130841,0.014388489209,,,0.337078651685,0.054054054054,0.347826086957,0.616666666667,0.090909090909,2024,0.9,29,0.260869565217,0,1.0,0
892,2024-04-29,0.303703703704,0.075301204819,0.211480362538,0.420560747664,0.014388489209,,,0.348314606742,0.054054054054,0.347826086957,0.930555555556,0.106060606061,2024,0.9,29,0.173913043478,0,1.0,0
893,2024-04-29,0.301234567901,0.117469879518,0.238670694864,0.373831775701,0.014388489209,,,0.370786516854,0.054054054054,0.304347826087,0.830555555556,0.19696969697,2024,0.9,29,0.130434782609,0,1.0,0
894,2024-04-29,0.382716049383,0.268072289157,0.395770392749,0.392523364486,0.014388489209,,,0.38202247191,0.081081081081,0.304347826087,0.766666666667,0.121212121212,2024,0.9,29,0.04347826087,0,1.0,0
895,2024-04-29,0.367901234568,0.25,0.377643504532,0.392523364486,0.014388489209,,,0.38202247191,0.108108108108,0.304347826087,0.016666666667,0.136363636364,2024,0.9,29,0.0,0,0.98,0
896,2024-04-29,0.508641975309,0.44578313253,0.61329305136,0.523364485981,0.021582733813,0.353741496599,0.464285714286,0.359550561798,0.162162162162,0.347826086957,0.302777777778,0.166666666667,2024,0.9,29,0.086956521739,0,0.96,0
897,2024-04-29,0.427160493827,0.237951807229,0.438066465257,0.616822429907,0.05035971223,,,0.314606741573,0.162162162162,0.434782608696,0.377777777778,0.121212121212,2024,0.9,29,0.217391304348,0,0.98,0
898,2024-04-29,0.343209876543,0.132530120482,0.344410876133,0.654205607477,0.143884892086,,,0.258426966292,0.135135135135,0.521739130435,0.288888888889,0.212121212121,2024,0.9,29,0.521739130435,0,0.95,0
899,2024-04-29,0.234567901235,0.036144578313,0.172205438066,0.420560747664,0.388489208633,0.442176870748,0.583333333333,0.213483146067,0.081081081081,0.608695652174,0.152777777778,0.287878787879,2024,0.9,29,0.695652173913,0,0.98,0
900,2024-04-29,0.165432098765,0.006024096386,0.057401812689,0.158878504673,0.669064748201,0.360544217687,0.488095238095,0.179775280899,0.027027027027,0.695652173913,0.336111111111,0.318181818182,2024,0.9,29,0.782608695652,0,0.99,0
901,2024-04-29,0.135802469136,0.006024096386,0.033232628399,0.084112149533,0.546762589928,0.21768707483,0.261904761905,0.14606741573,0.027027027027,0.782608695652,0.475,0.560606060606,2024,0.9,29,1.0,0,0.84,0
902,2024-04-29,,,,,,0.278911564626,0.345238095238,0.123595505618,,0.782608695652,0.5,0.575757575758,2024,0.9,29,0.95652173913,0,0.98,0
903,2024-04-29,,,,,,,,0.123595505618,,0.782608695652,0.480555555556,0.575757575758,2024,0.9,29,0.869565217391,0,0.99,0
904,2024-04-29,0.17037037037,0.006024096386,0.051359516616,0.140186915888,0.323741007194,,,0.191011235955,0.027027027027,0.739130434783,0.477777777778,0.681818181818,2024,0.9,29,0.739130434783,0,0.98,0
905,2024-04-29,0.182716049383,0.003012048193,0.057401812689,0.158878504673,0.323741007194,0.374149659864,0.380952380952,0.224719101124,0.027027027027,0.695652173913,0.463888888889,0.606060606061,2024,0.9,29,0.652173913043,0,0.9,0
906,2024-04-29,0.202469135802,0.003012048193,0.069486404834,0.196261682243,0.280575539568,0.360544217687,0.357142857143,0.247191011236,0.027027027027,0.608695652174,,0.575757575758,2024,0.9,29,0.608695652174,0,0.97,0
907,2024-04-29,0.17037037037,0.003012048193,0.051359516616,0.14953271028,0.302158273381,0.340136054422,0.357142857143,0.247191011236,0.027027027027,0.565217391304,0.419444444444,0.484848484848,2024,0.9,29,0.565217391304,0,0.97,0
908,2024-04-29,0.158024691358,0.003012048193,0.04833836858,0.140186915888,0.309352517986,0.278911564626,0.261904761905,0.258426966292,0.027027027027,0.565217391304,0.391666666667,0.409090909091,2024,0.9,29,0.478260869565,0,1.0,0
909,2024-04-29,0.162962962963,0.003012048193,0.051359516616,0.158878504673,0.287769784173,0.272108843537,0.297619047619,0.303370786517,0.027027027027,0.521739130435,0.4,0.287878787879,2024,0.9,29,0.434782608696,0,1.0,0
910,2024-04-30,0.18024691358,0.012048192771,0.078549848943,0.205607476636,0.244604316547,0.278911564626,0.321428571429,0.314606741573,0.027027027027,0.521739130435,0.725,0.212121212121,2024,0.9,30,0.391304347826,0,1.0,0
911,2024-04-30,0.20987654321,0.006024096386,0.111782477341,0.327102803738,0.143884892086,0.299319727891,0.357142857143,0.337078651685,0.027027027027,0.478260869565,0.383333333333,0.19696969697,2024,0.9,30,0.347826086957,0,1.0,0
912,2024-04-30,0.20987654321,0.003012048193,0.111782477341,0.336448598131,0.107913669065,0.380952380952,0.452380952381,0.370786516854,0.027027027027,0.434782608696,0.4,0.166666666667,2024,0.9,30,0.304347826087,0,1.0,0
913,2024-04-30,0.222222222222,0.009036144578,0.123867069486,0.355140186916,0.079136690647,0.394557823129,0.452380952381,0.393258426966,0.027027027027,0.391304347826,0.597222222222,0.166666666667,2024,0.9,30,0.260869565217,0,1.0,0
914,2024-04-30,0.234567901235,0.018072289157,0.14501510574,0.392523364486,0.043165467626,0.401360544218,0.5,0.404494382022,0.027027027027,0.391304347826,0.472222222222,0.121212121212,2024,0.9,30,0.173913043478,0,1.0,0
915,2024-04-30,0.214814814815,0.015060240964,0.117824773414,0.327102803738,0.064748201439,0.34693877551,0.404761904762,0.426966292135,0.027027027027,0.347826086957,0.5,0.166666666667,2024,0.9,30,0.130434782609,0,1.0,0
916,2024-04-30,0.313580246914,0.084337349398,0.214501510574,0.401869158879,0.007194244604,0.387755102041,0.47619047619,0.460674157303,0.054054054054,0.304347826087,0.422222222222,0.136363636364,2024,0.9,30,0.04347826087,0,1.0,0
917,2024-04-30,0.523456790123,0.310240963855,0.447129909366,0.420560747664,0.007194244604,0.448979591837,0.52380952381,0.483146067416,0.081081081081,0.304347826087,0.369444444444,0.060606060606,2024,0.9,30,0.0,0,0.97,0
918,2024-04-30,0.545679012346,0.316265060241,0.477341389728,0.495327102804,0.014388489209,0.551020408163,0.571428571429,0.426966292135,0.108108108108,0.391304347826,0.394444444444,0.106060606061,2024,0.9,30,0.086956521739,0,0.97,0
919,2024-04-30,0.4,0.367469879518,0.583081570997,0.663551401869,0.028776978417,0.557823129252,0.535714285714,0.404494382022,0.162162162162,0.434782608696,0.275,0.227272727273,2024,0.9,30,0.217391304348,0,0.97,0
920,2024-04-30,0.217283950617,0.051204819277,0.181268882175,0.401869158879,0.215827338129,0.646258503401,0.702380952381,0.348314606742,0.081081081081,0.521739130435,0.15,,2024,0.9,30,0.521739130435,0,0.92,0
921,2024-04-30,0.2,0.027108433735,0.123867069486,0.299065420561,0.374100719424,0.448979591837,0.511904761905,0.303370786517,0.108108108108,0.565217391304,0.169444444444,0.287878787879,2024,0.9,30,0.695652173913,0,0.94,0
922,2024-04-30,0.162962962963,0.015060240964,0.090634441088,0.233644859813,0.503597122302,0.414965986395,0.440476190476,0.258426966292,0.189189189189,0.652173913043,0.161111111111,0.287878787879,2024,0.9,30,0.782608695652,0,0.98,0
923,2024-04-30,0.155555555556,0.015060240964,0.07250755287,0.177570093458,0.589928057554,0.360544217687,0.392857142857,0.224719101124,0.108108108108,0.695652173913,0.033333333333,0.287878787879,2024,0.9,30,0.913043478261,0,0.97,0
924,2024-04-30,0.153086419753,0.021084337349,0.099697885196,0.242990654206,0.705035971223,0.353741496599,0.404761904762,0.202247191011,0.108108108108,0.782608695652,0.347222222222,0.30303030303,2024,0.9,30,1.0,0,0.88,0
925,2024-04-30,0.167901234568,0.003012048193,0.066465256798,0.18691588785,0.877697841727,0.367346938776,0.440476190476,0.191011235955,0.081081081081,0.782608695652,0.4,0.287878787879,2024,0.9,30,0.95652173913,0,0.98,0
926,2024-04-30,0.140740740741,0.009036144578,0.063444108761,0.168224299065,0.719424460432,0.421768707483,0.52380952381,0.179775280899,0.081081081081,0.782608695652,0.341666666667,0.348484848485,2024,0.9,30,0.869565217391,0,0.96,0
927,2024-04-30,0.185185185185,0.006024096386,0.057401812689,0.158878504673,0.597122302158,0.428571428571,0.440476190476,0.213483146067,0.054054054054,0.782608695652,0.463888888889,0.469696969697,2024,0.9,30,0.826086956522,0,1.0,0
928,2024-04-30,0.19012345679,0.003012048193,0.057401812689,0.168224299065,0.611510791367,0.408163265306,0.380952380952,0.213483146067,0.054054054054,0.782608695652,0.472222222222,0.333333333333,2024,0.9,30,0.739130434783,0,0.96,0
929,2024-04-30,0.167901234568,0.003012048193,0.045317220544,0.130841121495,0.489208633094,0.387755102041,0.380952380952,0.247191011236,0.027027027027,0.739130434783,0.447222222222,0.606060606061,2024,0.9,30,0.652173913043,0,0.95,0
930,2024-04-30,0.162962962963,0.003012048193,0.039274924471,0.121495327103,0.395683453237,0.401360544218,0.357142857143,0.258426966292,0.027027027027,0.652173913043,0.45,,2024,0.9,30,0.608695652174,0,0.99,0
931,2024-04-30,0.153086419753,0.0,0.036253776435,0.11214953271,0.388489208633,0.340136054422,0.321428571429,0.292134831461,0.027027027027,0.608695652174,0.441666666667,0.469696969697,2024,0.9,30,0.565217391304,0,0.95,0
932,2024-04-30,0.182716049383,0.003012048193,0.063444108761,0.18691588785,0.294964028777,0.285714285714,0.285714285714,0.303370786517,0.027027027027,0.565217391304,0.377777777778,0.378787878788,2024,0.9,30,0.478260869565,0,1.0,0
933,2024-04-30,0.202469135802,0.006024096386,0.078549848943,0.224299065421,0.258992805755,0.272108843537,0.285714285714,0.303370786517,0.027027027027,0.565217391304,0.480555555556,0.242424242424,2024,0.9,30,0.434782608696,0,1.0,0
934,2024-05-01,0.202469135802,0.003012048193,0.069486404834,0.205607476636,0.230215827338,0.265306122449,0.297619047619,0.359550561798,0.027027027027,0.521739130435,0.783333333333,0.121212121212,2024,1.0,1,0.391304347826,0,1.0,0
935,2024-05-01,0.204938271605,0.006024096386,0.09667673716,0.280373831776,0.151079136691,0.238095238095,0.25,0.348314606742,0.027027027027,0.478260869565,0.469444444444,0.106060606061,2024,1.0,1,0.347826086957,0,1.0,0
936,2024-05-01,0.256790123457,0.039156626506,0.187311178248,0.457943925234,0.021582733813,0.278911564626,0.297619047619,0.370786516854,0.027027027027,0.434782608696,0.327777777778,0.19696969697,2024,1.0,1,0.304347826087,0,1.0,0
937,2024-05-01,0.19012345679,0.009036144578,0.111782477341,0.317757009346,0.086330935252,0.340136054422,0.357142857143,0.393258426966,0.027027027027,0.434782608696,0.311111111111,0.136363636364,2024,1.0,1,0.260869565217,0,1.0,0
938,2024-05-01,0.202469135802,0.015060240964,0.129909365559,0.355140186916,0.035971223022,0.299319727891,0.309523809524,0.415730337079,0.027027027027,0.391304347826,0.308333333333,0.181818181818,2024,1.0,1,0.173913043478,0,1.0,0
939,2024-05-01,0.204938271605,0.009036144578,0.123867069486,0.355140186916,0.05035971223,0.319727891156,0.357142857143,0.426966292135,0.027027027027,0.347826086957,0.35,0.106060606061,2024,1.0,1,0.130434782609,0,1.0,0
940,2024-05-01,0.256790123457,0.045180722892,0.190332326284,0.448598130841,0.014388489209,0.367346938776,0.440476190476,0.449438202247,0.054054054054,0.347826086957,0.430555555556,0.181818181818,2024,1.0,1,0.04347826087,0,1.0,0
941,2024-05-01,0.330864197531,0.135542168675,0.259818731118,0.392523364486,0.007194244604,0.387755102041,0.452380952381,0.483146067416,0.054054054054,0.347826086957,0.508333333333,0.121212121212,2024,1.0,1,0.0,0,1.0,0
942,2024-05-01,0.293827160494,0.114457831325,0.253776435045,0.429906542056,0.043165467626,0.380952380952,0.416666666667,0.449438202247,0.054054054054,0.391304347826,0.3,0.075757575758,2024,1.0,1,0.086956521739,0,1.0,0
943,2024-05-01,0.246913580247,0.072289156627,0.208459214502,0.420560747664,0.115107913669,0.374149659864,0.404761904762,0.38202247191,0.054054054054,0.478260869565,0.072222222222,0.19696969697,2024,1.0,1,0.217391304348,0,0.98,0
944,2024-05-01,0.207407407407,0.036144578313,0.151057401813,0.355140186916,0.273381294964,0.360544217687,0.416666666667,0.337078651685,0.054054054054,0.565217391304,0.016666666667,0.227272727273,2024,1.0,1,0.521739130435,0,1.0,0
945,2024-05-01,0.128395061728,0.009036144578,0.051359516616,0.130841121495,0.510791366906,0.30612244898,0.369047619048,0.280898876404,0.027027027027,0.608695652174,0.197222222222,0.242424242424,2024,1.0,1,0.695652173913,0,0.99,0
946,2024-05-01,0.135802469136,0.009036144578,0.051359516616,0.130841121495,0.618705035971,0.238095238095,0.297619047619,0.247191011236,0.027027027027,0.695652173913,0.336111111111,0.333333333333,2024,1.0,1,0.782608695652,0,1.0,0
947,2024-05-01,0.125925925926,0.003012048193,0.021148036254,0.056074766355,0.661870503597,0.251700680272,0.297619047619,0.213483146067,0.027027027027,0.782608695652,0.436111111111,0.378787878788,2024,1.0,1,0.913043478261,0,1.0,0
948,2024-05-01,0.128395061728,0.003012048193,0.018126888218,0.056074766355,0.676258992806,0.272108843537,0.309523809524,0.202247191011,0.027027027027,0.826086956522,0.380555555556,0.333333333333,2024,1.0,1,1.0,0,1.0,0
949,2024-05-01,0.140740740741,0.006024096386,0.039274924471,0.093457943925,0.589928057554,0.333333333333,0.357142857143,0.213483146067,0.054054054054,0.826086956522,0.202777777778,0.409090909091,2024,1.0,1,0.95652173913,0,1.0,0
950,2024-05-01,0.140740740741,0.003012048193,0.030211480363,0.084112149533,0.589928057554,0.421768707483,0.333333333333,0.23595505618,0.027027027027,0.826086956522,0.466666666667,,2024,1.0,1,0.869565217391,0,1.0,0
951,2024-05-01,0.140740740741,0.003012048193,0.018126888218,0.056074766355,0.561151079137,0.401360544218,0.369047619048,0.23595505618,0.027027027027,0.826086956522,0.441666666667,0.560606060606,2024,1.0,1,0.826086956522,0,1.0,0
952,2024-05-01,0.143209876543,0.003012048193,0.02416918429,0.065420560748,0.453237410072,0.333333333333,0.27380952381,0.258426966292,0.054054054054,0.782608695652,0.472222222222,0.69696969697,2024,1.0,1,0.739130434783,0,1.0,0
953,2024-05-01,0.133333333333,0.003012048193,0.015105740181,0.046728971963,0.446043165468,0.374149659864,0.285714285714,0.280898876404,0.054054054054,0.695652173913,0.452777777778,0.727272727273,2024,1.0,1,0.652173913043,0,1.0,0
954,2024-05-01,0.128395061728,0.0,0.015105740181,0.046728971963,0.410071942446,0.387755102041,0.309523809524,0.314606741573,0.027027027027,0.652173913043,0.455555555556,0.681818181818,2024,1.0,1,0.608695652174,0,0.98,0
955,2024-05-01,0.130864197531,0.0,0.018126888218,0.056074766355,0.36690647482,0.353741496599,0.333333333333,0.337078651685,0.027027027027,0.608695652174,0.458333333333,0.590909090909,2024,1.0,1,0.565217391304,0,1.0,0
956,2024-05-01,0.130864197531,0.0,0.018126888218,0.046728971963,0.345323741007,0.265306122449,0.27380952381,0.348314606742,0.027027027027,0.565217391304,0.438888888889,0.469696969697,2024,1.0,1,0.478260869565,0,1.0,0
957,2024-05-01,0.175308641975,0.003012048193,0.057401812689,0.168224299065,0.237410071942,0.251700680272,0.27380952381,0.370786516854,0.027027027027,0.565217391304,0.411111111111,0.19696969697,2024,1.0,1,0.434782608696,0,1.0,0
958,2024-05-02,0.375308641975,0.090361445783,0.2416918429,0.457943925234,0.014388489209,0.326530612245,0.345238095238,0.325842696629,0.054054054054,0.521739130435,0.536111111111,0.19696969697,2024,1.0,2,0.391304347826,0,1.0,0
959,2024-05-02,0.195061728395,0.003012048193,0.066465256798,0.196261682243,0.179856115108,0.272108843537,0.285714285714,0.38202247191,0.027027027027,0.521739130435,0.294444444444,0.181818181818,2024,1.0,2,0.347826086957,0,1.0,0
960,2024-05-02,0.155555555556,0.0,0.04833836858,0.14953271028,0.194244604317,0.278911564626,0.297619047619,0.415730337079,0.027027027027,0.478260869565,0.338888888889,0.19696969697,2024,1.0,2,0.304347826087,0,0.91,0
961,2024-05-02,0.145679012346,0.003012048193,0.045317220544,0.130841121495,0.201438848921,0.319727891156,0.369047619048,0.426966292135,0.027027027027,0.434782608696,0.386111111111,0.212121212121,2024,1.0,2,0.260869565217,0,1.0,0
962,2024-05-02,0.155555555556,0.003012048193,0.042296072508,0.11214953271,0.223021582734,0.340136054422,0.380952380952,0.438202247191,0.027027027027,0.434782608696,0.441666666667,0.151515151515,2024,1.0,2,0.173913043478,0,1.0,0
963,2024-05-02,0.192592592593,0.012048192771,0.087613293051,0.242990654206,0.115107913669,0.265306122449,0.297619047619,0.449438202247,0.027027027027,0.391304347826,0.411111111111,0.166666666667,2024,1.0,2,0.130434782609,0,1.0,0
964,2024-05-02,0.20987654321,0.027108433735,0.123867069486,0.299065420561,0.115107913669,0.30612244898,0.369047619048,0.38202247191,0.054054054054,0.434782608696,0.638888888889,0.242424242424,2024,1.0,2,0.04347826087,0,1.0,0
965,2024-05-02,0.338271604938,0.120481927711,0.244712990937,0.383177570093,0.021582733813,0.251700680272,0.297619047619,0.449438202247,0.054054054054,0.391304347826,0.558333333333,0.227272727273,2024,1.0,2,0.0,0,0.96,0
966,2024-05-02,0.23950617284,0.045180722892,0.135951661631,0.280373831776,0.136690647482,0.340136054422,0.345238095238,0.38202247191,0.054054054054,0.478260869565,0.641666666667,0.318181818182,2024,1.0,2,0.086956521739,0,0.85,0
967,2024-05-02,0.222222222222,0.021084337349,0.102719033233,0.252336448598,0.352517985612,0.251700680272,0.22619047619,0.337078651685,0.027027027027,0.565217391304,0.269444444444,0.257575757576,2024,1.0,2,0.521739130435,0,0.88,0
968,2024-05-02,0.192592592593,0.009036144578,0.069486404834,0.196261682243,0.553956834532,0.272108843537,0.285714285714,0.292134831461,0.027027027027,0.652173913043,0.197222222222,0.242424242424,2024,1.0,2,0.695652173913,0,0.96,0
969,2024-05-02,0.17037037037,0.006024096386,0.042296072508,0.121495327103,0.654676258993,0.333333333333,0.392857142857,0.247191011236,0.027027027027,0.739130434783,0.55,0.318181818182,2024,1.0,2,0.782608695652,0,0.92,0
970,2024-05-02,0.16049382716,0.003012048193,0.036253776435,0.093457943925,0.712230215827,0.312925170068,0.380952380952,0.224719101124,0.027027027027,0.782608695652,0.455555555556,0.393939393939,2024,1.0,2,0.913043478261,0,0.93,0
971,2024-05-02,0.148148148148,0.003012048193,0.030211480363,0.084112149533,0.719424460432,0.292517006803,0.321428571429,0.213483146067,0.027027027027,0.826086956522,0.333333333333,0.348484848485,2024,1.0,2,1.0,0,0.9,0
972,2024-05-02,0.143209876543,0.003012048193,0.02416918429,0.07476635514,0.697841726619,0.278911564626,0.285714285714,0.213483146067,0.027027027027,0.826086956522,0.372222222222,0.378787878788,2024,1.0,2,0.95652173913,0,0.93,0
973,2024-05-02,0.150617283951,0.0,0.030211480363,0.093457943925,0.58273381295,0.408163265306,0.392857142857,0.247191011236,0.027027027027,0.782608695652,0.325,0.454545454545,2024,1.0,2,0.869565217391,0,0.89,0
974,2024-05-02,0.185185185185,0.006024096386,0.057401812689,0.158878504673,0.474820143885,0.503401360544,0.345238095238,0.314606741573,0.027027027027,0.739130434783,0.430555555556,0.5,2024,1.0,2,0.826086956522,0,0.94,0
975,2024-05-02,0.18024691358,0.003012048193,0.054380664653,0.158878504673,0.395683453237,0.462585034014,0.369047619048,0.280898876404,0.027027027027,0.739130434783,0.408333333333,0.378787878788,2024,1.0,2,0.739130434783,0,1.0,0
976,2024-05-02,0.182716049383,0.006024096386,0.069486404834,0.196261682243,0.323741007194,0.367346938776,0.321428571429,0.269662921348,0.027027027027,0.739130434783,0.352777777778,0.469696969697,2024,1.0,2,0.652173913043,0,0.98,0
977,2024-05-02,0.222222222222,0.018072289157,0.09667673716,0.242990654206,0.215827338129,0.394557823129,0.27380952381,0.247191011236,0.027027027027,0.695652173913,0.591666666667,0.515151515152,2024,1.0,2,0.608695652174,0,0.96,0
978,2024-05-02,0.20987654321,0.021084337349,0.099697885196,0.233644859813,0.194244604317,0.34693877551,0.238095238095,0.247191011236,0.027027027027,0.652173913043,0.583333333333,0.560606060606,2024,1.0,2,0.565217391304,0,1.0,0
979,2024-05-02,0.22962962963,0.015060240964,0.105740181269,0.280373831776,0.143884892086,0.292517006803,0.297619047619,0.280898876404,0.027027027027,0.608695652174,0.555555555556,0.318181818182,2024,1.0,2,0.478260869565,0,1.0,0
980,2024-05-02,0.311111111111,0.03313253012,0.163141993958,0.401869158879,0.05035971223,0.326530612245,0.357142857143,0.314606741573,0.027027027027,0.565217391304,0.511111111111,0.19696969697,2024,1.0,2,0.434782608696,0,1.0,0
981,2024-05-03,0.555555555556,,,,,0.56462585034,0.595238095238,0.629213483146,,0.434782608696,0.205555555556,0.227272727273,2024,1.0,3,0.391304347826,0,1.0,0
982,2024-05-03,0.4,0.111445783133,0.250755287009,0.429906542056,0.007194244604,0.408163265306,0.392857142857,0.370786516854,0.054054054054,0.478260869565,0.541666666667,0.181818181818,2024,1.0,3,0.347826086957,0,1.0,0
983,2024-05-03,0.296296296296,0.045180722892,0.181268882175,0.420560747664,0.007194244604,0.394557823129,0.357142857143,0.38202247191,0.054054054054,0.434782608696,0.286111111111,0.166666666667,2024,1.0,3,0.304347826087,0,1.0,0
984,2024-05-03,0.271604938272,0.048192771084,0.181268882175,0.411214953271,0.007194244604,0.414965986395,0.440476190476,0.393258426966,0.027027027027,0.434782608696,0.338888888889,0.121212121212,2024,1.0,3,0.260869565217,0,1.0,0
985,2024-05-03,0.241975308642,0.03313253012,0.154078549849,0.364485981308,0.043165467626,0.43537414966,0.488095238095,0.404494382022,0.027027027027,0.391304347826,0.972222222222,0.121212121212,2024,1.0,3,0.173913043478,0,1.0,0
986,2024-05-03,0.325925925926,0.063253012048,0.181268882175,0.364485981308,0.014388489209,0.394557823129,0.452380952381,0.404494382022,0.054054054054,0.391304347826,0.852777777778,0.212121212121,2024,1.0,3,0.130434782609,0,1.0,0
987,2024-05-03,0.340740740741,0.132530120482,0.247734138973,0.355140186916,0.007194244604,0.408163265306,0.452380952381,0.415730337079,0.054054054054,0.347826086957,0.911111111111,0.181818181818,2024,1.0,3,0.04347826087,0,0.99,0
988,2024-05-03,0.555555555556,0.382530120482,0.510574018127,0.392523364486,0.0,0.360544217687,0.369047619048,0.449438202247,0.081081081081,0.347826086957,0.475,0.151515151515,2024,1.0,3,0.0,0,1.0,0
989,2024-05-03,0.508641975309,0.433734939759,0.607250755287,0.532710280374,0.007194244604,0.496598639456,0.488095238095,0.438202247191,0.162162162162,0.391304347826,0.163888888889,0.121212121212,2024,1.0,3,0.086956521739,0,0.96,0
990,2024-05-03,0.385185185185,0.177710843373,0.368580060423,0.579439252336,0.064748201439,0.585034013605,0.607142857143,0.370786516854,0.108108108108,0.478260869565,0.005555555556,0.151515151515,2024,1.0,3,0.217391304348,0,0.97,0
991,2024-05-03,0.333333333333,0.060240963855,0.250755287009,0.588785046729,0.230215827338,0.537414965986,0.583333333333,0.314606741573,0.108108108108,0.565217391304,0.105555555556,,2024,1.0,3,0.521739130435,0,0.97,0
992,2024-05-03,0.237037037037,0.021084337349,0.129909365559,0.345794392523,0.467625899281,0.557823129252,0.666666666667,0.269662921348,0.081081081081,0.695652173913,0.05,0.333333333333,2024,1.0,3,0.695652173913,0,0.89,0
993,2024-05-03,0.187654320988,0.012048192771,0.075528700906,0.196261682243,0.618705035971,0.455782312925,0.488095238095,0.224719101124,0.054054054054,0.739130434783,0.080555555556,0.333333333333,2024,1.0,3,0.782608695652,0,0.97,0
994,2024-05-03,0.148148148148,0.003012048193,0.036253776435,0.102803738318,0.741007194245,0.374149659864,0.380952380952,0.202247191011,0.054054054054,0.826086956522,0.219444444444,0.318181818182,2024,1.0,3,0.913043478261,0,0.97,0
995,2024-05-03,0.167901234568,0.003012048193,0.045317220544,0.130841121495,0.848920863309,0.401360544218,0.440476190476,0.191011235955,0.054054054054,0.869565217391,0.277777777778,0.318181818182,2024,1.0,3,1.0,0,0.96,0
996,2024-05-03,0.182716049383,0.003012048193,0.04833836858,0.140186915888,0.89928057554,0.380952380952,0.380952380952,0.179775280899,0.054054054054,0.913043478261,0.494444444444,0.333333333333,2024,1.0,3,0.95652173913,0,0.94,0
997,2024-05-03,0.158024691358,0.009036144578,0.087613293051,0.242990654206,0.625899280576,0.414965986395,0.380952380952,0.191011235955,0.054054054054,0.869565217391,0.227777777778,0.378787878788,2024,1.0,3,0.869565217391,0,0.92,0
998,2024-05-03,0.19012345679,0.006024096386,0.069486404834,0.196261682243,0.467625899281,0.448979591837,0.345238095238,0.348314606742,0.054054054054,0.695652173913,0.466666666667,0.590909090909,2024,1.0,3,0.826086956522,0,0.97,0
999,2024-05-03,0.338271604938,0.015060240964,0.14501510574,0.401869158879,0.237410071942,0.462585034014,0.321428571429,0.426966292135,0.054054054054,0.695652173913,0.225,0.287878787879,2024,1.0,3,0.739130434783,0,0.97,0
1000,2024-05-03,0.234567901235,0.018072289157,0.126888217523,0.336448598131,0.374100719424,0.401360544218,0.392857142857,0.460674157303,0.054054054054,0.521739130435,0.002777777778,0.80303030303,2024,1.0,3,0.652173913043,0,0.9,0
1001,2024-05-03,0.335802469136,0.045180722892,0.232628398792,0.570093457944,0.165467625899,0.47619047619,0.440476190476,0.505617977528,0.054054054054,0.521739130435,0.152777777778,0.409090909091,2024,1.0,3,0.608695652174,0,0.99,0
1002,2024-05-03,0.382716049383,0.045180722892,0.256797583082,0.654205607477,0.071942446043,0.353741496599,0.452380952381,0.505617977528,0.054054054054,0.521739130435,0.013888888889,0.242424242424,2024,1.0,3,0.565217391304,0,0.96,0
1003,2024-05-03,0.506172839506,0.099397590361,0.320241691843,0.682242990654,0.021582733813,0.387755102041,0.452380952381,0.539325842697,0.054054054054,0.478260869565,0.927777777778,0.19696969697,2024,1.0,3,0.478260869565,0,0.98,0
1004,2024-05-03,0.651851851852,0.25,0.474320241692,0.682242990654,0.0,0.43537414966,0.47619047619,0.595505617978,0.081081081081,0.478260869565,0.222222222222,0.166666666667,2024,1.0,3,0.434782608696,0,1.0,0
1005,2024-05-04,0.202469135802,0.009036144578,0.093655589124,0.261682242991,0.230215827338,0.30612244898,0.238095238095,0.393258426966,0.027027027027,0.521739130435,0.422222222222,0.378787878788,2024,1.0,4,0.391304347826,0,1.0,0
1006,2024-05-04,,,,,,0.557823129252,0.535714285714,0.640449438202,,0.391304347826,0.116666666667,0.151515151515,2024,1.0,4,0.347826086957,0,1.0,0
1007,2024-05-04,,,,,,0.387755102041,0.428571428571,0.404494382022,,0.478260869565,0.447222222222,0.469696969697,2024,1.0,4,0.304347826087,0,1.0,0
1008,2024-05-04,,,,,,0.43537414966,0.5,0.404494382022,,0.478260869565,0.513888888889,0.242424242424,2024,1.0,4,0.260869565217,0,1.0,0
1009,2024-05-04,0.138271604938,0.006024096386,0.030211480363,0.07476635514,0.309352517986,0.394557823129,0.440476190476,0.438202247191,0.054054054054,0.434782608696,0.422222222222,0.257575757576,2024,1.0,4,0.173913043478,0,1.0,0
1010,2024-05-04,0.422222222222,0.231927710843,0.380664652568,0.467289719626,0.007194244604,0.340136054422,0.297619047619,0.61797752809,0.081081081081,0.347826086957,0.947222222222,0.212121212121,2024,1.0,4,0.130434782609,0,1.0,0
1011,2024-05-04,0.471604938272,0.364457831325,0.531722054381,0.504672897196,0.0,0.517006802721,0.511904761905,0.685393258427,0.108108108108,0.347826086957,0.019444444444,,2024,1.0,4,0.04347826087,0,1.0,0
1012,2024-05-04,0.597530864198,0.530120481928,0.68580060423,0.476635514019,0.007194244604,0.680272108844,0.630952380952,0.696629213483,0.135135135135,0.347826086957,0.225,0.151515151515,2024,1.0,4,0.0,0,1.0,0
1013,2024-05-04,0.6,0.394578313253,0.586102719033,0.588785046729,0.014388489209,0.734693877551,0.690476190476,0.61797752809,0.135135135135,0.391304347826,0.0,0.106060606061,2024,1.0,4,0.086956521739,0,1.0,0
1014,2024-05-04,0.464197530864,0.186746987952,0.444108761329,0.794392523364,0.057553956835,0.755102040816,0.785714285714,0.505617977528,0.108108108108,0.478260869565,0.091666666667,0.166666666667,2024,1.0,4,0.217391304348,0,1.0,0
1015,2024-05-04,0.318518518519,0.063253012048,0.262839879154,0.616822429907,0.251798561151,0.700680272109,0.761904761905,0.404494382022,0.108108108108,0.565217391304,0.155555555556,0.181818181818,2024,1.0,4,0.521739130435,0,0.99,0
1016,2024-05-04,0.204938271605,0.018072289157,0.114803625378,0.299065420561,0.460431654676,0.591836734694,0.666666666667,0.303370786517,0.054054054054,0.695652173913,0.061111111111,0.212121212121,2024,1.0,4,0.695652173913,0,1.0,0
1017,2024-05-04,0.167901234568,0.006024096386,0.054380664653,0.140186915888,0.63309352518,0.455782312925,0.535714285714,0.23595505618,0.054054054054,0.739130434783,0.027777777778,0.318181818182,2024,1.0,4,0.782608695652,0,1.0,0
1018,2024-05-04,0.155555555556,0.003012048193,0.04833836858,0.140186915888,0.741007194245,0.30612244898,0.345238095238,0.202247191011,0.081081081081,0.826086956522,0.263888888889,0.318181818182,2024,1.0,4,0.913043478261,0,0.89,0
1019,2024-05-04,0.155555555556,0.003012048193,0.039274924471,0.11214953271,0.812949640288,0.367346938776,0.440476190476,0.191011235955,0.081081081081,0.869565217391,0.408333333333,0.333333333333,2024,1.0,4,1.0,0,0.98,0
1020,2024-05-04,0.18024691358,0.003012048193,0.04833836858,0.140186915888,0.985611510791,0.319727891156,0.369047619048,0.179775280899,0.081081081081,0.913043478261,0.813888888889,0.348484848485,2024,1.0,4,0.95652173913,0,1.0,0
1021,2024-05-04,0.197530864198,0.003012048193,0.063444108761,0.18691588785,0.719424460432,0.414965986395,0.511904761905,0.202247191011,0.054054054054,0.913043478261,0.580555555556,0.590909090909,2024,1.0,4,0.869565217391,0,1.0,0
1022,2024-05-04,0.19012345679,0.006024096386,0.063444108761,0.177570093458,0.438848920863,0.448979591837,0.392857142857,0.269662921348,0.027027027027,0.739130434783,0.497222222222,0.606060606061,2024,1.0,4,0.826086956522,0,1.0,0
1023,2024-05-04,0.195061728395,0.006024096386,0.075528700906,0.214953271028,0.460431654676,0.448979591837,0.416666666667,0.314606741573,0.054054054054,0.695652173913,0.538888888889,0.606060606061,2024,1.0,4,0.739130434783,0,1.0,0
1024,2024-05-04,0.192592592593,0.006024096386,0.069486404834,0.205607476636,0.438848920863,0.421768707483,0.369047619048,0.303370786517,0.054054054054,0.652173913043,0.525,0.681818181818,2024,1.0,4,0.652173913043,0,1.0,0
1025,2024-05-04,0.150617283951,0.003012048193,0.039274924471,0.11214953271,0.424460431655,0.34693877551,0.369047619048,0.314606741573,0.027027027027,0.608695652174,0.438888888889,0.469696969697,2024,1.0,4,0.608695652174,0,1.0,0
1026,2024-05-04,0.19012345679,0.003012048193,0.090634441088,0.271028037383,0.251798561151,0.285714285714,0.321428571429,0.348314606742,0.027027027027,0.608695652174,0.2,0.257575757576,2024,1.0,4,0.565217391304,0,1.0,0
1027,2024-05-04,0.212345679012,0.006024096386,0.108761329305,0.327102803738,0.201438848921,0.265306122449,0.297619047619,0.404494382022,0.027027027027,0.521739130435,0.025,,2024,1.0,4,0.478260869565,0,1.0,0
1028,2024-05-04,0.256790123457,0.018072289157,0.138972809668,0.383177570093,0.122302158273,0.387755102041,0.285714285714,0.438202247191,0.054054054054,0.478260869565,0.25,0.151515151515,2024,1.0,4,0.434782608696,0,1.0,0
1029,2024-05-05,0.130864197531,0.0,0.027190332326,0.07476635514,0.330935251799,0.30612244898,0.261904761905,0.426966292135,0.027027027027,0.478260869565,0.469444444444,0.5,2024,1.0,5,0.347826086957,0,1.0,0
1030,2024-05-05,0.113580246914,0.003012048193,0.015105740181,0.046728971963,0.352517985612,0.272108843537,0.25,0.449438202247,0.027027027027,0.478260869565,0.433333333333,0.469696969697,2024,1.0,5,0.304347826087,0,1.0,0
1031,2024-05-05,0.113580246914,0.0,0.018126888218,0.056074766355,0.330935251799,0.244897959184,0.238095238095,0.460674157303,0.027027027027,0.478260869565,0.391666666667,0.454545454545,2024,1.0,5,0.260869565217,0,1.0,0
1032,2024-05-05,0.192592592593,0.012048192771,0.102719033233,0.271028037383,0.122302158273,0.231292517007,0.238095238095,0.494382022472,0.054054054054,0.434782608696,0.241666666667,0.136363636364,2024,1.0,5,0.173913043478,0,1.0,0
1033,2024-05-05,0.234567901235,0.021084337349,0.151057401813,0.401869158879,0.014388489209,0.285714285714,0.309523809524,0.539325842697,0.054054054054,0.391304347826,0.197222222222,0.121212121212,2024,1.0,5,0.130434782609,0,1.0,0
1034,2024-05-05,0.323456790123,0.117469879518,0.262839879154,0.439252336449,0.0,0.258503401361,0.261904761905,0.561797752809,0.054054054054,0.391304347826,0.383333333333,0.060606060606,2024,1.0,5,0.04347826087,0,1.0,0
1035,2024-05-05,0.316049382716,0.126506024096,0.244712990937,0.364485981308,0.079136690647,0.34693877551,0.357142857143,0.516853932584,0.054054054054,0.434782608696,0.441666666667,0.121212121212,2024,1.0,5,0.086956521739,0,1.0,0
1036,2024-05-05,0.214814814815,0.024096385542,0.099697885196,0.224299065421,0.251798561151,0.387755102041,0.369047619048,0.438202247191,0.054054054054,0.521739130435,0.438888888889,0.19696969697,2024,1.0,5,0.217391304348,0,1.0,0
1037,2024-05-05,0.207407407407,0.015060240964,0.081570996979,0.214953271028,0.460431654676,0.312925170068,0.357142857143,0.38202247191,0.054054054054,0.608695652174,0.241666666667,0.19696969697,2024,1.0,5,0.521739130435,0,1.0,0
1038,2024-05-08,0.185185185185,0.009036144578,0.051359516616,0.130841121495,0.539568345324,0.333333333333,0.297619047619,0.258426966292,0.027027027027,0.782608695652,0.577777777778,0.257575757576,2024,1.0,8,0.695652173913,0,0.96,0
1039,2024-05-08,0.150617283951,0.003012048193,0.027190332326,0.07476635514,0.618705035971,0.319727891156,0.309523809524,0.213483146067,0.054054054054,0.869565217391,0.347222222222,0.333333333333,2024,1.0,8,0.782608695652,0,0.95,0
1040,2024-05-08,0.150617283951,0.006024096386,0.027190332326,0.065420560748,0.611510791367,0.285714285714,0.285714285714,0.191011235955,0.054054054054,0.913043478261,0.561111111111,0.363636363636,2024,1.0,8,0.913043478261,0,0.98,0
1041,2024-05-08,0.192592592593,0.012048192771,0.063444108761,0.158878504673,0.532374100719,0.319727891156,0.321428571429,0.179775280899,0.108108108108,0.95652173913,,0.636363636364,2024,1.0,8,1.0,0,0.9,0
1042,2024-05-08,0.150617283951,0.003012048193,0.036253776435,0.102803738318,0.553956834532,0.353741496599,0.261904761905,0.179775280899,0.216216216216,0.913043478261,0.358333333333,0.484848484848,2024,1.0,8,0.95652173913,0,0.98,0
1043,2024-05-08,0.202469135802,0.012048192771,0.081570996979,0.214953271028,0.460431654676,0.374149659864,0.25,0.213483146067,0.081081081081,0.826086956522,0.883333333333,0.848484848485,2024,1.0,8,0.869565217391,0,0.91,0
1044,2024-05-08,0.187654320988,0.009036144578,0.069486404834,0.18691588785,0.424460431655,0.503401360544,0.380952380952,0.23595505618,0.135135135135,0.782608695652,0.302777777778,0.575757575758,2024,1.0,8,0.826086956522,0,1.0,0
1045,2024-05-08,0.172839506173,0.003012048193,0.054380664653,0.158878504673,0.402877697842,0.360544217687,0.369047619048,0.337078651685,0.081081081081,0.652173913043,0.344444444444,0.606060606061,2024,1.0,8,0.739130434783,0,0.94,0
1046,2024-05-08,0.217283950617,0.003012048193,0.084592145015,0.252336448598,0.338129496403,0.367346938776,0.380952380952,0.337078651685,0.081081081081,0.652173913043,0.377777777778,0.378787878788,2024,1.0,8,0.652173913043,0,0.98,0
1047,2024-05-08,0.350617283951,0.021084337349,0.163141993958,0.439252336449,0.208633093525,0.34693877551,0.416666666667,0.348314606742,0.108108108108,0.652173913043,0.602777777778,0.333333333333,2024,1.0,8,0.608695652174,0,0.99,0
1048,2024-05-08,0.427160493827,0.039156626506,0.232628398792,0.598130841121,0.064748201439,0.469387755102,0.452380952381,0.359550561798,0.081081081081,0.652173913043,0.55,0.227272727273,2024,1.0,8,0.565217391304,0,0.99,0
1049,2024-05-08,0.432098765432,0.045180722892,0.2416918429,0.616822429907,0.014388489209,0.557823129252,0.47619047619,0.393258426966,0.081081081081,0.608695652174,0.469444444444,0.30303030303,2024,1.0,8,0.478260869565,0,0.99,0
1050,2024-05-08,0.469135802469,0.075301204819,0.268882175227,0.598130841121,0.0,0.448979591837,0.488095238095,0.404494382022,0.081081081081,0.565217391304,0.5,0.090909090909,2024,1.0,8,0.434782608696,0,0.96,0
1051,2024-05-09,0.316049382716,,,,,0.428571428571,0.428571428571,0.314606741573,,0.695652173913,0.805555555556,0.166666666667,2024,1.0,9,0.391304347826,0,1.0,0
1052,2024-05-09,0.446913580247,0.114457831325,0.283987915408,0.532710280374,0.014388489209,0.619047619048,0.511904761905,0.438202247191,0.081081081081,0.521739130435,0.466666666667,0.30303030303,2024,1.0,9,0.304347826087,0,1.0,0
1053,2024-05-09,0.316049382716,0.036144578313,0.175226586103,0.429906542056,0.035971223022,0.557823129252,0.535714285714,0.415730337079,0.054054054054,0.478260869565,0.408333333333,0.106060606061,2024,1.0,9,0.260869565217,0,1.0,0
1054,2024-05-09,0.36049382716,0.090361445783,0.253776435045,0.504672897196,0.0,0.510204081633,0.5,0.449438202247,0.054054054054,0.478260869565,0.836111111111,0.106060606061,2024,1.0,9,0.173913043478,0,1.0,0
1055,2024-05-09,0.422222222222,0.19578313253,0.368580060423,0.532710280374,0.007194244604,0.469387755102,0.535714285714,0.494382022472,0.081081081081,0.434782608696,0.408333333333,0.166666666667,2024,1.0,9,0.130434782609,0,1.0,0
1056,2024-05-09,0.43950617284,0.198795180723,0.36253776435,0.504672897196,0.007194244604,0.537414965986,0.607142857143,0.47191011236,0.081081081081,0.434782608696,0.494444444444,0.121212121212,2024,1.0,9,0.04347826087,0,1.0,0
1057,2024-05-09,0.513580246914,0.25,0.407854984894,0.485981308411,0.007194244604,0.510204081633,0.583333333333,0.483146067416,0.081081081081,0.434782608696,0.383333333333,0.166666666667,2024,1.0,9,0.0,0,0.96,0
1058,2024-05-09,0.735802469136,0.527108433735,0.719033232628,0.598130841121,0.007194244604,0.578231292517,0.619047619048,0.47191011236,0.162162162162,0.434782608696,0.011111111111,0.075757575758,2024,1.0,9,0.086956521739,0,0.94,0
1059,2024-05-09,0.397530864198,0.075301204819,0.229607250755,0.485981308411,0.172661870504,0.761904761905,0.77380952381,0.337078651685,0.081081081081,0.565217391304,0.552777777778,0.166666666667,2024,1.0,9,0.217391304348,0,0.88,0
1060,2024-05-09,0.320987654321,0.021084337349,0.135951661631,0.364485981308,0.402877697842,0.557823129252,0.666666666667,0.280898876404,0.081081081081,0.652173913043,0.338888888889,0.19696969697,2024,1.0,9,0.521739130435,0,0.83,0
1061,2024-05-09,0.281481481481,0.012048192771,0.132930513595,0.364485981308,0.604316546763,0.544217687075,0.642857142857,0.224719101124,0.081081081081,0.782608695652,0.138888888889,0.242424242424,2024,1.0,9,0.695652173913,0,0.94,0
1062,2024-05-09,0.22962962963,0.012048192771,0.099697885196,0.271028037383,0.63309352518,0.469387755102,0.535714285714,0.157303370787,0.081081081081,0.826086956522,0.825,0.287878787879,2024,1.0,9,0.782608695652,0,0.96,0
1063,2024-05-09,0.204938271605,0.003012048193,0.057401812689,0.168224299065,1.0,0.421768707483,0.52380952381,0.157303370787,0.081081081081,0.869565217391,0.1,0.318181818182,2024,1.0,9,0.913043478261,0,0.97,0
1064,2024-05-09,0.187654320988,0.003012048193,0.04833836858,0.14953271028,0.985611510791,0.496598639456,0.607142857143,0.14606741573,0.081081081081,0.913043478261,0.158333333333,0.378787878788,2024,1.0,9,1.0,0,0.97,0
1065,2024-05-09,0.17037037037,0.003012048193,0.060422960725,0.177570093458,0.913669064748,0.455782312925,0.511904761905,0.134831460674,0.081081081081,0.95652173913,0.097222222222,0.378787878788,2024,1.0,9,0.95652173913,0,0.94,0
1066,2024-05-09,0.145679012346,0.003012048193,0.033232628399,0.093457943925,0.863309352518,0.414965986395,0.452380952381,0.123595505618,0.081081081081,0.95652173913,0.111111111111,0.287878787879,2024,1.0,9,0.869565217391,0,0.95,0
1067,2024-05-09,0.143209876543,0.003012048193,0.045317220544,0.130841121495,0.841726618705,0.367346938776,0.380952380952,0.112359550562,0.054054054054,1.0,0.138888888889,0.318181818182,2024,1.0,9,0.826086956522,0,0.98,0
1068,2024-05-09,0.140740740741,0.003012048193,0.045317220544,0.130841121495,0.748201438849,0.374149659864,0.380952380952,0.112359550562,0.054054054054,1.0,0.152777777778,0.378787878788,2024,1.0,9,0.739130434783,0,0.91,0
1069,2024-05-09,0.167901234568,0.009036144578,0.09667673716,0.271028037383,0.453237410072,0.401360544218,0.392857142857,0.23595505618,0.054054054054,0.869565217391,0.219444444444,0.727272727273,2024,1.0,9,0.652173913043,0,0.93,0
1070,2024-05-09,0.237037037037,0.03313253012,0.190332326284,0.485981308411,0.215827338129,0.721088435374,0.416666666667,0.303370786517,0.054054054054,0.782608695652,0.136111111111,0.363636363636,2024,1.0,9,0.608695652174,0,0.98,0
1071,2024-05-09,0.192592592593,0.003012048193,0.087613293051,0.252336448598,0.374100719424,0.503401360544,0.416666666667,0.280898876404,0.027027027027,0.739130434783,0.038888888889,0.409090909091,2024,1.0,9,0.565217391304,0,1.0,0
1072,2024-05-09,0.232098765432,0.006024096386,0.105740181269,0.308411214953,0.294964028777,0.367346938776,0.404761904762,0.303370786517,0.054054054054,0.695652173913,0.013888888889,0.333333333333,2024,1.0,9,0.478260869565,0,1.0,0
1073,2024-05-09,0.301234567901,0.018072289157,0.160120845921,0.439252336449,0.179856115108,0.380952380952,0.380952380952,0.303370786517,0.027027027027,0.695652173913,0.894444444444,0.212121212121,2024,1.0,9,0.434782608696,0,1.0,0
1074,2024-05-10,0.308641975309,0.036144578313,0.16918429003,0.401869158879,0.079136690647,0.43537414966,0.380952380952,0.23595505618,0.054054054054,0.652173913043,0.736111111111,0.333333333333,2024,1.0,10,0.391304347826,0,1.0,0
1075,2024-05-10,,,,,,0.442176870748,0.488095238095,0.325842696629,,0.695652173913,0.658333333333,0.257575757576,2024,1.0,10,0.347826086957,0,1.0,0
1076,2024-05-10,,,,,,0.482993197279,0.47619047619,0.258426966292,,0.652173913043,0.555555555556,0.272727272727,2024,1.0,10,0.304347826087,0,1.0,0
1077,2024-05-10,,,,,,0.340136054422,0.369047619048,0.23595505618,,0.608695652174,0.425,0.19696969697,2024,1.0,10,0.260869565217,0,1.0,0
1078,2024-05-10,0.16049382716,0.006024096386,0.087613293051,0.261682242991,0.079136690647,0.272108843537,0.297619047619,0.23595505618,0.027027027027,0.565217391304,0.308333333333,0.121212121212,2024,1.0,10,0.173913043478,0,1.0,0
1079,2024-05-10,0.214814814815,0.042168674699,0.163141993958,0.373831775701,0.014388489209,0.244897959184,0.25,0.258426966292,0.027027027027,0.521739130435,0.327777777778,0.181818181818,2024,1.0,10,0.130434782609,0,1.0,0
1080,2024-05-10,0.41975308642,0.46686746988,0.610271903323,0.448598130841,0.0,0.238095238095,0.214285714286,0.292134831461,0.108108108108,0.521739130435,0.088888888889,0.121212121212,2024,1.0,10,0.04347826087,0,1.0,0
1081,2024-05-10,0.479012345679,0.475903614458,0.619335347432,0.439252336449,0.007194244604,0.414965986395,0.380952380952,0.337078651685,0.135135135135,0.478260869565,0.019444444444,0.242424242424,2024,1.0,10,0.0,0,1.0,0
1082,2024-05-10,0.43950617284,0.313253012048,0.480362537764,0.514018691589,0.007194244604,0.482993197279,0.428571428571,0.348314606742,0.162162162162,0.521739130435,0.911111111111,0.212121212121,2024,1.0,10,0.086956521739,0,1.0,0
1083,2024-05-10,0.330864197531,0.16265060241,0.350453172205,0.579439252336,0.057553956835,0.537414965986,0.511904761905,0.314606741573,0.162162162162,0.565217391304,0.094444444444,0.19696969697,2024,1.0,10,0.217391304348,0,1.0,0
1084,2024-05-10,0.234567901235,0.051204819277,0.196374622356,0.448598130841,0.187050359712,0.517006802721,0.5,0.224719101124,0.081081081081,0.652173913043,0.180555555556,,2024,1.0,10,0.521739130435,0,0.99,0
1085,2024-05-10,0.185185185185,0.024096385542,0.114803625378,0.280373831776,0.345323741007,0.387755102041,0.392857142857,0.168539325843,0.054054054054,0.782608695652,0.980555555556,0.227272727273,2024,1.0,10,0.695652173913,0,0.99,0
1086,2024-05-10,0.162962962963,0.015060240964,0.078549848943,0.196261682243,0.424460431655,0.251700680272,0.22619047619,0.123595505618,0.081081081081,0.826086956522,0.822222222222,0.272727272727,2024,1.0,10,0.782608695652,0,1.0,0
1087,2024-05-10,0.145679012346,0.012048192771,0.060422960725,0.158878504673,0.517985611511,0.285714285714,0.333333333333,0.123595505618,0.108108108108,0.869565217391,0.911111111111,0.333333333333,2024,1.0,10,0.913043478261,0,1.0,0
1088,2024-05-10,0.145679012346,0.006024096386,0.045317220544,0.121495327103,0.654676258993,0.21768707483,0.214285714286,0.112359550562,0.081081081081,0.913043478261,0.975,0.378787878788,2024,1.0,10,1.0,0,0.97,0
1089,2024-05-10,0.123456790123,0.006024096386,0.039274924471,0.102803738318,0.611510791367,0.238095238095,0.22619047619,0.089887640449,0.054054054054,0.913043478261,0.972222222222,,2024,1.0,10,0.95652173913,0,1.0,0
1090,2024-05-10,0.153086419753,0.009036144578,0.057401812689,0.14953271028,0.597122302158,0.210884353741,0.178571428571,0.089887640449,0.054054054054,0.95652173913,0.805555555556,0.363636363636,2024,1.0,10,0.869565217391,0,0.99,0
1091,2024-05-10,0.162962962963,0.018072289157,0.090634441088,0.233644859813,0.460431654676,0.224489795918,0.178571428571,0.078651685393,0.054054054054,0.95652173913,0.719444444444,0.242424242424,2024,1.0,10,0.826086956522,0,0.95,0
1092,2024-05-10,0.123456790123,0.015060240964,0.069486404834,0.168224299065,0.438848920863,0.258503401361,0.22619047619,0.078651685393,0.027027027027,0.95652173913,0.005555555556,0.424242424242,2024,1.0,10,0.739130434783,0,0.99,0
1093,2024-05-10,0.138271604938,0.003012048193,0.04833836858,0.140186915888,0.474820143885,0.265306122449,0.214285714286,0.14606741573,0.027027027027,0.913043478261,0.163888888889,0.666666666667,2024,1.0,10,0.652173913043,0,0.99,0
1094,2024-05-10,0.155555555556,0.006024096386,0.102719033233,0.299065420561,0.309352517986,0.56462585034,0.404761904762,0.168539325843,0.054054054054,0.826086956522,0.269444444444,0.469696969697,2024,1.0,10,0.608695652174,0,0.98,0
1095,2024-05-10,0.227160493827,0.003012048193,0.090634441088,0.271028037383,0.374100719424,0.380952380952,0.369047619048,0.202247191011,0.054054054054,0.782608695652,0.466666666667,0.242424242424,2024,1.0,10,0.565217391304,0,1.0,0
1096,2024-05-10,0.264197530864,0.015060240964,0.154078549849,0.429906542056,0.136690647482,0.421768707483,0.452380952381,0.224719101124,0.054054054054,0.739130434783,0.166666666667,0.212121212121,2024,1.0,10,0.478260869565,0,1.0,0
1097,2024-05-10,0.214814814815,0.006024096386,0.09667673716,0.280373831776,0.201438848921,0.469387755102,0.440476190476,0.202247191011,0.054054054054,0.695652173913,0.441666666667,0.257575757576,2024,1.0,10,0.434782608696,0,1.0,0
1098,2024-05-11,0.133333333333,0.003012048193,0.030211480363,0.084112149533,0.330935251799,0.380952380952,0.369047619048,0.516853932584,0.135135135135,0.478260869565,0.741666666667,0.318181818182,2024,1.0,11,0.391304347826,0,1.0,0
1099,2024-05-11,0.2,0.009036144578,0.09667673716,0.271028037383,0.158273381295,0.43537414966,0.369047619048,0.247191011236,0.054054054054,0.652173913043,0.733333333333,0.378787878788,2024,1.0,11,0.347826086957,0,1.0,0
1100,2024-05-11,0.22962962963,0.018072289157,0.129909365559,0.345794392523,0.086330935252,0.414965986395,0.333333333333,0.258426966292,0.054054054054,0.608695652174,0.766666666667,0.19696969697,2024,1.0,11,0.304347826087,0,1.0,0
1101,2024-05-11,0.177777777778,0.006024096386,0.060422960725,0.168224299065,0.201438848921,0.428571428571,0.511904761905,0.561797752809,0.891891891892,0.478260869565,0.805555555556,0.272727272727,2024,1.0,11,0.130434782609,0,1.0,0
1102,2024-05-11,0.19012345679,0.012048192771,0.066465256798,0.168224299065,0.208633093525,0.421768707483,0.535714285714,0.584269662921,0.513513513514,0.478260869565,0.758333333333,0.30303030303,2024,1.0,11,0.04347826087,0,1.0,0
1103,2024-05-11,0.23950617284,0.069277108434,0.190332326284,0.373831775701,0.079136690647,0.43537414966,0.559523809524,0.606741573034,0.567567567568,0.434782608696,0.155555555556,0.212121212121,2024,1.0,11,0.086956521739,0,1.0,0
1104,2024-05-11,0.21975308642,0.009036144578,0.111782477341,0.317757009346,0.68345323741,0.639455782313,0.77380952381,0.23595505618,0.243243243243,0.782608695652,0.094444444444,0.287878787879,2024,1.0,11,0.782608695652,0,0.99,0
1105,2024-05-11,0.153086419753,0.003012048193,0.04833836858,0.130841121495,0.726618705036,0.585034013605,0.714285714286,0.134831460674,0.189189189189,0.869565217391,0.877777777778,0.318181818182,2024,1.0,11,0.913043478261,0,0.99,0
1106,2024-05-11,0.130864197531,0.003012048193,0.030211480363,0.07476635514,0.726618705036,0.360544217687,0.392857142857,0.101123595506,0.108108108108,0.913043478261,0.875,0.348484848485,2024,1.0,11,1.0,0,0.98,0
1107,2024-05-11,0.140740740741,0.003012048193,0.045317220544,0.130841121495,0.848920863309,0.292517006803,0.297619047619,0.112359550562,0.108108108108,0.95652173913,0.975,0.287878787879,2024,1.0,11,0.95652173913,0,0.99,0
1108,2024-05-11,0.135802469136,0.003012048193,0.051359516616,0.14953271028,0.884892086331,0.285714285714,0.25,0.112359550562,0.135135135135,0.95652173913,0.186111111111,0.348484848485,2024,1.0,11,0.869565217391,0,1.0,0
1109,2024-05-11,0.108641975309,0.0,0.018126888218,0.056074766355,0.827338129496,0.374149659864,0.357142857143,0.101123595506,0.081081081081,0.95652173913,0.325,0.363636363636,2024,1.0,11,0.826086956522,0,0.99,0
1110,2024-05-11,0.185185185185,0.0,0.036253776435,0.11214953271,0.669064748201,0.340136054422,0.321428571429,0.168539325843,0.054054054054,0.913043478261,0.422222222222,0.681818181818,2024,1.0,11,0.739130434783,0,1.0,0
1111,2024-05-11,0.204938271605,0.003012048193,0.051359516616,0.14953271028,0.517985611511,0.714285714286,0.738095238095,0.179775280899,0.054054054054,0.826086956522,0.480555555556,0.712121212121,2024,1.0,11,0.652173913043,0,0.99,0
1112,2024-05-12,0.150617283951,0.0,0.039274924471,0.121495327103,0.287769784173,0.210884353741,0.27380952381,0.494382022472,0.135135135135,0.434782608696,0.458333333333,0.257575757576,2024,1.0,12,0.304347826087,0,1.0,0
1113,2024-05-12,0.192592592593,0.003012048193,0.069486404834,0.214953271028,0.179856115108,0.197278911565,0.22619047619,0.494382022472,0.054054054054,0.434782608696,0.408333333333,0.151515151515,2024,1.0,12,0.173913043478,0,1.0,0
1114,2024-05-12,0.281481481481,0.078313253012,0.214501510574,0.420560747664,0.035971223022,0.47619047619,0.559523809524,0.415730337079,0.054054054054,0.434782608696,0.277777777778,0.19696969697,2024,1.0,12,0.0,0,1.0,0
1115,2024-05-12,0.237037037037,0.036144578313,0.138972809668,0.317757009346,0.194244604317,0.496598639456,0.488095238095,0.348314606742,0.054054054054,0.521739130435,0.347222222222,0.121212121212,2024,1.0,12,0.217391304348,0,1.0,0
1116,2024-05-12,0.224691358025,0.015060240964,0.093655589124,0.233644859813,0.36690647482,0.414965986395,0.428571428571,0.325842696629,0.054054054054,0.608695652174,0.305555555556,0.166666666667,2024,1.0,12,0.521739130435,0,1.0,0
1117,2024-05-12,0.22962962963,0.009036144578,0.078549848943,0.214953271028,0.539568345324,0.428571428571,0.488095238095,0.292134831461,0.054054054054,0.695652173913,0.980555555556,0.227272727273,2024,1.0,12,0.695652173913,0,1.0,0
1118,2024-05-12,0.195061728395,0.006024096386,0.051359516616,0.14953271028,0.690647482014,0.47619047619,0.559523809524,0.23595505618,0.054054054054,0.739130434783,0.127777777778,0.287878787879,2024,1.0,12,0.782608695652,0,1.0,0
1119,2024-05-13,,,,,0.179856115108,,,0.415730337079,,0.521739130435,0.288888888889,0.151515151515,2024,1.0,13,0.391304347826,0,1.0,0
1120,2024-05-13,0.348148148148,0.14156626506,0.323262839879,0.560747663551,0.064748201439,0.619047619048,0.75,0.370786516854,0.081081081081,0.521739130435,0.063888888889,0.136363636364,2024,1.0,13,0.217391304348,0,0.94,0
1121,2024-05-13,0.345679012346,0.066265060241,0.235649546828,0.523364485981,0.194244604317,0.619047619048,0.785714285714,0.337078651685,0.081081081081,0.565217391304,0.991666666667,0.166666666667,2024,1.0,13,0.521739130435,0,0.98,0
1122,2024-05-13,0.271604938272,0.021084337349,0.126888217523,0.336448598131,0.453237410072,0.612244897959,0.75,0.280898876404,0.054054054054,0.652173913043,0.947222222222,0.242424242424,2024,1.0,13,0.695652173913,0,0.96,0
1123,2024-05-13,,,,,,,,0.224719101124,,0.739130434783,0.963888888889,0.318181818182,2024,1.0,13,0.782608695652,0,0.97,0
1124,2024-05-13,,,,,0.992805755396,,,0.179775280899,,0.826086956522,0.344444444444,0.378787878788,2024,1.0,13,1.0,0,0.95,0
1125,2024-05-13,,,,,0.94964028777,,,0.168539325843,,0.869565217391,0.483333333333,0.424242424242,2024,1.0,13,0.95652173913,0,0.99,0
1126,2024-05-13,,,,,0.856115107914,,,0.168539325843,,0.869565217391,,0.469696969697,2024,1.0,13,0.869565217391,0,0.92,0
1127,2024-05-13,,,,,0.741007194245,,,0.168539325843,,0.869565217391,0.519444444444,0.454545454545,2024,1.0,13,0.826086956522,0,0.99,0
1128,2024-05-13,,,,,0.697841726619,,,0.224719101124,,0.782608695652,0.705555555556,0.439393939394,2024,1.0,13,0.739130434783,0,0.97,0
1129,2024-05-13,,,,,0.431654676259,,,0.483146067416,,0.565217391304,0.130555555556,0.378787878788,2024,1.0,13,0.652173913043,0,0.97,0
1130,2024-05-13,,,,,0.338129496403,,,0.38202247191,,0.608695652174,0.155555555556,0.287878787879,2024,1.0,13,0.608695652174,0,0.98,0
1131,2024-05-13,,,,,0.374100719424,,,0.359550561798,,0.565217391304,0.05,0.515151515152,2024,1.0,13,0.565217391304,0,1.0,0
1132,2024-05-13,,,,,0.31654676259,,,0.359550561798,,0.565217391304,0.383333333333,0.318181818182,2024,1.0,13,0.478260869565,0,1.0,0
1133,2024-05-13,,,,,0.201438848921,,,0.393258426966,,0.565217391304,0.672222222222,0.181818181818,2024,1.0,13,0.434782608696,0,1.0,0
1134,2024-05-14,,,,,0.129496402878,,,0.52808988764,,0.565217391304,0.875,,2024,1.0,14,0.391304347826,0,1.0,0
1135,2024-05-14,,,,,0.043165467626,,,0.449438202247,,0.521739130435,0.291666666667,0.212121212121,2024,1.0,14,0.347826086957,0,1.0,0
1136,2024-05-14,,,,,0.021582733813,,,0.460674157303,,0.478260869565,0.355555555556,0.227272727273,2024,1.0,14,0.304347826087,0,1.0,0
1137,2024-05-14,,,,,0.10071942446,,,0.460674157303,,0.434782608696,0.530555555556,0.19696969697,2024,1.0,14,0.260869565217,0,1.0,0
1138,2024-05-14,,,,,0.143884892086,,,0.483146067416,,0.391304347826,0.45,0.136363636364,2024,1.0,14,0.173913043478,0,1.0,0
1139,2024-05-14,,,,,0.057553956835,,,0.505617977528,,0.391304347826,0.536111111111,0.19696969697,2024,1.0,14,0.130434782609,0,1.0,0
1140,2024-05-14,,,,,0.014388489209,,,0.505617977528,,0.391304347826,0.619444444444,0.166666666667,2024,1.0,14,0.04347826087,0,0.99,0
1141,2024-05-14,,,,,0.007194244604,,,0.52808988764,,0.391304347826,0.294444444444,0.106060606061,2024,1.0,14,0.0,0,1.0,0
1142,2024-05-14,,,,,0.014388489209,,,0.52808988764,,0.391304347826,0.161111111111,0.227272727273,2024,1.0,14,0.086956521739,0,0.98,0
1143,2024-05-14,,,,,0.172661870504,,,0.460674157303,,0.478260869565,0.030555555556,0.212121212121,2024,1.0,14,0.217391304348,0,0.99,0
1144,2024-05-14,,,,,0.302158273381,,,0.393258426966,,0.565217391304,0.216666666667,,2024,1.0,14,0.521739130435,0,0.96,0
1145,2024-05-14,,,,,0.517985611511,,,0.325842696629,,0.652173913043,0.055555555556,0.272727272727,2024,1.0,14,0.695652173913,0,0.96,0
1146,2024-05-14,,,,,0.726618705036,,,0.269662921348,,0.695652173913,0.161111111111,0.333333333333,2024,1.0,14,0.782608695652,0,1.0,0
1147,2024-05-14,,,,,0.834532374101,,,0.247191011236,,0.782608695652,0.294444444444,,2024,1.0,14,0.913043478261,0,0.95,0
1148,2024-05-14,,,,,0.892086330935,,,0.224719101124,,0.826086956522,0.552777777778,0.272727272727,2024,1.0,14,1.0,0,0.94,0
1149,2024-05-14,,,,,0.992805755396,,,0.213483146067,,0.869565217391,0.319444444444,0.333333333333,2024,1.0,14,0.95652173913,0,1.0,0
1150,2024-05-14,,,,,0.870503597122,,,0.191011235955,,0.869565217391,0.541666666667,0.287878787879,2024,1.0,14,0.869565217391,0,1.0,0
1151,2024-05-14,,,,,0.906474820144,,,0.191011235955,,0.869565217391,0.402777777778,0.272727272727,2024,1.0,14,0.826086956522,0,0.99,0
1152,2024-05-14,,,,,0.546762589928,,,0.202247191011,,0.869565217391,0.444444444444,0.560606060606,2024,1.0,14,0.739130434783,0,0.98,0
1153,2024-05-14,,,,,0.424460431655,,,0.213483146067,,0.782608695652,0.452777777778,0.560606060606,2024,1.0,14,0.652173913043,0,0.98,0
1154,2024-05-14,,,,,0.474820143885,,,0.303370786517,,0.695652173913,0.138888888889,0.651515151515,2024,1.0,14,0.608695652174,0,1.0,0
1155,2024-05-14,,,,,0.359712230216,,,0.325842696629,,0.652173913043,0.227777777778,0.378787878788,2024,1.0,14,0.565217391304,0,1.0,0
1156,2024-05-14,,,,,0.230215827338,,,0.370786516854,,0.652173913043,0.869444444444,0.257575757576,2024,1.0,14,0.478260869565,0,1.0,0
1157,2024-05-14,,,,,0.143884892086,,,0.483146067416,,0.565217391304,0.752777777778,0.333333333333,2024,1.0,14,0.434782608696,0,1.0,0
1158,2024-05-15,,,,,0.129496402878,,,0.52808988764,,0.521739130435,,0.287878787879,2024,1.0,15,0.347826086957,0,1.0,0
1159,2024-05-15,,,,,0.107913669065,,,0.573033707865,,0.521739130435,0.075,0.151515151515,2024,1.0,15,0.304347826087,0,1.0,0
1160,2024-05-15,,,,,0.028776978417,,,0.662921348315,,0.478260869565,0.080555555556,0.212121212121,2024,1.0,15,0.260869565217,0,1.0,0
1161,2024-05-15,,,,,0.079136690647,,,0.640449438202,,0.478260869565,0.85,0.060606060606,2024,1.0,15,0.173913043478,0,1.0,0
1162,2024-05-15,,,,,0.035971223022,,,0.651685393258,,0.434782608696,0.802777777778,0.287878787879,2024,1.0,15,0.130434782609,0,1.0,0
1163,2024-05-15,,,,,0.035971223022,,,0.651685393258,,0.434782608696,0.827777777778,0.212121212121,2024,1.0,15,0.04347826087,0,1.0,0
1164,2024-05-15,,,,,0.057553956835,,,0.584269662921,,0.434782608696,0.527777777778,0.151515151515,2024,1.0,15,0.0,0,1.0,0
1165,2024-05-15,,,,,0.079136690647,,,0.494382022472,,0.478260869565,0.652777777778,0.166666666667,2024,1.0,15,0.086956521739,0,1.0,0
1166,2024-05-15,,,,,0.194244604317,,,0.449438202247,,0.521739130435,0.530555555556,0.166666666667,2024,1.0,15,0.217391304348,0,0.99,0
1167,2024-05-15,,,,,0.359712230216,,,0.415730337079,,0.608695652174,0.297222222222,0.333333333333,2024,1.0,15,0.521739130435,0,1.0,0
1168,2024-05-15,,,,,0.474820143885,,,0.348314606742,,0.695652173913,0.177777777778,0.348484848485,2024,1.0,15,0.695652173913,0,0.98,0
1169,2024-05-15,,,,,0.618705035971,,,0.280898876404,,0.739130434783,0.188888888889,0.348484848485,2024,1.0,15,0.782608695652,0,0.98,0
1170,2024-05-15,,,,,0.726618705036,,,0.23595505618,,0.826086956522,0.852777777778,0.333333333333,2024,1.0,15,0.913043478261,0,1.0,0
1171,2024-05-15,,,,,0.841726618705,,,0.213483146067,,0.869565217391,0.719444444444,0.30303030303,2024,1.0,15,1.0,0,0.99,0
1172,2024-05-15,,,,,0.791366906475,,,0.213483146067,,0.869565217391,0.338888888889,0.439393939394,2024,1.0,15,0.95652173913,0,1.0,0
1173,2024-05-15,,,,,0.546762589928,,,0.269662921348,,0.869565217391,0.455555555556,0.712121212121,2024,1.0,15,0.869565217391,0,1.0,0
1174,2024-05-15,,,,,0.41726618705,,,0.303370786517,,0.782608695652,0.477777777778,0.560606060606,2024,1.0,15,0.826086956522,0,1.0,0
1175,2024-05-15,,,,,0.424460431655,,,0.314606741573,,0.782608695652,0.463888888889,0.469696969697,2024,1.0,15,0.739130434783,0,0.99,0
1176,2024-05-15,,,,,0.424460431655,,,0.314606741573,,0.782608695652,0.466666666667,0.575757575758,2024,1.0,15,0.652173913043,0,0.99,0
1177,2024-05-15,,,,,0.395683453237,,,0.337078651685,,0.695652173913,0.430555555556,0.666666666667,2024,1.0,15,0.608695652174,0,0.99,0
1178,2024-05-15,,,,,0.345323741007,,,0.426966292135,,0.608695652174,0.233333333333,0.545454545455,2024,1.0,15,0.565217391304,0,1.0,0
1179,2024-05-15,,,,,0.280575539568,,,0.584269662921,,0.434782608696,0.308333333333,0.454545454545,2024,1.0,15,0.478260869565,0,1.0,0
1180,2024-05-15,,,,,0.237410071942,,,0.584269662921,,0.434782608696,0.3,0.606060606061,2024,1.0,15,0.434782608696,0,0.99,0
1181,2024-05-16,,,,,0.151079136691,,,0.438202247191,,0.608695652174,0.383333333333,0.227272727273,2024,1.0,16,0.391304347826,0,1.0,0
1182,2024-05-16,,,,,,,,0.61797752809,,0.391304347826,0.5,0.333333333333,2024,1.0,16,0.347826086957,0,1.0,0
1183,2024-05-16,,,,,0.158273381295,,,0.483146067416,,0.565217391304,0.227777777778,0.257575757576,2024,1.0,16,0.521739130435,0,0.99,0
1184,2024-05-16,,,,,0.374100719424,,,0.359550561798,,0.652173913043,0.225,0.333333333333,2024,1.0,16,0.695652173913,0,0.98,0
1185,2024-05-16,,,,,0.510791366906,,,0.258426966292,,0.739130434783,0.222222222222,0.318181818182,2024,1.0,16,0.782608695652,0,0.99,0
1186,2024-05-16,,,,,0.690647482014,,,0.23595505618,,0.782608695652,0.275,0.348484848485,2024,1.0,16,0.913043478261,0,0.94,0
1187,2024-05-16,,,,,0.726618705036,,,0.224719101124,,0.869565217391,0.288888888889,0.454545454545,2024,1.0,16,1.0,0,0.96,0
1188,2024-05-16,,,,,0.712230215827,,,0.224719101124,,0.869565217391,0.3,0.545454545455,2024,1.0,16,0.95652173913,0,0.95,0
1189,2024-05-16,,,,,0.503597122302,,,0.280898876404,,0.826086956522,0.369444444444,0.590909090909,2024,1.0,16,0.869565217391,0,0.98,0
1190,2024-05-16,,,,,0.424460431655,,,0.303370786517,,0.826086956522,0.497222222222,0.424242424242,2024,1.0,16,0.826086956522,0,0.98,0
1191,2024-05-16,,,,,0.402877697842,,,0.314606741573,,0.782608695652,0.591666666667,0.378787878788,2024,1.0,16,0.739130434783,0,0.98,0
1192,2024-05-16,,,,,0.294964028777,,,0.325842696629,,0.782608695652,0.669444444444,0.378787878788,2024,1.0,16,0.652173913043,0,0.96,0
1193,2024-05-16,,,,,0.179856115108,,,0.370786516854,,0.739130434783,0.619444444444,0.333333333333,2024,1.0,16,0.608695652174,0,0.97,0
1194,2024-05-16,,,,,0.201438848921,,,0.38202247191,,0.695652173913,0.569444444444,0.257575757576,2024,1.0,16,0.565217391304,0,1.0,0
1195,2024-05-16,,,,,0.26618705036,,,0.415730337079,,0.652173913043,0.358333333333,0.318181818182,2024,1.0,16,0.478260869565,0,1.0,0
1196,2024-05-16,,,,,0.237410071942,,,0.426966292135,,0.608695652174,0.430555555556,0.272727272727,2024,1.0,16,0.434782608696,0,1.0,0
1197,2024-05-17,,,,,0.158273381295,,,0.483146067416,,0.521739130435,0.205555555556,0.651515151515,2024,1.0,17,0.391304347826,0,1.0,0
1198,2024-05-17,,,,,0.071942446043,,,0.47191011236,,0.565217391304,0.394444444444,0.212121212121,2024,1.0,17,0.347826086957,0,1.0,0
1199,2024-05-17,,,,,0.115107913669,,,0.505617977528,,0.521739130435,0.344444444444,,2024,1.0,17,0.304347826087,0,1.0,0
1200,2024-05-17,,,,,0.086330935252,,,0.595505617978,,0.478260869565,0.336111111111,0.106060606061,2024,1.0,17,0.260869565217,0,1.0,0
1201,2024-05-17,,,,,0.035971223022,,,0.61797752809,,0.434782608696,0.491666666667,,2024,1.0,17,0.173913043478,0,1.0,0
1202,2024-05-17,,,,,0.05035971223,,,0.640449438202,,0.434782608696,0.425,0.19696969697,2024,1.0,17,0.130434782609,0,1.0,0
1203,2024-05-17,,,,,0.007194244604,,,0.662921348315,,0.391304347826,0.455555555556,0.151515151515,2024,1.0,17,0.04347826087,0,1.0,0
1204,2024-05-17,,,,,0.0,,,0.685393258427,,0.391304347826,0.436111111111,0.19696969697,2024,1.0,17,0.0,0,0.98,0
1205,2024-05-17,,,,,0.129496402878,,,0.516853932584,,0.521739130435,0.322222222222,0.181818181818,2024,1.0,17,0.217391304348,0,0.94,0
1206,2024-05-17,,,,,0.251798561151,,,0.415730337079,,0.652173913043,0.319444444444,0.212121212121,2024,1.0,17,0.521739130435,0,0.97,0
1207,2024-05-17,,,,,0.330935251799,,,0.292134831461,,0.739130434783,0.872222222222,0.257575757576,2024,1.0,17,0.695652173913,0,0.98,0
1208,2024-05-17,,,,,0.58273381295,,,0.213483146067,,0.782608695652,0.119444444444,0.287878787879,2024,1.0,17,0.782608695652,0,0.97,0
1209,2024-05-17,,,,,0.748201438849,,,0.179775280899,,0.869565217391,0.822222222222,0.287878787879,2024,1.0,17,0.913043478261,0,0.89,0
1210,2024-05-17,,,,,0.798561151079,,,0.168539325843,,0.913043478261,0.161111111111,0.333333333333,2024,1.0,17,1.0,0,0.96,0
1211,2024-05-17,,,,,0.762589928058,,,0.134831460674,,0.913043478261,0.216666666667,0.257575757576,2024,1.0,17,0.95652173913,0,0.93,0
1212,2024-05-17,,,,,0.712230215827,,,0.134831460674,,0.913043478261,0.363888888889,0.424242424242,2024,1.0,17,0.869565217391,0,0.89,0
1213,2024-05-17,,,,,0.532374100719,,,0.224719101124,,0.913043478261,0.508333333333,0.606060606061,2024,1.0,17,0.826086956522,0,0.97,0
1214,2024-05-17,,,,,0.410071942446,,,0.213483146067,,0.869565217391,0.544444444444,0.484848484848,2024,1.0,17,0.739130434783,0,0.98,0
1215,2024-05-17,,,,,0.172661870504,,,0.191011235955,,0.826086956522,0.511111111111,0.469696969697,2024,1.0,17,0.652173913043,0,0.96,0
1216,2024-05-17,,,,,0.136690647482,,,0.213483146067,,0.782608695652,0.319444444444,0.484848484848,2024,1.0,17,0.608695652174,0,0.96,0
1217,2024-05-17,,,,,0.323741007194,,,0.337078651685,,0.695652173913,0.316666666667,0.727272727273,2024,1.0,17,0.565217391304,0,0.95,0
1218,2024-05-17,,,,,0.323741007194,,,0.359550561798,,0.652173913043,0.325,0.636363636364,2024,1.0,17,0.478260869565,0,0.97,0
1219,2024-05-17,,,,,0.237410071942,,,0.426966292135,,0.608695652174,0.311111111111,0.560606060606,2024,1.0,17,0.434782608696,0,0.99,0
1220,2024-05-18,,,,,0.143884892086,,,0.359550561798,,0.565217391304,0.058333333333,0.30303030303,2024,1.0,18,0.391304347826,0,1.0,0
1221,2024-05-18,,,,,0.165467625899,,,0.707865168539,,0.347826086957,0.502777777778,0.530303030303,2024,1.0,18,0.347826086957,0,1.0,0
1222,2024-05-18,,,,,0.230215827338,,,0.561797752809,,0.478260869565,0.561111111111,0.5,2024,1.0,18,0.304347826087,0,1.0,0
1223,2024-05-18,,,,,0.086330935252,,,0.640449438202,,0.434782608696,0.113888888889,0.287878787879,2024,1.0,18,0.260869565217,0,1.0,0
1224,2024-05-18,,,,,0.079136690647,,,0.696629213483,,0.391304347826,0.25,0.19696969697,2024,1.0,18,0.173913043478,0,1.0,0
1225,2024-05-18,,,,,0.021582733813,,,0.719101123596,,0.347826086957,0.333333333333,,2024,1.0,18,0.130434782609,0,1.0,0
1226,2024-05-18,,,,,0.021582733813,,,0.696629213483,,0.347826086957,0.963888888889,0.106060606061,2024,1.0,18,0.04347826087,0,1.0,0
1227,2024-05-18,,,,,0.007194244604,,,0.696629213483,,0.347826086957,0.041666666667,0.090909090909,2024,1.0,18,0.0,0,1.0,0
1228,2024-05-18,,,,,0.028776978417,,,0.61797752809,,0.434782608696,0.027777777778,0.166666666667,2024,1.0,18,0.086956521739,0,1.0,0
1229,2024-05-18,,,,,0.107913669065,,,0.52808988764,,0.521739130435,0.05,0.181818181818,2024,1.0,18,0.217391304348,0,0.99,0
1230,2024-05-18,,,,,0.244604316547,,,0.460674157303,,0.565217391304,0.116666666667,0.257575757576,2024,1.0,18,0.521739130435,0,0.96,0
1231,2024-05-18,,,,,0.438848920863,,,0.38202247191,,0.652173913043,0.136111111111,0.333333333333,2024,1.0,18,0.695652173913,0,0.97,0
1232,2024-05-18,,,,,0.697841726619,,,0.337078651685,,0.739130434783,0.111111111111,0.318181818182,2024,1.0,18,0.782608695652,0,0.9,0
1233,2024-05-18,,,,,0.89928057554,,,0.303370786517,,0.782608695652,0.105555555556,0.287878787879,2024,1.0,18,0.913043478261,0,0.86,0
1234,2024-05-18,,,,,0.892086330935,,,0.258426966292,,0.869565217391,0.063888888889,0.363636363636,2024,1.0,18,1.0,0,0.97,0
1235,2024-05-18,,,,,0.791366906475,,,0.23595505618,,0.869565217391,0.186111111111,0.378787878788,2024,1.0,18,0.95652173913,0,0.96,0
1236,2024-05-18,,,,,0.63309352518,,,0.179775280899,,0.913043478261,0.980555555556,0.424242424242,2024,1.0,18,0.826086956522,0,1.0,0
1237,2024-05-18,,,,,0.338129496403,,,0.314606741573,,0.826086956522,0.1,0.833333333333,2024,1.0,18,0.739130434783,0,0.99,0
1238,2024-05-18,,,,,0.395683453237,,,0.393258426966,,0.652173913043,0.347222222222,0.742424242424,2024,1.0,18,0.652173913043,0,1.0,0
1239,2024-05-18,,,,,0.309352517986,,,0.38202247191,,0.565217391304,0.383333333333,0.242424242424,2024,1.0,18,0.608695652174,0,0.99,0
1240,2024-05-18,,,,,0.115107913669,,,0.38202247191,,0.608695652174,0.997222222222,0.242424242424,2024,1.0,18,0.565217391304,0,1.0,0
1241,2024-05-18,,,,,0.208633093525,,,0.348314606742,,0.608695652174,0.008333333333,0.515151515152,2024,1.0,18,0.478260869565,0,0.99,0
1242,2024-05-18,,,,,0.179856115108,,,0.393258426966,,0.608695652174,0.063888888889,0.348484848485,2024,1.0,18,0.434782608696,0,1.0,0
1243,2024-05-19,,,,,0.158273381295,,,0.516853932584,,0.565217391304,0.030555555556,0.272727272727,2024,1.0,19,0.391304347826,0,1.0,0
1244,2024-05-19,,,,,0.143884892086,,,0.370786516854,,0.521739130435,0.922222222222,0.348484848485,2024,1.0,19,0.347826086957,0,1.0,0
1245,2024-05-19,,,,,0.043165467626,,,0.460674157303,,0.521739130435,0.858333333333,0.287878787879,2024,1.0,19,0.304347826087,0,1.0,0
1246,2024-05-19,,,,,0.043165467626,,,0.505617977528,,0.478260869565,0.788888888889,0.19696969697,2024,1.0,19,0.260869565217,0,1.0,0
1247,2024-05-19,,,,,0.021582733813,,,0.505617977528,,0.434782608696,0.141666666667,0.181818181818,2024,1.0,19,0.173913043478,0,1.0,0
1248,2024-05-19,,,,,0.05035971223,,,0.573033707865,,0.391304347826,0.113888888889,0.242424242424,2024,1.0,19,0.130434782609,0,1.0,0
1249,2024-05-19,,,,,0.035971223022,,,0.674157303371,,0.347826086957,0.808333333333,0.19696969697,2024,1.0,19,0.04347826087,0,1.0,0
1250,2024-05-19,,,,,0.035971223022,,,0.752808988764,,0.347826086957,0.825,0.378787878788,2024,1.0,19,0.0,0,1.0,0
1251,2024-05-19,,,,,0.10071942446,,,0.730337078652,,0.391304347826,0.797222222222,0.409090909091,2024,1.0,19,0.086956521739,0,1.0,0
1252,2024-05-19,,,,,0.215827338129,,,0.640449438202,,0.434782608696,0.888888888889,0.363636363636,2024,1.0,19,0.217391304348,0,1.0,0
1253,2024-05-19,,,,,0.381294964029,,,0.539325842697,,0.521739130435,0.552777777778,0.257575757576,2024,1.0,19,0.521739130435,0,1.0,0
1254,2024-05-19,,,,,0.489208633094,,,0.415730337079,,0.608695652174,0.727777777778,0.287878787879,2024,1.0,19,0.695652173913,0,1.0,0
1255,2024-05-19,,,,,0.546762589928,,,0.280898876404,,0.695652173913,0.963888888889,0.30303030303,2024,1.0,19,0.782608695652,0,1.0,0
1256,2024-05-19,,,,,0.589928057554,,,0.258426966292,,0.739130434783,0.069444444444,0.348484848485,2024,1.0,19,0.913043478261,0,1.0,0
1257,2024-05-19,,,,,0.647482014388,,,0.269662921348,,0.782608695652,0.030555555556,0.378787878788,2024,1.0,19,1.0,0,1.0,0
1258,2024-05-19,,,,,0.597122302158,,,0.247191011236,,0.826086956522,0.816666666667,0.484848484848,2024,1.0,19,0.95652173913,0,0.99,0
1259,2024-05-19,,,,,0.496402877698,,,0.23595505618,,0.869565217391,0.875,0.575757575758,2024,1.0,19,0.869565217391,0,1.0,0
1260,2024-05-19,,,,,0.431654676259,,,0.23595505618,,0.869565217391,0.966666666667,0.681818181818,2024,1.0,19,0.826086956522,0,1.0,0
1261,2024-05-19,,,,,0.352517985612,,,0.258426966292,,0.826086956522,0.980555555556,0.454545454545,2024,1.0,19,0.739130434783,0,1.0,0
1262,2024-05-19,,,,,0.330935251799,,,0.359550561798,,0.695652173913,0.436111111111,0.409090909091,2024,1.0,19,0.652173913043,0,1.0,0
1263,2024-05-19,,,,,0.31654676259,,,0.359550561798,,0.695652173913,0.325,0.318181818182,2024,1.0,19,0.608695652174,0,1.0,0
1264,2024-05-19,,,,,0.31654676259,,,0.314606741573,,0.695652173913,0.061111111111,0.606060606061,2024,1.0,19,0.565217391304,0,0.99,0
1265,2024-05-19,,,,,0.237410071942,,,0.426966292135,,0.608695652174,0.055555555556,0.409090909091,2024,1.0,19,0.478260869565,0,1.0,0
1266,2024-05-19,,,,,0.208633093525,,,0.494382022472,,0.565217391304,0.025,0.333333333333,2024,1.0,19,0.434782608696,0,1.0,0
1267,2024-05-20,,,,,0.258992805755,,,0.269662921348,,0.608695652174,0.988888888889,0.424242424242,2024,1.0,20,0.391304347826,0,1.0,0
1268,2024-05-20,,,,,0.079136690647,,,0.550561797753,,0.521739130435,0.125,0.090909090909,2024,1.0,20,0.347826086957,0,1.0,0
1269,2024-05-20,,,,,0.028776978417,,,0.606741573034,,0.478260869565,0.830555555556,0.227272727273,2024,1.0,20,0.304347826087,0,1.0,0
1270,2024-05-20,,,,,0.071942446043,,,0.629213483146,,0.478260869565,0.855555555556,0.242424242424,2024,1.0,20,0.260869565217,0,1.0,0
1271,2024-05-20,,,,,0.014388489209,,,0.674157303371,,0.434782608696,0.9,0.242424242424,2024,1.0,20,0.173913043478,0,1.0,0
1272,2024-05-20,,,,,0.035971223022,,,0.662921348315,,0.434782608696,0.8,0.121212121212,2024,1.0,20,0.130434782609,0,1.0,0
1273,2024-05-20,,,,,0.007194244604,,,0.640449438202,,0.391304347826,0.325,0.121212121212,2024,1.0,20,0.04347826087,0,1.0,0
1274,2024-05-20,,,,,0.014388489209,,,0.640449438202,,0.391304347826,0.455555555556,0.106060606061,2024,1.0,20,0.0,0,0.97,0
1275,2024-05-20,,,,,0.057553956835,,,0.595505617978,,0.434782608696,0.369444444444,0.136363636364,2024,1.0,20,0.086956521739,0,0.95,0
1276,2024-05-20,,,,,0.079136690647,,,0.52808988764,,0.521739130435,0.347222222222,0.166666666667,2024,1.0,20,0.217391304348,0,0.96,0
1277,2024-05-20,,,,,0.201438848921,,,0.460674157303,,0.608695652174,0.172222222222,0.227272727273,2024,1.0,20,0.521739130435,0,0.96,0
1278,2024-05-20,,,,,0.438848920863,,,0.38202247191,,0.652173913043,0.058333333333,0.272727272727,2024,1.0,20,0.695652173913,0,0.96,0
1279,2024-05-20,,,,,0.561151079137,,,0.258426966292,,0.739130434783,0.094444444444,0.333333333333,2024,1.0,20,0.782608695652,0,0.99,0
1280,2024-05-20,,,,,0.539568345324,,,0.191011235955,,0.826086956522,0.063888888889,0.5,2024,1.0,20,0.913043478261,0,0.95,0
1281,2024-05-20,,,,,0.517985611511,,,0.179775280899,,0.869565217391,0.988888888889,0.590909090909,2024,1.0,20,1.0,0,0.94,0
1282,2024-05-20,,,,,0.539568345324,,,0.168539325843,,0.869565217391,0.969444444444,0.469696969697,2024,1.0,20,0.95652173913,0,0.96,0
1283,2024-05-20,,,,,0.532374100719,,,0.168539325843,,0.913043478261,0.988888888889,0.651515151515,2024,1.0,20,0.869565217391,0,0.97,0
1284,2024-05-20,,,,,0.438848920863,,,0.14606741573,,0.913043478261,0.95,0.606060606061,2024,1.0,20,0.826086956522,0,0.95,0
1285,2024-05-20,,,,,0.352517985612,,,0.14606741573,,0.913043478261,0.044444444444,0.727272727273,2024,1.0,20,0.739130434783,0,0.97,0
1286,2024-05-20,,,,,0.280575539568,,,0.224719101124,,0.826086956522,0.072222222222,,2024,1.0,20,0.652173913043,0,0.95,0
1287,2024-05-20,,,,,0.26618705036,,,0.23595505618,,0.782608695652,0.075,0.787878787879,2024,1.0,20,0.608695652174,0,0.97,0
1288,2024-05-20,,,,,0.201438848921,,,0.224719101124,,0.695652173913,0.136111111111,0.621212121212,2024,1.0,20,0.565217391304,0,0.99,0
1289,2024-05-20,,,,,0.230215827338,,,0.23595505618,,0.652173913043,0.097222222222,0.454545454545,2024,1.0,20,0.478260869565,0,1.0,0
1290,2024-05-20,,,,,0.273381294964,,,0.247191011236,,0.608695652174,0.027777777778,0.454545454545,2024,1.0,20,0.434782608696,0,1.0,0
1291,2024-05-21,,,,,,,,0.483146067416,,0.608695652174,0.372222222222,0.439393939394,2024,1.0,21,0.391304347826,0,1.0,0
1292,2024-05-21,,,,,0.223021582734,,,0.292134831461,,0.565217391304,0.938888888889,0.257575757576,2024,1.0,21,0.347826086957,0,1.0,0
1293,2024-05-21,,,,,0.244604316547,,,0.292134831461,,0.521739130435,0.011111111111,0.242424242424,2024,1.0,21,0.304347826087,0,1.0,0
1294,2024-05-21,,,,,0.0,,,0.393258426966,,0.391304347826,0.522222222222,0.227272727273,2024,1.0,21,0.04347826087,0,1.0,0
1295,2024-05-21,,,,,0.007194244604,,,0.426966292135,,0.434782608696,0.444444444444,0.121212121212,2024,1.0,21,0.0,0,0.99,0
1296,2024-05-21,,,,,0.043165467626,,,0.426966292135,,0.478260869565,0.319444444444,0.121212121212,2024,1.0,21,0.086956521739,0,0.86,0
1297,2024-05-21,,,,,0.071942446043,,,0.393258426966,,0.521739130435,0.011111111111,0.181818181818,2024,1.0,21,0.217391304348,0,0.97,0
1298,2024-05-21,,,,,0.201438848921,,,0.325842696629,,0.608695652174,0.108333333333,0.242424242424,2024,1.0,21,0.521739130435,0,0.99,0
1299,2024-05-21,,,,,0.402877697842,,,0.224719101124,,0.695652173913,0.977777777778,0.272727272727,2024,1.0,21,0.695652173913,0,0.98,0
1300,2024-05-21,,,,,0.561151079137,,,0.14606741573,,0.782608695652,0.047222222222,0.333333333333,2024,1.0,21,0.782608695652,0,0.98,0
1301,2024-05-21,,,,,0.661870503597,,,0.089887640449,,0.869565217391,0.044444444444,0.454545454545,2024,1.0,21,0.913043478261,0,0.97,0
1302,2024-05-21,,,,,0.625899280576,,,0.067415730337,,0.913043478261,0.047222222222,,2024,1.0,21,1.0,0,0.97,0
1303,2024-05-21,,,,,0.589928057554,,,0.067415730337,,0.913043478261,0.025,0.454545454545,2024,1.0,21,0.95652173913,0,0.97,0
1304,2024-05-21,,,,,0.575539568345,,,0.056179775281,,0.95652173913,0.975,0.5,2024,1.0,21,0.869565217391,0,0.9,0
1305,2024-05-21,,,,,0.568345323741,,,0.056179775281,,0.95652173913,0.902777777778,0.575757575758,2024,1.0,21,0.826086956522,0,0.95,0
1306,2024-05-21,,,,,0.482014388489,,,0.044943820225,,0.95652173913,0.916666666667,0.545454545455,2024,1.0,21,0.739130434783,0,0.85,0
1307,2024-05-21,,,,,0.431654676259,,,0.191011235955,,0.869565217391,0.222222222222,0.666666666667,2024,1.0,21,0.652173913043,0,1.0,0
1308,2024-05-21,,,,,0.503597122302,,,0.348314606742,,0.739130434783,0.372222222222,,2024,1.0,21,0.608695652174,0,0.92,0
1309,2024-05-21,,,,,0.517985611511,,,0.393258426966,,0.695652173913,0.388888888889,0.515151515152,2024,1.0,21,0.565217391304,0,0.92,0
1310,2024-05-21,,,,,0.460431654676,,,0.415730337079,,0.652173913043,0.361111111111,0.469696969697,2024,1.0,21,0.478260869565,0,1.0,0
1311,2024-05-21,,,,,0.388489208633,,,0.449438202247,,0.652173913043,0.344444444444,0.424242424242,2024,1.0,21,0.434782608696,0,1.0,0
1312,2024-05-22,,,,,0.136690647482,,,0.85393258427,,0.260869565217,0.508333333333,0.545454545455,2024,1.0,22,0.391304347826,0,1.0,0
1313,2024-05-22,,,,,,,,0.449438202247,,0.608695652174,0.75,0.469696969697,2024,1.0,22,0.347826086957,0,1.0,0
1314,2024-05-22,,,,,,,,0.47191011236,,0.565217391304,0.872222222222,0.363636363636,2024,1.0,22,0.304347826087,0,1.0,0
1315,2024-05-22,,,,,,,,0.483146067416,,0.565217391304,0.869444444444,0.242424242424,2024,1.0,22,0.260869565217,0,1.0,0
1316,2024-05-22,,,,,0.05035971223,,,0.494382022472,,0.521739130435,0.844444444444,0.257575757576,2024,1.0,22,0.173913043478,0,1.0,0
1317,2024-05-22,,,,,0.10071942446,,,0.505617977528,,0.521739130435,0.725,0.212121212121,2024,1.0,22,0.130434782609,0,1.0,0
1318,2024-05-22,,,,,0.028776978417,,,0.539325842697,,0.478260869565,0.758333333333,0.287878787879,2024,1.0,22,0.04347826087,0,1.0,0
1319,2024-05-22,,,,,0.0,,,0.584269662921,,0.434782608696,0.194444444444,0.19696969697,2024,1.0,22,0.0,0,0.98,0
1320,2024-05-22,,,,,0.021582733813,,,0.516853932584,,0.478260869565,0.291666666667,,2024,1.0,22,0.086956521739,0,0.97,0
1321,2024-05-22,,,,,0.086330935252,,,0.505617977528,,0.565217391304,0.286111111111,,2024,1.0,22,0.217391304348,0,0.95,0
1322,2024-05-22,,,,,0.287769784173,,,0.460674157303,,0.608695652174,0.172222222222,0.287878787879,2024,1.0,22,0.521739130435,0,0.98,0
1323,2024-05-22,,,,,0.482014388489,,,0.415730337079,,0.695652173913,0.055555555556,0.348484848485,2024,1.0,22,0.695652173913,0,1.0,0
1324,2024-05-22,,,,,0.597122302158,,,0.370786516854,,0.739130434783,0.891666666667,0.378787878788,2024,1.0,22,0.782608695652,0,0.98,0
1325,2024-05-22,,,,,0.712230215827,,,0.325842696629,,0.826086956522,0.961111111111,,2024,1.0,22,0.913043478261,0,0.97,0
1326,2024-05-22,,,,,0.784172661871,,,0.292134831461,,0.869565217391,0.616666666667,0.318181818182,2024,1.0,22,1.0,0,0.55,0
1327,2024-05-22,,,,,0.769784172662,,,0.247191011236,,0.869565217391,0.202777777778,0.378787878788,2024,1.0,22,0.95652173913,0,0.56,0
1328,2024-05-22,,,,,0.798561151079,,,0.224719101124,,0.913043478261,0.380555555556,0.287878787879,2024,1.0,22,0.869565217391,0,0.55,0
1329,2024-05-22,,,,,0.798561151079,,,0.224719101124,,0.913043478261,0.463888888889,0.272727272727,2024,1.0,22,0.826086956522,0,0.41,0
1330,2024-05-22,,,,,0.539568345324,,,0.393258426966,,0.782608695652,0.438888888889,0.681818181818,2024,1.0,22,0.739130434783,0,0.41,0
1331,2024-05-22,,,,,0.467625899281,,,0.404494382022,,0.739130434783,0.261111111111,0.727272727273,2024,1.0,22,0.652173913043,0,0.41,0
1332,2024-05-22,,,,,0.237410071942,,,0.404494382022,,0.652173913043,0.161111111111,1.0,2024,1.0,22,0.608695652174,0,0.35,0
1333,2024-05-22,,,,,0.194244604317,,,0.584269662921,,0.391304347826,0.180555555556,0.833333333333,2024,1.0,22,0.565217391304,0,0.71,0
1334,2024-05-22,,,,,0.10071942446,,,0.865168539326,,0.260869565217,0.741666666667,0.530303030303,2024,1.0,22,0.434782608696,0,1.0,0
1335,2024-05-23,,,,,0.028776978417,,,0.38202247191,,0.565217391304,0.869444444444,0.19696969697,2024,1.0,23,0.391304347826,0,1.0,0
1336,2024-05-23,,,,,0.165467625899,,,0.730337078652,,0.304347826087,0.583333333333,0.318181818182,2024,1.0,23,0.347826086957,0,1.0,0
1337,2024-05-23,,,,,0.071942446043,,,0.719101123596,,0.347826086957,0.175,0.287878787879,2024,1.0,23,0.304347826087,0,1.0,0
1338,2024-05-23,,,,,0.0,,,0.741573033708,,0.347826086957,0.936111111111,0.121212121212,2024,1.0,23,0.260869565217,0,1.0,0
1339,2024-05-23,,,,,0.0,,,0.786516853933,,0.304347826087,0.180555555556,0.106060606061,2024,1.0,23,0.173913043478,0,1.0,0
1340,2024-05-23,,,,,0.0,,,0.752808988764,,0.347826086957,0.872222222222,0.121212121212,2024,1.0,23,0.130434782609,0,1.0,0
1341,2024-05-23,,,,,0.0,,,0.741573033708,,0.347826086957,0.830555555556,0.121212121212,2024,1.0,23,0.04347826087,0,1.0,0
1342,2024-05-23,,,,,0.0,,,0.786516853933,,0.347826086957,0.380555555556,0.075757575758,2024,1.0,23,0.0,0,0.98,0
1343,2024-05-23,,,,,0.014388489209,,,0.696629213483,,0.391304347826,0.430555555556,0.121212121212,2024,1.0,23,0.086956521739,0,0.97,0
1344,2024-05-23,,,,,0.107913669065,,,0.595505617978,,0.478260869565,0.397222222222,0.166666666667,2024,1.0,23,0.217391304348,0,0.97,0
1345,2024-05-23,,,,,0.208633093525,,,0.516853932584,,0.565217391304,0.375,0.19696969697,2024,1.0,23,0.521739130435,0,0.95,0
1346,2024-05-23,,,,,0.345323741007,,,0.415730337079,,0.652173913043,0.2,0.242424242424,2024,1.0,23,0.695652173913,0,0.93,0
1347,2024-05-23,,,,,0.568345323741,,,0.348314606742,,0.739130434783,0.130555555556,0.318181818182,2024,1.0,23,0.782608695652,0,0.98,0
1348,2024-05-23,,,,,0.820143884892,,,0.303370786517,,0.782608695652,0.077777777778,0.333333333333,2024,1.0,23,0.913043478261,0,0.99,0
1349,2024-05-23,,,,,0.942446043165,,,0.247191011236,,0.869565217391,0.088888888889,0.318181818182,2024,1.0,23,1.0,0,0.99,0
1350,2024-05-23,,,,,0.985611510791,,,0.247191011236,,0.869565217391,0.302777777778,0.257575757576,2024,1.0,23,0.95652173913,0,0.99,0
1351,2024-05-23,,,,,0.755395683453,,,0.247191011236,,0.826086956522,0.533333333333,0.318181818182,2024,1.0,23,0.869565217391,0,0.97,0
1352,2024-05-23,,,,,0.611510791367,,,0.269662921348,,0.826086956522,0.652777777778,0.378787878788,2024,1.0,23,0.826086956522,0,0.94,0
1353,2024-05-23,,,,,0.561151079137,,,0.269662921348,,0.826086956522,0.663888888889,0.30303030303,2024,1.0,23,0.739130434783,0,0.98,0
1354,2024-05-23,,,,,0.338129496403,,,0.269662921348,,0.782608695652,0.655555555556,0.393939393939,2024,1.0,23,0.652173913043,0,1.0,0
1355,2024-05-23,,,,,0.158273381295,,,0.247191011236,,0.739130434783,0.708333333333,0.212121212121,2024,1.0,23,0.608695652174,0,0.99,0
1356,2024-05-23,,,,,0.10071942446,,,0.303370786517,,0.695652173913,0.819444444444,0.318181818182,2024,1.0,23,0.565217391304,0,1.0,0
1357,2024-05-23,,,,,0.079136690647,,,0.359550561798,,0.608695652174,0.025,0.287878787879,2024,1.0,23,0.478260869565,0,0.99,0
1358,2024-05-23,,,,,0.014388489209,,,0.359550561798,,0.608695652174,0.725,0.136363636364,2024,1.0,23,0.434782608696,0,1.0,0
1359,2024-05-24,,,,,0.122302158273,,,0.595505617978,,0.478260869565,0.286111111111,0.287878787879,2024,1.0,24,0.391304347826,0,1.0,0
1360,2024-05-24,,,,,0.007194244604,,,0.404494382022,,0.521739130435,0.836111111111,0.075757575758,2024,1.0,24,0.347826086957,0,1.0,0
1361,2024-05-24,,,,,0.0,,,0.460674157303,,0.478260869565,0.452777777778,0.181818181818,2024,1.0,24,0.304347826087,0,1.0,0
1362,2024-05-24,,,,,0.007194244604,,,0.539325842697,,0.478260869565,0.461111111111,0.151515151515,2024,1.0,24,0.260869565217,0,1.0,0
1363,2024-05-24,,,,,0.0,,,0.640449438202,,0.434782608696,0.527777777778,0.19696969697,2024,1.0,24,0.173913043478,0,1.0,0
1364,2024-05-24,,,,,0.0,,,0.662921348315,,0.434782608696,0.538888888889,0.106060606061,2024,1.0,24,0.130434782609,0,1.0,0
1365,2024-05-24,,,,,0.0,,,0.685393258427,,0.391304347826,0.591666666667,0.060606060606,2024,1.0,24,0.04347826087,0,1.0,0
1366,2024-05-24,,,,,0.0,,,0.640449438202,,0.434782608696,0.866666666667,0.106060606061,2024,1.0,24,0.0,0,1.0,0
1367,2024-05-24,,,,,0.014388489209,,,0.52808988764,,0.478260869565,0.805555555556,0.136363636364,2024,1.0,24,0.086956521739,0,0.99,0
1368,2024-05-24,,,,,0.057553956835,,,0.47191011236,,0.565217391304,0.072222222222,0.136363636364,2024,1.0,24,0.217391304348,0,0.99,0
1369,2024-05-24,,,,,0.179856115108,,,0.426966292135,,0.652173913043,0.347222222222,0.242424242424,2024,1.0,24,0.521739130435,0,0.91,0
1370,2024-05-24,,,,,0.446043165468,,,0.370786516854,,0.739130434783,0.205555555556,0.287878787879,2024,1.0,24,0.695652173913,0,0.97,0
1371,2024-05-24,,,,,0.697841726619,,,0.314606741573,,0.782608695652,0.066666666667,0.318181818182,2024,1.0,24,0.782608695652,0,1.0,0
1372,2024-05-24,,,,,0.971223021583,,,0.258426966292,,0.869565217391,0.213888888889,0.318181818182,2024,1.0,24,0.913043478261,0,0.99,0
1373,2024-05-24,,,,,0.913669064748,,,0.202247191011,,0.913043478261,0.083333333333,0.333333333333,2024,1.0,24,1.0,0,0.94,0
1374,2024-05-24,,,,,0.719424460432,,,0.157303370787,,0.95652173913,0.1,0.454545454545,2024,1.0,24,0.95652173913,0,0.91,0
1375,2024-05-24,,,,,0.669064748201,,,0.14606741573,,0.95652173913,0.877777777778,0.393939393939,2024,1.0,24,0.869565217391,0,0.98,0
1376,2024-05-24,,,,,0.690647482014,,,0.14606741573,,0.95652173913,0.647222222222,0.257575757576,2024,1.0,24,0.826086956522,0,1.0,0
1377,2024-05-24,,,,,0.510791366906,,,0.23595505618,,0.869565217391,0.333333333333,0.651515151515,2024,1.0,24,0.739130434783,0,0.96,0
1378,2024-05-24,,,,,0.330935251799,,,0.38202247191,,0.695652173913,0.216666666667,0.681818181818,2024,1.0,24,0.652173913043,0,0.94,0
1379,2024-05-24,,,,,0.237410071942,,,0.516853932584,,0.521739130435,0.180555555556,0.651515151515,2024,1.0,24,0.608695652174,0,0.93,0
1380,2024-05-24,,,,,0.287769784173,,,0.606741573034,,0.478260869565,0.541666666667,0.560606060606,2024,1.0,24,0.565217391304,0,0.96,0
1381,2024-05-24,,,,,0.273381294964,,,0.550561797753,,0.478260869565,0.525,0.393939393939,2024,1.0,24,0.478260869565,0,1.0,0
1382,2024-05-24,,,,,0.172661870504,,,0.550561797753,,0.478260869565,0.377777777778,,2024,1.0,24,0.434782608696,0,1.0,0
1383,2024-05-25,,,,,0.007194244604,,,0.47191011236,,0.565217391304,0.252777777778,0.166666666667,2024,1.0,25,0.391304347826,0,1.0,0
1384,2024-05-25,,,,,0.05035971223,,,0.61797752809,,0.434782608696,0.158333333333,0.166666666667,2024,1.0,25,0.347826086957,0,1.0,0
1385,2024-05-25,,,,,0.086330935252,,,0.61797752809,,0.434782608696,0.447222222222,0.227272727273,2024,1.0,25,0.304347826087,0,1.0,0
1386,2024-05-25,,,,,0.10071942446,,,0.651685393258,,0.391304347826,0.416666666667,0.19696969697,2024,1.0,25,0.260869565217,0,1.0,0
1387,2024-05-25,,,,,0.043165467626,,,0.674157303371,,0.391304347826,0.541666666667,0.212121212121,2024,1.0,25,0.173913043478,0,1.0,0
1388,2024-05-25,,,,,0.0,,,0.685393258427,,0.347826086957,0.280555555556,0.121212121212,2024,1.0,25,0.130434782609,0,1.0,0
1389,2024-05-25,,,,,0.0,,,0.685393258427,,0.347826086957,0.475,0.227272727273,2024,1.0,25,0.04347826087,0,1.0,0
1390,2024-05-25,,,,,0.007194244604,,,0.685393258427,,0.347826086957,0.461111111111,0.19696969697,2024,1.0,25,0.0,0,1.0,0
1391,2024-05-25,,,,,0.05035971223,,,0.606741573034,,0.434782608696,0.383333333333,0.121212121212,2024,1.0,25,0.086956521739,0,1.0,0
1392,2024-05-25,,,,,0.107913669065,,,0.52808988764,,0.521739130435,0.155555555556,0.19696969697,2024,1.0,25,0.217391304348,0,0.84,0
1393,2024-05-25,,,,,0.143884892086,,,0.438202247191,,0.608695652174,0.283333333333,,2024,1.0,25,0.521739130435,0,1.0,0
1394,2024-05-25,,,,,0.827338129496,,,0.168539325843,,0.95652173913,0.033333333333,0.30303030303,2024,1.0,25,1.0,0,0.9,0
1395,2024-05-25,,,,,0.546762589928,,,0.123595505618,,1.0,0.925,0.378787878788,2024,1.0,25,0.95652173913,0,0.98,0
1396,2024-05-25,,,,,0.575539568345,,,0.123595505618,,1.0,,0.378787878788,2024,1.0,25,0.869565217391,0,0.98,0
1397,2024-05-25,,,,,0.561151079137,,,0.134831460674,,1.0,0.963888888889,0.454545454545,2024,1.0,25,0.826086956522,0,1.0,0
1398,2024-05-25,,,,,0.482014388489,,,0.258426966292,,0.869565217391,0.283333333333,0.954545454545,2024,1.0,25,0.739130434783,0,0.98,0
1399,2024-05-25,,,,,0.287769784173,,,0.61797752809,,0.521739130435,0.361111111111,0.454545454545,2024,1.0,25,0.652173913043,0,0.99,0
1400,2024-05-25,,,,,0.194244604317,,,0.539325842697,,0.608695652174,0.666666666667,0.287878787879,2024,1.0,25,0.608695652174,0,0.98,0
1401,2024-05-25,,,,,0.223021582734,,,0.449438202247,,0.608695652174,0.858333333333,0.242424242424,2024,1.0,25,0.565217391304,0,1.0,0
1402,2024-05-25,,,,,0.115107913669,,,0.460674157303,,0.608695652174,0.944444444444,0.257575757576,2024,1.0,25,0.478260869565,0,1.0,0
1403,2024-05-25,,,,,0.043165467626,,,0.438202247191,,0.608695652174,0.905555555556,0.136363636364,2024,1.0,25,0.434782608696,0,1.0,0
1404,2024-05-26,,,,,0.136690647482,,,0.449438202247,,0.478260869565,0.547222222222,0.363636363636,2024,1.0,26,0.391304347826,0,1.0,0
1405,2024-05-26,,,,,0.021582733813,,,0.494382022472,,0.565217391304,0.955555555556,0.212121212121,2024,1.0,26,0.347826086957,0,1.0,0
1406,2024-05-26,,,,,0.071942446043,,,0.460674157303,,0.521739130435,0.836111111111,0.227272727273,2024,1.0,26,0.304347826087,0,1.0,0
1407,2024-05-26,,,,,0.014388489209,,,0.52808988764,,0.478260869565,0.438888888889,0.136363636364,2024,1.0,26,0.260869565217,0,1.0,0
1408,2024-05-26,,,,,0.0,,,0.595505617978,,0.478260869565,0.377777777778,0.121212121212,2024,1.0,26,0.173913043478,0,1.0,0
1409,2024-05-26,,,,,0.0,,,0.606741573034,,0.434782608696,0.427777777778,0.166666666667,2024,1.0,26,0.130434782609,0,1.0,0
1410,2024-05-26,,,,,0.014388489209,,,0.629213483146,,0.434782608696,0.277777777778,0.075757575758,2024,1.0,26,0.04347826087,0,1.0,0
1411,2024-05-26,,,,,0.007194244604,,,0.640449438202,,0.434782608696,0.25,0.212121212121,2024,1.0,26,0.0,0,1.0,0
1412,2024-05-26,,,,,0.10071942446,,,0.61797752809,,0.478260869565,0.427777777778,0.166666666667,2024,1.0,26,0.086956521739,0,1.0,0
1413,2024-05-26,,,,,0.187050359712,,,0.550561797753,,0.565217391304,0.438888888889,0.19696969697,2024,1.0,26,0.217391304348,0,1.0,0
1414,2024-05-26,,,,,0.402877697842,,,0.460674157303,,0.652173913043,0.663888888889,0.19696969697,2024,1.0,26,0.521739130435,0,1.0,0
1415,2024-05-26,,,,,0.568345323741,,,0.359550561798,,0.739130434783,0.966666666667,0.272727272727,2024,1.0,26,0.695652173913,0,1.0,0
1416,2024-05-26,,,,,0.73381294964,,,0.303370786517,,0.826086956522,0.952777777778,0.333333333333,2024,1.0,26,0.782608695652,0,1.0,0
1417,2024-05-26,,,,,0.73381294964,,,0.168539325843,,0.913043478261,0.088888888889,0.378787878788,2024,1.0,26,1.0,0,0.98,0
1418,2024-05-26,,,,,0.604316546763,,,0.157303370787,,0.95652173913,0.986111111111,0.469696969697,2024,1.0,26,0.95652173913,0,1.0,0
1419,2024-05-26,,,,,0.68345323741,,,0.157303370787,,0.95652173913,0.136111111111,0.333333333333,2024,1.0,26,0.869565217391,0,1.0,0
1420,2024-05-26,,,,,0.589928057554,,,0.14606741573,,1.0,0.913888888889,0.560606060606,2024,1.0,26,0.826086956522,0,1.0,0
1421,2024-05-26,,,,,0.460431654676,,,0.337078651685,,0.782608695652,0.294444444444,0.80303030303,2024,1.0,26,0.739130434783,0,0.95,0
1422,2024-05-26,,,,,0.330935251799,,,0.719101123596,,0.478260869565,0.544444444444,0.636363636364,2024,1.0,26,0.652173913043,0,1.0,0
1423,2024-05-26,,,,,0.309352517986,,,0.730337078652,,0.434782608696,0.597222222222,0.621212121212,2024,1.0,26,0.608695652174,0,1.0,0
1424,2024-05-26,,,,,0.244604316547,,,0.651685393258,,0.434782608696,0.533333333333,0.545454545455,2024,1.0,26,0.565217391304,0,1.0,0
1425,2024-05-26,,,,,0.230215827338,,,0.494382022472,,0.478260869565,0.791666666667,0.409090909091,2024,1.0,26,0.478260869565,0,1.0,0
1426,2024-05-26,,,,,0.107913669065,,,0.505617977528,,0.521739130435,0.725,0.318181818182,2024,1.0,26,0.434782608696,0,1.0,0
1427,2024-05-27,,,,,,,,0.516853932584,,0.608695652174,0.777777777778,0.484848484848,2024,1.0,27,0.391304347826,0,1.0,0
1428,2024-05-27,,,,,0.107913669065,,,0.47191011236,,0.434782608696,0.308333333333,0.121212121212,2024,1.0,27,0.347826086957,0,1.0,0
1429,2024-05-27,,,,,0.035971223022,,,0.539325842697,,0.434782608696,0.377777777778,0.242424242424,2024,1.0,27,0.304347826087,0,1.0,0
1430,2024-05-27,,,,,0.05035971223,,,0.561797752809,,0.391304347826,0.463888888889,0.151515151515,2024,1.0,27,0.260869565217,0,1.0,0
1431,2024-05-27,,,,,0.086330935252,,,0.573033707865,,0.391304347826,0.491666666667,0.19696969697,2024,1.0,27,0.173913043478,0,1.0,0
1432,2024-05-27,,,,,0.043165467626,,,0.61797752809,,0.347826086957,0.519444444444,0.181818181818,2024,1.0,27,0.130434782609,0,1.0,0
1433,2024-05-27,,,,,0.007194244604,,,0.629213483146,,0.347826086957,0.491666666667,0.166666666667,2024,1.0,27,0.04347826087,0,1.0,0
1434,2024-05-27,,,,,0.0,,,0.640449438202,,0.347826086957,0.405555555556,0.106060606061,2024,1.0,27,0.0,0,0.99,0
1435,2024-05-27,,,,,0.007194244604,,,0.595505617978,,0.434782608696,0.302777777778,0.166666666667,2024,1.0,27,0.086956521739,0,0.95,0
1436,2024-05-27,,,,,0.05035971223,,,0.516853932584,,0.478260869565,0.361111111111,0.181818181818,2024,1.0,27,0.217391304348,0,0.91,0
1437,2024-05-27,,,,,0.194244604317,,,0.415730337079,,0.565217391304,0.477777777778,0.19696969697,2024,1.0,27,0.521739130435,0,0.98,0
1438,2024-05-27,,,,,0.36690647482,,,0.348314606742,,0.695652173913,,0.242424242424,2024,1.0,27,0.695652173913,0,0.94,0
1439,2024-05-27,,,,,0.467625899281,,,0.280898876404,,0.739130434783,0.075,0.287878787879,2024,1.0,27,0.782608695652,0,0.96,0
1440,2024-05-27,,,,,0.661870503597,,,0.213483146067,,0.826086956522,0.144444444444,0.318181818182,2024,1.0,27,0.913043478261,0,0.96,0
1441,2024-05-27,,,,,,,,0.157303370787,,0.95652173913,0.038888888889,0.378787878788,2024,1.0,27,0.869565217391,0,0.96,0
1442,2024-05-27,,,,,,,,0.168539325843,,0.913043478261,0.013888888889,0.469696969697,2024,1.0,27,0.826086956522,0,1.0,0
1443,2024-05-27,,,,,0.546762589928,,,0.213483146067,,0.869565217391,0.347222222222,0.560606060606,2024,1.0,27,0.739130434783,0,0.98,0
1444,2024-05-27,,,,,,,,0.258426966292,,0.826086956522,0.086111111111,0.515151515152,2024,1.0,27,0.652173913043,0,1.0,0
1445,2024-05-27,,,,,,,,0.370786516854,,0.695652173913,0.863888888889,0.242424242424,2024,1.0,27,0.608695652174,0,1.0,0
1446,2024-05-27,,,,,,,,0.348314606742,,0.695652173913,0.988888888889,0.409090909091,2024,1.0,27,0.565217391304,0,1.0,0
1447,2024-05-27,,,,,,,,0.359550561798,,0.652173913043,0.033333333333,0.439393939394,2024,1.0,27,0.478260869565,0,1.0,0
1448,2024-05-27,,,,,,,,0.449438202247,,0.608695652174,0.933333333333,0.318181818182,2024,1.0,27,0.434782608696,0,1.0,0
1449,2024-05-28,,,,,0.194244604317,0.489795918367,0.392857142857,0.38202247191,,0.608695652174,0.875,0.469696969697,2024,1.0,28,0.391304347826,0,1.0,0
1450,2024-05-28,,,,,,,,0.606741573034,,0.565217391304,0.775,0.560606060606,2024,1.0,28,0.347826086957,0,1.0,0
1451,2024-05-28,,,,,,0.455782312925,0.5,0.651685393258,,0.521739130435,0.727777777778,0.348484848485,2024,1.0,28,0.304347826087,0,1.0,0
1452,2024-05-28,,,,,,0.517006802721,0.52380952381,0.539325842697,,0.521739130435,0.744444444444,0.30303030303,2024,1.0,28,0.260869565217,0,1.0,0
1453,2024-05-28,,,,,0.230215827338,0.448979591837,0.452380952381,0.280898876404,,0.521739130435,0.666666666667,0.19696969697,2024,1.0,28,0.173913043478,0,1.0,0
1454,2024-05-28,,,,,0.122302158273,0.251700680272,0.202380952381,0.370786516854,,0.478260869565,0.6,,2024,1.0,28,0.130434782609,0,1.0,0
1455,2024-05-28,,,,,0.028776978417,0.272108843537,0.25,0.494382022472,,0.434782608696,0.463888888889,0.19696969697,2024,1.0,28,0.04347826087,0,1.0,0
1456,2024-05-28,,,,,0.021582733813,0.353741496599,0.357142857143,0.483146067416,,0.434782608696,0.458333333333,,2024,1.0,28,0.0,0,0.93,0
1457,2024-05-28,,,,,0.071942446043,0.401360544218,0.345238095238,0.505617977528,,0.478260869565,0.9,0.19696969697,2024,1.0,28,0.086956521739,0,0.98,0
1458,2024-05-28,,,,,0.179856115108,0.455782312925,0.416666666667,0.483146067416,,0.565217391304,0.852777777778,0.287878787879,2024,1.0,28,0.217391304348,0,0.98,0
1459,2024-05-28,,,,,0.352517985612,0.469387755102,0.464285714286,0.325842696629,,0.608695652174,0.294444444444,0.227272727273,2024,1.0,28,0.521739130435,0,0.97,0
1460,2024-05-28,,,,,0.410071942446,0.360544217687,0.297619047619,0.269662921348,,0.652173913043,0.252777777778,0.272727272727,2024,1.0,28,0.695652173913,0,1.0,0
1461,2024-05-28,,,,,0.510791366906,0.340136054422,0.309523809524,0.14606741573,,0.739130434783,0.436111111111,0.287878787879,2024,1.0,28,0.782608695652,0,0.95,0
1462,2024-05-28,,,,,0.546762589928,0.210884353741,0.154761904762,0.134831460674,,0.782608695652,0.466666666667,0.333333333333,2024,1.0,28,0.913043478261,0,0.96,0
1463,2024-05-28,,,,,0.755395683453,0.265306122449,0.202380952381,0.134831460674,,0.826086956522,0.194444444444,0.348484848485,2024,1.0,28,1.0,0,0.95,0
1464,2024-05-28,,,,,0.848920863309,0.374149659864,0.309523809524,0.134831460674,,0.869565217391,0.044444444444,0.378787878788,2024,1.0,28,0.95652173913,0,0.95,0
1465,2024-05-28,,,,,0.834532374101,0.367346938776,0.285714285714,0.123595505618,,0.869565217391,0.322222222222,0.318181818182,2024,1.0,28,0.869565217391,0,0.98,0
1466,2024-05-28,,,,,0.791366906475,0.34693877551,0.214285714286,0.123595505618,,0.913043478261,0.425,0.30303030303,2024,1.0,28,0.826086956522,0,0.99,0
1467,2024-05-28,,,,,0.762589928058,0.34693877551,0.261904761905,0.134831460674,,0.869565217391,0.422222222222,0.242424242424,2024,1.0,28,0.739130434783,0,0.97,0
1468,2024-05-28,,,,,0.539568345324,0.394557823129,0.285714285714,0.179775280899,,0.826086956522,0.397222222222,0.469696969697,2024,1.0,28,0.652173913043,0,0.99,0
1469,2024-05-28,,,,,0.330935251799,0.408163265306,0.27380952381,0.247191011236,,0.782608695652,0.841666666667,0.363636363636,2024,1.0,28,0.608695652174,0,0.94,0
1470,2024-05-28,,,,,0.26618705036,0.56462585034,0.416666666667,0.314606741573,,0.652173913043,0.866666666667,,2024,1.0,28,0.478260869565,0,1.0,0
1471,2024-05-28,,,,,0.201438848921,0.442176870748,0.380952380952,0.348314606742,,0.652173913043,0.855555555556,0.424242424242,2024,1.0,28,0.434782608696,0,1.0,0
1472,2024-05-29,,,,,0.179856115108,0.210884353741,0.22619047619,0.516853932584,,0.434782608696,0.983333333333,0.121212121212,2024,1.0,29,0.391304347826,0,1.0,0
1473,2024-05-29,,,,,0.187050359712,0.442176870748,0.428571428571,0.47191011236,,0.565217391304,0.913888888889,0.348484848485,2024,1.0,29,0.347826086957,0,1.0,0
1474,2024-05-29,,,,,0.194244604317,0.43537414966,0.464285714286,0.550561797753,,0.565217391304,0.852777777778,0.257575757576,2024,1.0,29,0.304347826087,0,1.0,0
1475,2024-05-29,,,,,0.179856115108,0.47619047619,0.571428571429,0.550561797753,,0.521739130435,0.138888888889,0.212121212121,2024,1.0,29,0.260869565217,0,1.0,0
1476,2024-05-29,,,,,0.165467625899,0.421768707483,0.52380952381,0.539325842697,,0.521739130435,0.208333333333,0.227272727273,2024,1.0,29,0.173913043478,0,1.0,0
1477,2024-05-29,,,,,0.129496402878,0.496598639456,0.547619047619,0.573033707865,,0.478260869565,0.052777777778,0.257575757576,2024,1.0,29,0.130434782609,0,1.0,0
1478,2024-05-29,,,,,0.187050359712,0.496598639456,0.583333333333,0.61797752809,,0.434782608696,0.869444444444,0.681818181818,2024,1.0,29,0.04347826087,0,1.0,0
1479,2024-05-29,,,,,0.093525179856,0.401360544218,0.416666666667,0.775280898876,,0.347826086957,0.863888888889,0.5,2024,1.0,29,0.0,0,0.96,0
1480,2024-05-29,,,,,0.136690647482,0.312925170068,0.428571428571,0.730337078652,,0.391304347826,0.763888888889,0.242424242424,2024,1.0,29,0.086956521739,0,0.92,0
1481,2024-05-29,,,,,0.223021582734,0.292517006803,0.416666666667,0.651685393258,,0.434782608696,0.3,0.212121212121,2024,1.0,29,0.217391304348,0,0.97,0
1482,2024-05-29,,,,,0.251798561151,0.30612244898,0.404761904762,0.595505617978,,0.521739130435,0.952777777778,0.242424242424,2024,1.0,29,0.521739130435,0,0.98,0
1483,2024-05-29,,,,,0.374100719424,0.367346938776,0.464285714286,0.505617977528,,0.565217391304,0.872222222222,0.333333333333,2024,1.0,29,0.695652173913,0,0.88,0
1484,2024-05-29,,,,,0.539568345324,0.421768707483,0.559523809524,0.426966292135,,0.652173913043,0.938888888889,0.318181818182,2024,1.0,29,0.782608695652,0,0.91,0
1485,2024-05-29,,,,,0.769784172662,0.380952380952,0.52380952381,0.38202247191,,0.695652173913,0.083333333333,,2024,1.0,29,0.913043478261,0,0.94,0
1486,2024-05-29,,,,,,0.510204081633,0.630952380952,0.325842696629,,0.739130434783,0.475,0.378787878788,2024,1.0,29,0.95652173913,0,0.89,0
1487,2024-05-29,,,,,0.568345323741,0.537414965986,0.619047619048,0.348314606742,,0.695652173913,0.436111111111,0.621212121212,2024,1.0,29,0.869565217391,0,0.98,0
1488,2024-05-29,,,,,0.438848920863,0.462585034014,0.47619047619,,,,0.072222222222,0.69696969697,2024,1.0,29,0.826086956522,0,0.99,0
1489,2024-05-29,,,,,0.381294964029,0.394557823129,0.428571428571,0.449438202247,,0.565217391304,0.919444444444,0.863636363636,2024,1.0,29,0.739130434783,0,0.86,0
1490,2024-05-29,,,,,0.273381294964,0.421768707483,0.309523809524,0.550561797753,,0.478260869565,0.822222222222,0.681818181818,2024,1.0,29,0.652173913043,0,0.92,0
1491,2024-05-29,,,,,0.237410071942,0.21768707483,0.238095238095,0.584269662921,,0.434782608696,0.786111111111,0.636363636364,2024,1.0,29,0.608695652174,0,0.98,0
1492,2024-05-29,,,,,0.237410071942,0.197278911565,0.22619047619,0.561797752809,,0.434782608696,0.791666666667,0.545454545455,2024,1.0,29,0.565217391304,0,0.98,0
1493,2024-05-29,,,,,0.26618705036,0.149659863946,0.166666666667,0.52808988764,,0.434782608696,0.875,0.454545454545,2024,1.0,29,0.478260869565,0,1.0,0
1494,2024-05-29,,,,,0.258992805755,0.095238095238,0.119047619048,0.505617977528,,0.434782608696,0.863888888889,0.272727272727,2024,1.0,29,0.434782608696,0,1.0,0
1495,2024-05-30,0.355555555556,0.039156626506,0.184290030211,0.448598130841,0.035971223022,0.278911564626,0.297619047619,0.561797752809,0.0,0.478260869565,0.497222222222,0.166666666667,2024,1.0,30,0.391304347826,0,1.0,0
1496,2024-05-30,0.185185185185,0.003012048193,0.111782477341,0.336448598131,0.129496402878,0.197278911565,0.214285714286,0.539325842697,0.0,0.434782608696,0.261111111111,0.075757575758,2024,1.0,30,0.347826086957,0,1.0,0
1497,2024-05-30,0.244444444444,0.039156626506,0.184290030211,0.457943925234,0.035971223022,0.210884353741,0.238095238095,0.595505617978,0.0,0.391304347826,0.119444444444,0.166666666667,2024,1.0,30,0.304347826087,0,1.0,0
1498,2024-05-30,0.224691358025,0.024096385542,0.151057401813,0.392523364486,0.043165467626,0.244897959184,0.25,0.640449438202,0.0,0.347826086957,0.958333333333,0.19696969697,2024,1.0,30,0.260869565217,0,1.0,0
1499,2024-05-30,0.244444444444,0.030120481928,0.160120845921,0.401869158879,0.028776978417,0.333333333333,0.333333333333,0.629213483146,0.0,0.347826086957,0.558333333333,0.136363636364,2024,1.0,30,0.173913043478,0,1.0,0
1500,2024-05-30,0.259259259259,0.03313253012,0.163141993958,0.401869158879,0.028776978417,0.353741496599,0.404761904762,0.640449438202,0.0,0.347826086957,0.383333333333,0.166666666667,2024,1.0,30,0.130434782609,0,1.0,0
1501,2024-05-30,0.338271604938,0.234939759036,0.377643504532,0.448598130841,0.021582733813,0.278911564626,0.333333333333,0.674157303371,0.054054054054,0.347826086957,0.186111111111,,2024,1.0,30,0.04347826087,0,1.0,0
1502,2024-05-30,0.313580246914,0.21686746988,0.344410876133,0.401869158879,0.021582733813,0.462585034014,0.440476190476,0.707865168539,0.054054054054,0.304347826087,0.094444444444,0.19696969697,2024,1.0,30,0.0,0,0.98,0
1503,2024-05-30,0.320987654321,0.144578313253,0.271903323263,0.392523364486,0.043165467626,0.462585034014,0.47619047619,0.674157303371,0.027027027027,0.391304347826,0.083333333333,0.181818181818,2024,1.0,30,0.086956521739,0,0.99,0
1504,2024-05-30,0.311111111111,0.090361445783,0.238670694864,0.457943925234,0.122302158273,0.394557823129,0.404761904762,0.573033707865,0.027027027027,0.478260869565,0.072222222222,0.19696969697,2024,1.0,30,0.217391304348,0,0.96,0
1505,2024-05-30,0.264197530864,0.039156626506,0.178247734139,0.429906542056,0.309352517986,0.414965986395,0.440476190476,0.47191011236,0.027027027027,0.521739130435,0.216666666667,0.242424242424,2024,1.0,30,0.521739130435,0,0.96,0
1506,2024-05-30,0.259259259259,0.021084337349,0.157099697885,0.420560747664,0.489208633094,0.469387755102,0.511904761905,0.38202247191,0.027027027027,0.608695652174,0.097222222222,0.30303030303,2024,1.0,30,0.695652173913,0,0.86,0
1507,2024-05-30,0.202469135802,0.006024096386,0.084592145015,0.242990654206,0.676258992806,0.455782312925,0.559523809524,0.325842696629,0.027027027027,0.695652173913,0.158333333333,0.318181818182,2024,1.0,30,0.782608695652,0,0.97,0
1508,2024-05-30,0.195061728395,0.006024096386,0.081570996979,0.224299065421,0.776978417266,0.394557823129,0.464285714286,0.280898876404,0.027027027027,0.782608695652,0.008333333333,0.333333333333,2024,1.0,30,0.913043478261,0,0.95,0
1509,2024-05-30,0.195061728395,0.006024096386,0.078549848943,0.224299065421,0.820143884892,0.353741496599,0.392857142857,0.247191011236,0.027027027027,0.826086956522,0.872222222222,0.287878787879,2024,1.0,30,1.0,0,0.88,0
1510,2024-05-30,0.204938271605,0.003012048193,0.069486404834,0.205607476636,0.848920863309,0.319727891156,0.380952380952,0.247191011236,0.027027027027,0.826086956522,0.883333333333,0.424242424242,2024,1.0,30,0.95652173913,0,0.88,0
1511,2024-05-30,0.145679012346,0.003012048193,0.042296072508,0.121495327103,0.719424460432,0.319727891156,0.345238095238,0.224719101124,0.027027027027,0.869565217391,0.922222222222,0.393939393939,2024,1.0,30,0.869565217391,0,0.93,0
1512,2024-05-30,0.172839506173,0.006024096386,0.066465256798,0.18691588785,0.676258992806,0.244897959184,0.202380952381,0.23595505618,0.027027027027,0.869565217391,0.927777777778,0.5,2024,1.0,30,0.826086956522,0,0.94,0
1513,2024-05-30,0.133333333333,0.003012048193,0.051359516616,0.14953271028,0.561151079137,0.299319727891,0.285714285714,0.258426966292,0.027027027027,0.826086956522,0.116666666667,0.560606060606,2024,1.0,30,0.739130434783,0,0.82,0
1514,2024-05-30,0.16049382716,0.0,0.045317220544,0.140186915888,0.338129496403,0.333333333333,0.25,0.38202247191,0.0,0.652173913043,0.358333333333,0.621212121212,2024,1.0,30,0.652173913043,0,0.79,0
1515,2024-05-30,0.207407407407,0.006024096386,0.078549848943,0.214953271028,0.302158273381,0.340136054422,0.261904761905,0.47191011236,0.0,0.565217391304,0.502777777778,0.530303030303,2024,1.0,30,0.608695652174,0,0.79,0
1516,2024-05-30,,0.009036144578,0.087613293051,0.242990654206,,0.251700680272,0.202380952381,0.449438202247,0.0,0.565217391304,0.605555555556,0.318181818182,2024,1.0,30,0.565217391304,0,0.98,0
1517,2024-05-30,0.249382716049,0.015060240964,0.123867069486,0.336448598131,0.158273381295,0.210884353741,0.261904761905,0.47191011236,0.027027027027,0.521739130435,0.680555555556,0.136363636364,2024,1.0,30,0.478260869565,0,1.0,0
1518,2024-05-30,0.308641975309,0.024096385542,0.163141993958,0.429906542056,0.05035971223,0.224489795918,0.238095238095,0.516853932584,0.0,0.521739130435,0.441666666667,0.257575757576,2024,1.0,30,0.434782608696,0,1.0,0
1519,2024-05-31,0.217283950617,0.024096385542,0.141993957704,0.355140186916,0.05035971223,0.380952380952,0.321428571429,0.269662921348,0.027027027027,0.608695652174,0.977777777778,0.257575757576,2024,1.0,31,0.391304347826,0,1.0,0
1520,2024-05-31,0.350617283951,0.05421686747,0.190332326284,0.420560747664,0.021582733813,0.265306122449,0.309523809524,0.595505617978,0.027027027027,0.434782608696,0.430555555556,,2024,1.0,31,0.347826086957,0,1.0,0
1521,2024-05-31,0.254320987654,0.132530120482,0.268882175227,0.411214953271,0.014388489209,0.272108843537,0.27380952381,0.629213483146,0.054054054054,0.391304347826,0.377777777778,0.166666666667,2024,1.0,31,0.304347826087,0,1.0,0
1522,2024-05-31,0.222222222222,0.051204819277,0.163141993958,0.336448598131,0.028776978417,0.285714285714,0.333333333333,0.629213483146,0.027027027027,0.391304347826,0.1,0.212121212121,2024,1.0,31,0.260869565217,0,1.0,0
1523,2024-05-31,0.21975308642,0.03313253012,0.14501510574,0.345794392523,0.021582733813,0.258503401361,0.321428571429,0.651685393258,0.027027027027,0.347826086957,0.311111111111,0.121212121212,2024,1.0,31,0.173913043478,0,1.0,0
1524,2024-05-31,0.195061728395,0.036144578313,0.14501510574,0.327102803738,0.021582733813,0.265306122449,0.321428571429,0.640449438202,0.027027027027,0.347826086957,0.286111111111,0.075757575758,2024,1.0,31,0.130434782609,0,0.99,0
1525,2024-05-31,0.274074074074,0.14156626506,0.247734138973,0.327102803738,0.021582733813,0.292517006803,0.297619047619,0.674157303371,0.054054054054,0.304347826087,0.394444444444,0.136363636364,2024,1.0,31,0.04347826087,0,1.0,0
1526,2024-05-31,0.404938271605,0.334337349398,0.459214501511,0.383177570093,0.021582733813,0.319727891156,0.345238095238,0.651685393258,0.081081081081,0.347826086957,0.241666666667,0.166666666667,2024,1.0,31,0.0,0,1.0,0
1527,2024-05-31,0.345679012346,0.301204819277,0.453172205438,0.467289719626,0.035971223022,0.319727891156,0.369047619048,0.606741573034,0.108108108108,0.391304347826,0.197222222222,0.242424242424,2024,1.0,31,0.086956521739,0,0.99,0
1528,2024-05-31,0.404938271605,0.231927710843,0.438066465257,0.635514018692,0.057553956835,0.387755102041,0.47619047619,0.539325842697,0.108108108108,0.478260869565,0.047222222222,0.166666666667,2024,1.0,31,0.217391304348,0,1.0,0
1529,2024-05-31,0.4,0.138554216867,0.380664652568,0.747663551402,0.165467625899,0.469387755102,0.547619047619,0.449438202247,0.081081081081,0.565217391304,0.186111111111,0.19696969697,2024,1.0,31,0.521739130435,0,0.94,0
1530,2024-05-31,0.254320987654,0.030120481928,0.175226586103,0.448598130841,0.431654676259,0.537414965986,0.607142857143,0.337078651685,0.054054054054,0.652173913043,0.166666666667,0.287878787879,2024,1.0,31,0.695652173913,0,0.97,0
1531,2024-05-31,0.162962962963,0.006024096386,0.069486404834,0.196261682243,0.661870503597,0.442176870748,0.52380952381,0.23595505618,0.054054054054,0.739130434783,0.136111111111,0.257575757576,2024,1.0,31,0.782608695652,0,0.94,0
1532,2024-05-31,0.148148148148,0.006024096386,0.054380664653,0.158878504673,0.726618705036,0.265306122449,0.333333333333,0.179775280899,0.054054054054,0.826086956522,0.083333333333,0.318181818182,2024,1.0,31,0.913043478261,0,0.98,0
1533,2024-05-31,0.120987654321,0.003012048193,0.036253776435,0.093457943925,0.640287769784,0.258503401361,0.285714285714,0.134831460674,0.027027027027,0.869565217391,0.086111111111,0.363636363636,2024,1.0,31,1.0,0,0.98,0
1534,2024-05-31,0.138271604938,0.006024096386,0.039274924471,0.102803738318,0.611510791367,0.163265306122,0.166666666667,0.134831460674,0.027027027027,0.913043478261,0.933333333333,0.454545454545,2024,1.0,31,0.95652173913,0,0.96,0
1535,2024-05-31,,,,,,,,0.123595505618,,0.913043478261,0.869444444444,0.469696969697,2024,1.0,31,0.869565217391,0,1.0,0
1536,2024-05-31,0.143209876543,0.015060240964,0.066465256798,0.158878504673,0.431654676259,,,0.101123595506,0.027027027027,0.913043478261,0.975,0.590909090909,2024,1.0,31,0.826086956522,0,0.99,0
1537,2024-05-31,0.133333333333,0.0,0.039274924471,0.121495327103,0.669064748201,0.0,,0.202247191011,0.027027027027,0.913043478261,0.297222222222,,2024,1.0,31,0.739130434783,0,0.99,0
1538,2024-05-31,0.155555555556,0.0,0.060422960725,0.18691588785,0.525179856115,,,0.23595505618,0.027027027027,0.826086956522,0.277777777778,0.469696969697,2024,1.0,31,0.652173913043,0,0.94,0
1539,2024-05-31,0.175308641975,0.003012048193,0.084592145015,0.261682242991,0.381294964029,0.299319727891,0.238095238095,0.247191011236,0.027027027027,0.782608695652,0.172222222222,0.348484848485,2024,1.0,31,0.608695652174,0,0.95,0
1540,2024-05-31,0.222222222222,0.003012048193,0.132930513595,0.401869158879,0.251798561151,0.272108843537,0.214285714286,0.280898876404,0.054054054054,0.739130434783,0.272222222222,0.378787878788,2024,1.0,31,0.565217391304,0,1.0,0
1541,2024-05-31,0.249382716049,0.009036144578,0.129909365559,0.373831775701,0.230215827338,0.360544217687,0.345238095238,0.292134831461,0.027027027027,0.695652173913,0.269444444444,0.212121212121,2024,1.0,31,0.478260869565,0,1.0,0
1542,2024-06-02,0.111111111111,0.003012048193,0.042296072508,0.121495327103,0.669064748201,0.442176870748,0.392857142857,0.14606741573,0.054054054054,0.782608695652,0.172222222222,0.287878787879,2024,0.8,2,0.782608695652,0,0.97,0
1543,2024-06-02,0.091358024691,0.003012048193,0.02416918429,0.065420560748,0.697841726619,0.360544217687,0.333333333333,0.123595505618,0.054054054054,0.826086956522,0.222222222222,0.333333333333,2024,0.8,2,0.913043478261,0,1.0,0
1544,2024-06-02,0.103703703704,0.003012048193,0.030211480363,0.084112149533,0.719424460432,0.285714285714,0.238095238095,0.101123595506,0.054054054054,0.869565217391,0.602777777778,0.378787878788,2024,0.8,2,1.0,0,1.0,0
1545,2024-06-02,0.083950617284,0.0,0.015105740181,0.046728971963,0.73381294964,0.285714285714,0.261904761905,0.089887640449,0.054054054054,0.913043478261,0.336111111111,0.318181818182,2024,0.8,2,0.95652173913,0,0.99,0
1546,2024-06-02,0.096296296296,0.0,0.02416918429,0.07476635514,0.762589928058,0.265306122449,0.238095238095,0.089887640449,0.027027027027,0.95652173913,0.461111111111,0.484848484848,2024,0.8,2,0.869565217391,0,0.98,0
1547,2024-06-02,0.103703703704,0.003012048193,0.027190332326,0.07476635514,0.690647482014,0.30612244898,0.22619047619,0.089887640449,0.027027027027,0.95652173913,0.463888888889,0.469696969697,2024,0.8,2,0.826086956522,0,1.0,0
1548,2024-06-02,0.083950617284,0.0,0.018126888218,0.056074766355,0.546762589928,0.265306122449,0.178571428571,0.101123595506,0.027027027027,0.913043478261,0.444444444444,0.454545454545,2024,0.8,2,0.739130434783,0,0.99,0
1549,2024-06-02,0.096296296296,0.0,0.021148036254,0.065420560748,0.474820143885,0.238095238095,0.142857142857,0.14606741573,0.027027027027,0.869565217391,0.394444444444,0.545454545455,2024,0.8,2,0.652173913043,0,1.0,0
1550,2024-06-02,0.130864197531,0.0,0.039274924471,0.121495327103,0.431654676259,0.292517006803,0.190476190476,0.179775280899,0.027027027027,0.782608695652,0.472222222222,0.454545454545,2024,0.8,2,0.608695652174,0,1.0,0
1551,2024-06-02,0.145679012346,0.0,0.054380664653,0.168224299065,0.381294964029,0.292517006803,0.25,0.191011235955,0.027027027027,0.739130434783,0.475,0.378787878788,2024,0.8,2,0.565217391304,0,1.0,0
1552,2024-06-02,0.2,0.0,0.09667673716,0.299065420561,0.251798561151,0.34693877551,0.333333333333,0.202247191011,0.027027027027,0.695652173913,0.408333333333,0.212121212121,2024,0.8,2,0.478260869565,0,1.0,0
1553,2024-06-02,0.301234567901,0.009036144578,0.181268882175,0.523364485981,0.079136690647,0.285714285714,0.261904761905,0.224719101124,0.027027027027,0.652173913043,0.386111111111,0.212121212121,2024,0.8,2,0.434782608696,0,1.0,0
1554,2024-06-03,0.133333333333,0.003012048193,0.054380664653,0.168224299065,0.280575539568,0.204081632653,0.214285714286,0.38202247191,0.027027027027,0.608695652174,0.902777777778,0.560606060606,2024,0.8,3,0.391304347826,0,1.0,0
1555,2024-06-03,,,,,,0.251700680272,0.261904761905,0.179775280899,,0.608695652174,0.547222222222,0.515151515152,2024,0.8,3,0.347826086957,0,1.0,0
1556,2024-06-03,,,,,,0.156462585034,0.214285714286,0.179775280899,,0.565217391304,0.466666666667,0.30303030303,2024,0.8,3,0.304347826087,0,1.0,0
1557,2024-06-03,,,,,,0.204081632653,0.202380952381,0.191011235955,,0.521739130435,0.438888888889,0.287878787879,2024,0.8,3,0.260869565217,0,1.0,0
1558,2024-06-03,0.145679012346,0.003012048193,0.057401812689,0.168224299065,0.158273381295,0.197278911565,0.238095238095,0.213483146067,0.0,0.521739130435,0.408333333333,0.181818181818,2024,0.8,3,0.173913043478,0,1.0,0
1559,2024-06-03,0.222222222222,0.027108433735,0.141993957704,0.345794392523,0.057553956835,0.224489795918,0.285714285714,0.258426966292,0.0,0.478260869565,0.366666666667,0.212121212121,2024,0.8,3,0.130434782609,0,1.0,0
1560,2024-06-03,0.330864197531,0.180722891566,0.302114803625,0.373831775701,0.028776978417,0.251700680272,0.369047619048,0.280898876404,0.054054054054,0.434782608696,0.305555555556,0.106060606061,2024,0.8,3,0.04347826087,0,0.99,0
1561,2024-06-03,0.402469135802,0.418674698795,0.543806646526,0.383177570093,0.021582733813,0.333333333333,0.380952380952,0.314606741573,0.108108108108,0.434782608696,0.111111111111,,2024,0.8,3,0.0,0,0.98,0
1562,2024-06-03,0.323456790123,0.207831325301,0.33836858006,0.401869158879,0.043165467626,0.360544217687,0.333333333333,0.292134831461,0.054054054054,0.478260869565,0.408333333333,,2024,0.8,3,0.086956521739,0,0.95,0
1563,2024-06-03,0.274074074074,0.078313253012,0.232628398792,0.476635514019,0.165467625899,0.374149659864,0.357142857143,0.247191011236,0.054054054054,0.565217391304,0.480555555556,0.166666666667,2024,0.8,3,0.217391304348,0,0.92,0
1564,2024-06-03,0.214814814815,0.03313253012,0.151057401813,0.364485981308,0.309352517986,0.360544217687,0.392857142857,0.213483146067,0.027027027027,0.652173913043,0.225,0.212121212121,2024,0.8,3,0.521739130435,0,1.0,0
1565,2024-06-03,0.204938271605,0.024096385542,0.138972809668,0.355140186916,0.431654676259,0.387755102041,0.404761904762,0.179775280899,0.054054054054,0.739130434783,0.066666666667,0.287878787879,2024,0.8,3,0.695652173913,0,1.0,0
1566,2024-06-03,0.148148148148,0.015060240964,0.081570996979,0.205607476636,0.503597122302,0.319727891156,0.357142857143,0.123595505618,0.054054054054,0.826086956522,0.358333333333,0.257575757576,2024,0.8,3,0.782608695652,0,0.99,0
1567,2024-06-03,0.118518518519,0.009036144578,0.057401812689,0.14953271028,0.575539568345,0.238095238095,0.27380952381,0.101123595506,0.054054054054,0.869565217391,0.169444444444,0.378787878788,2024,0.8,3,0.913043478261,0,0.99,0
1568,2024-06-03,0.123456790123,0.003012048193,0.033232628399,0.093457943925,0.647482014388,0.231292517007,0.22619047619,0.089887640449,0.054054054054,0.913043478261,0.875,0.333333333333,2024,0.8,3,1.0,0,0.94,0
1569,2024-06-03,0.116049382716,0.006024096386,0.039274924471,0.093457943925,0.597122302158,0.278911564626,0.309523809524,0.089887640449,0.027027027027,0.913043478261,0.986111111111,0.424242424242,2024,0.8,3,0.95652173913,0,0.99,0
1570,2024-06-03,0.108641975309,0.003012048193,0.027190332326,0.07476635514,0.618705035971,0.197278911565,0.154761904762,0.089887640449,0.027027027027,0.95652173913,0.988888888889,0.348484848485,2024,0.8,3,0.869565217391,0,0.99,0
1571,2024-06-03,0.135802469136,0.006024096386,0.054380664653,0.14953271028,0.611510791367,0.21768707483,0.178571428571,0.078651685393,0.027027027027,0.95652173913,0.647222222222,0.424242424242,2024,0.8,3,0.826086956522,0,1.0,0
1572,2024-06-03,0.155555555556,0.012048192771,0.099697885196,0.271028037383,0.546762589928,0.258503401361,0.22619047619,0.089887640449,0.027027027027,0.95652173913,0.683333333333,0.348484848485,2024,0.8,3,0.739130434783,0,0.99,0
1573,2024-06-03,0.133333333333,0.0,0.054380664653,0.168224299065,0.525179856115,0.244897959184,0.22619047619,0.14606741573,0.027027027027,0.869565217391,0.405555555556,0.469696969697,2024,0.8,3,0.652173913043,0,0.97,0
1574,2024-06-03,0.125925925926,0.0,0.033232628399,0.102803738318,0.41726618705,0.374149659864,0.238095238095,0.23595505618,0.027027027027,0.782608695652,0.341666666667,0.636363636364,2024,0.8,3,0.608695652174,0,1.0,0
1575,2024-06-03,0.120987654321,0.003012048193,0.045317220544,0.130841121495,0.446043165468,0.34693877551,0.285714285714,0.325842696629,0.027027027027,0.652173913043,0.177777777778,0.681818181818,2024,0.8,3,0.565217391304,0,1.0,0
1576,2024-06-03,0.118518518519,0.003012048193,0.036253776435,0.102803738318,0.431654676259,0.299319727891,0.202380952381,0.303370786517,0.0,0.652173913043,0.763888888889,0.530303030303,2024,0.8,3,0.478260869565,0,1.0,0
1577,2024-06-03,0.138271604938,0.003012048193,0.04833836858,0.140186915888,0.359712230216,0.190476190476,0.214285714286,0.314606741573,0.027027027027,0.652173913043,0.594444444444,0.333333333333,2024,0.8,3,0.434782608696,0,1.0,0
1578,2024-06-04,0.22962962963,0.021084337349,0.148036253776,0.392523364486,0.086330935252,0.380952380952,0.333333333333,0.359550561798,0.054054054054,0.565217391304,0.719444444444,0.287878787879,2024,0.8,4,0.391304347826,0,1.0,0
1579,2024-06-04,0.086419753086,0.0,0.02416918429,0.07476635514,0.31654676259,0.285714285714,0.22619047619,0.460674157303,0.027027027027,0.521739130435,0.847222222222,0.727272727273,2024,0.8,4,0.347826086957,0,1.0,0
1580,2024-06-04,0.081481481481,0.0,0.012084592145,0.03738317757,0.352517985612,0.231292517007,0.166666666667,0.438202247191,0.0,0.521739130435,0.863888888889,0.575757575758,2024,0.8,4,0.304347826087,0,1.0,0
1581,2024-06-04,0.079012345679,0.0,0.009063444109,0.028037383178,0.359712230216,0.108843537415,0.107142857143,0.426966292135,0.0,0.478260869565,0.894444444444,0.333333333333,2024,0.8,4,0.260869565217,0,1.0,0
1582,2024-06-04,0.088888888889,0.0,0.045317220544,0.140186915888,0.244604316547,0.081632653061,0.095238095238,0.460674157303,0.027027027027,0.478260869565,0.141666666667,0.19696969697,2024,0.8,4,0.173913043478,0,1.0,0
1583,2024-06-04,0.116049382716,0.003012048193,0.093655589124,0.289719626168,0.129496402878,0.170068027211,0.238095238095,0.460674157303,0.027027027027,0.478260869565,0.316666666667,0.212121212121,2024,0.8,4,0.130434782609,0,1.0,0
1584,2024-06-04,0.16049382716,0.015060240964,0.126888217523,0.345794392523,0.064748201439,0.183673469388,0.22619047619,0.483146067416,0.027027027027,0.478260869565,0.441666666667,0.227272727273,2024,0.8,4,0.04347826087,0,1.0,0
1585,2024-06-04,0.195061728395,0.036144578313,0.135951661631,0.308411214953,0.071942446043,0.190476190476,0.214285714286,0.494382022472,0.054054054054,0.478260869565,0.488888888889,0.287878787879,2024,0.8,4,0.0,0,0.99,0
1586,2024-06-04,0.19012345679,0.03313253012,0.117824773414,0.261682242991,0.129496402878,0.258503401361,0.214285714286,0.449438202247,0.054054054054,0.521739130435,0.377777777778,0.166666666667,2024,0.8,4,0.086956521739,0,0.94,0
1587,2024-06-04,0.214814814815,0.05421686747,0.16918429003,0.345794392523,0.172661870504,0.272108843537,0.22619047619,0.393258426966,0.081081081081,0.565217391304,0.180555555556,0.212121212121,2024,0.8,4,0.217391304348,0,0.97,0
1588,2024-06-04,0.264197530864,0.048192771084,0.175226586103,0.392523364486,0.251798561151,0.278911564626,0.261904761905,0.359550561798,0.108108108108,0.652173913043,0.236111111111,0.287878787879,2024,0.8,4,0.521739130435,0,0.98,0
1589,2024-06-04,0.20987654321,0.015060240964,0.099697885196,0.261682242991,0.496402877698,0.428571428571,0.345238095238,0.280898876404,0.081081081081,0.739130434783,0.213888888889,0.257575757576,2024,0.8,4,0.695652173913,0,0.99,0
1590,2024-06-04,0.172839506173,0.006024096386,0.060422960725,0.158878504673,0.647482014388,0.360544217687,0.321428571429,0.23595505618,0.054054054054,0.826086956522,0.022222222222,0.333333333333,2024,0.8,4,0.782608695652,0,1.0,0
1591,2024-06-04,0.162962962963,0.003012048193,0.04833836858,0.140186915888,0.834532374101,0.285714285714,0.285714285714,0.213483146067,0.054054054054,0.869565217391,0.063888888889,0.424242424242,2024,0.8,4,0.913043478261,0,0.99,0
1592,2024-06-04,0.123456790123,0.0,0.021148036254,0.065420560748,0.820143884892,0.333333333333,0.333333333333,0.168539325843,0.054054054054,0.913043478261,0.108333333333,0.363636363636,2024,0.8,4,1.0,0,1.0,0
1593,2024-06-04,0.135802469136,0.006024096386,0.045317220544,0.130841121495,0.611510791367,0.292517006803,0.345238095238,0.168539325843,0.027027027027,0.869565217391,0.861111111111,0.424242424242,2024,0.8,4,0.95652173913,0,0.95,0
1594,2024-06-04,0.177777777778,0.012048192771,0.069486404834,0.177570093458,0.410071942446,0.21768707483,0.190476190476,0.224719101124,0.027027027027,0.782608695652,0.727777777778,0.893939393939,2024,0.8,4,0.869565217391,0,0.98,0
1595,2024-06-04,0.18024691358,0.009036144578,0.075528700906,0.214953271028,0.388489208633,0.442176870748,0.190476190476,0.269662921348,0.027027027027,0.695652173913,0.508333333333,0.772727272727,2024,0.8,4,0.826086956522,0,0.98,0
1596,2024-06-04,0.135802469136,0.006024096386,0.04833836858,0.130841121495,0.388489208633,0.244897959184,0.178571428571,0.303370786517,0.0,0.695652173913,0.458333333333,0.712121212121,2024,0.8,4,0.739130434783,0,1.0,0
1597,2024-06-04,0.153086419753,0.003012048193,0.04833836858,0.14953271028,0.374100719424,0.197278911565,0.119047619048,0.337078651685,0.0,0.652173913043,0.430555555556,0.515151515152,2024,0.8,4,0.652173913043,0,1.0,0
1598,2024-06-04,0.167901234568,0.003012048193,0.066465256798,0.196261682243,0.302158273381,0.272108843537,0.190476190476,0.325842696629,0.027027027027,0.608695652174,0.469444444444,0.242424242424,2024,0.8,4,0.608695652174,0,0.99,0
1599,2024-06-04,0.212345679012,0.009036144578,0.111782477341,0.317757009346,0.201438848921,0.190476190476,0.190476190476,0.314606741573,0.027027027027,0.608695652174,0.936111111111,0.227272727273,2024,0.8,4,0.565217391304,0,1.0,0
1600,2024-06-04,0.227160493827,0.021084337349,0.148036253776,0.392523364486,0.172661870504,0.170068027211,0.142857142857,0.337078651685,0.027027027027,0.608695652174,0.969444444444,0.318181818182,2024,0.8,4,0.478260869565,0,1.0,0
1601,2024-06-04,0.19012345679,0.006024096386,0.09667673716,0.280373831776,0.194244604317,0.299319727891,0.238095238095,0.348314606742,0.027027027027,0.565217391304,0.947222222222,0.242424242424,2024,0.8,4,0.434782608696,0,1.0,0
1602,2024-06-05,0.18024691358,0.009036144578,0.108761329305,0.308411214953,0.136690647482,0.360544217687,0.27380952381,0.370786516854,0.054054054054,0.565217391304,0.866666666667,0.242424242424,2024,0.8,5,0.347826086957,0,1.0,0
1603,2024-06-05,0.167901234568,0.006024096386,0.12084592145,0.355140186916,0.086330935252,0.326530612245,0.285714285714,0.38202247191,0.027027027027,0.521739130435,0.133333333333,0.166666666667,2024,0.8,5,0.304347826087,0,1.0,0
1604,2024-06-05,0.138271604938,0.006024096386,0.084592145015,0.233644859813,0.158273381295,0.299319727891,0.285714285714,0.415730337079,0.027027027027,0.521739130435,0.047222222222,0.121212121212,2024,0.8,5,0.260869565217,0,1.0,0
1605,2024-06-05,0.158024691358,0.009036144578,0.090634441088,0.252336448598,0.129496402878,0.340136054422,0.285714285714,0.438202247191,0.027027027027,0.478260869565,0.619444444444,0.136363636364,2024,0.8,5,0.173913043478,0,1.0,0
1606,2024-06-05,0.207407407407,0.051204819277,0.181268882175,0.401869158879,0.028776978417,0.30612244898,0.321428571429,0.449438202247,0.054054054054,0.478260869565,0.541666666667,0.106060606061,2024,0.8,5,0.130434782609,0,1.0,0
1607,2024-06-05,0.320987654321,0.189759036145,0.317220543807,0.392523364486,0.021582733813,0.299319727891,0.309523809524,0.483146067416,0.054054054054,0.434782608696,0.338888888889,,2024,0.8,5,0.04347826087,0,1.0,0
1608,2024-06-05,0.498765432099,0.298192771084,0.432024169184,0.411214953271,0.021582733813,0.251700680272,0.27380952381,0.483146067416,0.081081081081,0.434782608696,0.163888888889,0.136363636364,2024,0.8,5,0.0,0,0.99,0
1609,2024-06-05,0.397530864198,0.271084337349,0.422960725076,0.467289719626,0.035971223022,0.401360544218,0.380952380952,0.494382022472,0.108108108108,0.478260869565,0.208333333333,0.212121212121,2024,0.8,5,0.086956521739,0,1.0,0
1610,2024-06-05,0.333333333333,0.126506024096,0.305135951662,0.551401869159,0.10071942446,0.557823129252,0.47619047619,0.404494382022,0.081081081081,0.521739130435,0.375,0.212121212121,2024,0.8,5,0.217391304348,0,0.99,0
1611,2024-06-05,0.234567901235,0.045180722892,0.178247734139,0.411214953271,0.258992805755,0.510204081633,0.52380952381,0.337078651685,0.081081081081,0.608695652174,0.1,0.242424242424,2024,0.8,5,0.521739130435,0,0.97,0
1612,2024-06-05,0.197530864198,0.024096385542,0.135951661631,0.345794392523,0.410071942446,0.455782312925,0.440476190476,0.269662921348,0.054054054054,0.695652173913,0.175,0.257575757576,2024,0.8,5,0.695652173913,0,0.98,0
1613,2024-06-05,0.140740740741,0.006024096386,0.04833836858,0.130841121495,0.575539568345,0.401360544218,0.464285714286,0.202247191011,0.054054054054,0.782608695652,0.077777777778,0.318181818182,2024,0.8,5,0.782608695652,0,0.95,0
1614,2024-06-05,0.165432098765,0.006024096386,0.054380664653,0.14953271028,0.676258992806,0.312925170068,0.357142857143,0.168539325843,0.027027027027,0.869565217391,0.816666666667,0.333333333333,2024,0.8,5,0.913043478261,0,0.98,0
1615,2024-06-05,0.187654320988,0.003012048193,0.066465256798,0.196261682243,0.877697841727,0.292517006803,0.321428571429,0.157303370787,0.054054054054,0.869565217391,0.958333333333,0.393939393939,2024,0.8,5,1.0,0,0.96,0
1616,2024-06-05,0.130864197531,0.006024096386,0.045317220544,0.121495327103,0.597122302158,0.340136054422,0.333333333333,0.123595505618,0.054054054054,0.913043478261,0.019444444444,0.515151515152,2024,0.8,5,0.95652173913,0,0.96,0
1617,2024-06-05,0.138271604938,0.009036144578,0.060422960725,0.158878504673,0.525179856115,0.272108843537,0.22619047619,0.112359550562,0.081081081081,0.913043478261,0.980555555556,0.393939393939,2024,0.8,5,0.869565217391,0,0.95,0
1618,2024-06-05,0.17037037037,0.009036144578,0.069486404834,0.18691588785,0.568345323741,0.244897959184,0.238095238095,0.123595505618,0.135135135135,0.913043478261,0.891666666667,0.469696969697,2024,0.8,5,0.826086956522,0,0.97,0
1619,2024-06-05,0.135802469136,0.009036144578,0.07250755287,0.196261682243,0.467625899281,0.319727891156,0.321428571429,0.191011235955,0.081081081081,0.869565217391,0.111111111111,0.742424242424,2024,0.8,5,0.739130434783,0,0.97,0
1620,2024-06-05,0.162962962963,0.009036144578,0.078549848943,0.224299065421,0.309352517986,0.489795918367,0.333333333333,0.404494382022,0.027027027027,0.608695652174,0.288888888889,0.606060606061,2024,0.8,5,0.652173913043,0,0.97,0
1621,2024-06-05,0.165432098765,0.003012048193,0.054380664653,0.168224299065,0.36690647482,0.428571428571,0.345238095238,0.404494382022,0.027027027027,0.565217391304,0.427777777778,0.560606060606,2024,0.8,5,0.608695652174,0,0.98,0
1622,2024-06-05,0.155555555556,0.0,0.054380664653,0.168224299065,0.424460431655,0.34693877551,0.309523809524,0.426966292135,0.027027027027,0.565217391304,0.372222222222,0.19696969697,2024,0.8,5,0.565217391304,0,0.97,0
1623,2024-06-05,0.195061728395,0.0,0.099697885196,0.308411214953,0.309352517986,0.278911564626,0.321428571429,0.426966292135,0.027027027027,0.565217391304,0.416666666667,0.242424242424,2024,0.8,5,0.478260869565,0,1.0,0
1624,2024-06-05,0.217283950617,0.003012048193,0.099697885196,0.299065420561,0.26618705036,0.292517006803,0.333333333333,0.460674157303,0.027027027027,0.521739130435,0.4,,2024,0.8,5,0.434782608696,0,1.0,0
1625,2024-06-06,0.150617283951,0.0,0.045317220544,0.140186915888,0.287769784173,0.34693877551,0.369047619048,0.359550561798,,0.565217391304,0.366666666667,0.333333333333,2024,0.8,6,0.391304347826,0,1.0,0
1626,2024-06-06,0.232098765432,0.006024096386,0.135951661631,0.401869158879,0.158273381295,0.238095238095,0.333333333333,0.438202247191,0.027027027027,0.565217391304,0.919444444444,0.212121212121,2024,0.8,6,0.347826086957,0,1.0,0
1627,2024-06-06,0.162962962963,0.009036144578,0.123867069486,0.355140186916,0.115107913669,0.326530612245,0.380952380952,0.438202247191,0.081081081081,0.521739130435,0.908333333333,0.318181818182,2024,0.8,6,0.304347826087,0,1.0,0
1628,2024-06-06,0.185185185185,0.006024096386,0.12084592145,0.355140186916,0.079136690647,0.312925170068,0.345238095238,0.505617977528,0.027027027027,0.478260869565,0.319444444444,0.227272727273,2024,0.8,6,0.260869565217,0,1.0,0
1629,2024-06-06,0.187654320988,0.006024096386,0.108761329305,0.317757009346,0.071942446043,0.353741496599,0.357142857143,0.550561797753,0.027027027027,0.434782608696,0.358333333333,0.166666666667,2024,0.8,6,0.173913043478,0,1.0,0
1630,2024-06-06,0.2,0.024096385542,0.14501510574,0.373831775701,0.035971223022,0.380952380952,0.404761904762,0.573033707865,0.027027027027,0.391304347826,0.041666666667,0.090909090909,2024,0.8,6,0.130434782609,0,1.0,0
1631,2024-06-06,0.254320987654,0.102409638554,0.250755287009,0.448598130841,0.021582733813,0.401360544218,0.464285714286,0.573033707865,0.054054054054,0.391304347826,0.052777777778,0.19696969697,2024,0.8,6,0.04347826087,0,1.0,0
1632,2024-06-06,0.353086419753,0.298192771084,0.444108761329,0.457943925234,0.021582733813,0.537414965986,0.547619047619,0.561797752809,0.081081081081,0.391304347826,0.244444444444,0.136363636364,2024,0.8,6,0.0,0,0.95,0
1633,2024-06-06,0.269135802469,0.240963855422,0.392749244713,0.467289719626,0.035971223022,0.605442176871,0.595238095238,0.52808988764,0.135135135135,0.391304347826,0.219444444444,0.272727272727,2024,0.8,6,0.086956521739,0,0.91,0
1634,2024-06-06,0.244444444444,0.093373493976,0.247734138973,0.476635514019,0.122302158273,0.503401360544,0.52380952381,0.483146067416,0.081081081081,0.478260869565,0.216666666667,0.212121212121,2024,0.8,6,0.217391304348,0,0.91,0
1635,2024-06-06,0.214814814815,0.045180722892,0.175226586103,0.392523364486,0.287769784173,0.52380952381,0.630952380952,0.404494382022,0.081081081081,0.608695652174,0.308333333333,,2024,0.8,6,0.521739130435,0,1.0,0
1636,2024-06-06,0.202469135802,0.012048192771,0.090634441088,0.242990654206,0.510791366906,0.482993197279,0.547619047619,0.314606741573,0.054054054054,0.652173913043,0.163888888889,0.257575757576,2024,0.8,6,0.695652173913,0,0.97,0
1637,2024-06-06,0.150617283951,0.009036144578,0.051359516616,0.140186915888,0.568345323741,0.43537414966,0.547619047619,0.213483146067,0.054054054054,0.782608695652,0.013888888889,0.378787878788,2024,0.8,6,0.782608695652,0,0.99,0
1638,2024-06-06,0.140740740741,0.006024096386,0.042296072508,0.121495327103,0.604316546763,0.258503401361,0.309523809524,0.168539325843,0.027027027027,0.826086956522,0.997222222222,0.333333333333,2024,0.8,6,0.913043478261,0,0.97,0
1639,2024-06-06,0.123456790123,0.003012048193,0.033232628399,0.093457943925,0.618705035971,0.210884353741,0.22619047619,0.14606741573,0.027027027027,0.869565217391,0.005555555556,0.484848484848,2024,0.8,6,1.0,0,0.99,0
1640,2024-06-06,0.133333333333,0.009036144578,0.045317220544,0.11214953271,0.539568345324,0.238095238095,0.214285714286,0.123595505618,0.027027027027,0.913043478261,0.888888888889,0.5,2024,0.8,6,0.95652173913,0,0.93,0
1641,2024-06-06,0.133333333333,0.012048192771,0.051359516616,0.121495327103,0.467625899281,0.244897959184,0.190476190476,0.123595505618,0.027027027027,0.95652173913,0.969444444444,0.515151515152,2024,0.8,6,0.869565217391,0,0.95,0
1642,2024-06-06,0.120987654321,0.012048192771,0.057401812689,0.140186915888,0.395683453237,0.299319727891,0.261904761905,0.14606741573,0.027027027027,0.869565217391,0.047222222222,0.575757575758,2024,0.8,6,0.826086956522,0,0.99,0
1643,2024-06-06,0.138271604938,0.0,0.042296072508,0.130841121495,0.453237410072,0.292517006803,0.214285714286,0.23595505618,0.027027027027,0.782608695652,0.327777777778,0.560606060606,2024,0.8,6,0.739130434783,0,0.94,0
1644,2024-06-06,0.195061728395,0.03313253012,0.102719033233,0.214953271028,0.251798561151,0.401360544218,0.27380952381,0.269662921348,,0.695652173913,0.747222222222,0.409090909091,2024,0.8,6,0.652173913043,0,0.99,0
1645,2024-06-06,0.155555555556,0.012048192771,0.075528700906,0.205607476636,0.26618705036,0.272108843537,0.22619047619,0.292134831461,,0.652173913043,0.019444444444,0.5,2024,0.8,6,0.608695652174,0,0.99,0
1646,2024-06-06,0.118518518519,0.003012048193,0.051359516616,0.14953271028,0.251798561151,0.30612244898,0.261904761905,0.258426966292,,0.652173913043,0.075,0.651515151515,2024,0.8,6,0.565217391304,0,1.0,0
1647,2024-06-06,0.155555555556,0.018072289157,0.093655589124,0.233644859813,0.244604316547,0.285714285714,0.202380952381,0.325842696629,,0.652173913043,0.194444444444,0.439393939394,2024,0.8,6,0.478260869565,0,1.0,0
1648,2024-06-06,0.148148148148,0.006024096386,0.057401812689,0.158878504673,0.323741007194,0.374149659864,0.392857142857,0.325842696629,,0.608695652174,0.286111111111,0.363636363636,2024,0.8,6,0.434782608696,0,1.0,0
1649,2024-06-07,0.244444444444,0.012048192771,0.114803625378,0.317757009346,0.158273381295,0.210884353741,0.27380952381,0.415730337079,,0.521739130435,0.830555555556,0.19696969697,2024,0.8,7,0.391304347826,0,1.0,0
1650,2024-06-07,0.165432098765,0.0,0.063444108761,0.196261682243,0.215827338129,0.258503401361,0.345238095238,0.370786516854,,0.565217391304,0.427777777778,0.136363636364,2024,0.8,7,0.347826086957,0,1.0,0
1651,2024-06-07,0.172839506173,0.003012048193,0.081570996979,0.233644859813,0.172661870504,0.292517006803,0.321428571429,0.415730337079,,0.521739130435,0.894444444444,0.19696969697,2024,0.8,7,0.304347826087,0,1.0,0
1652,2024-06-07,0.155555555556,0.003012048193,0.039274924471,0.11214953271,0.237410071942,0.34693877551,0.404761904762,0.494382022472,,0.478260869565,0.797222222222,0.424242424242,2024,0.8,7,0.260869565217,0,1.0,0
1653,2024-06-07,0.148148148148,0.003012048193,0.036253776435,0.11214953271,0.223021582734,0.482993197279,0.630952380952,0.505617977528,,0.478260869565,0.880555555556,0.424242424242,2024,0.8,7,0.173913043478,0,1.0,0
1654,2024-06-07,0.162962962963,0.009036144578,0.078549848943,0.214953271028,0.143884892086,0.462585034014,0.595238095238,0.561797752809,,0.434782608696,0.877777777778,0.287878787879,2024,0.8,7,0.130434782609,0,1.0,0
1655,2024-06-07,0.224691358025,0.048192771084,0.172205438066,0.383177570093,0.035971223022,0.551020408163,0.654761904762,0.573033707865,,0.434782608696,0.944444444444,0.212121212121,2024,0.8,7,0.04347826087,0,1.0,0
1656,2024-06-07,0.276543209877,0.10843373494,0.229607250755,0.373831775701,0.028776978417,0.482993197279,0.630952380952,0.505617977528,,0.434782608696,0.980555555556,0.242424242424,2024,0.8,7,0.0,0,0.98,0
1657,2024-06-07,0.298765432099,0.126506024096,0.250755287009,0.383177570093,0.057553956835,0.414965986395,0.511904761905,0.52808988764,,0.478260869565,0.811111111111,0.378787878788,2024,0.8,7,0.086956521739,0,0.88,0
1658,2024-06-07,0.264197530864,0.081325301205,0.202416918429,0.373831775701,0.122302158273,0.578231292517,0.702380952381,0.47191011236,,0.521739130435,0.761111111111,0.30303030303,2024,0.8,7,0.217391304348,0,0.98,0
1659,2024-06-07,0.22962962963,0.021084337349,0.099697885196,0.242990654206,0.345323741007,0.537414965986,0.630952380952,0.393258426966,,0.565217391304,0.555555555556,0.19696969697,2024,0.8,7,0.521739130435,0,0.98,0
1660,2024-06-07,0.17037037037,0.003012048193,0.04833836858,0.140186915888,0.575539568345,0.530612244898,0.607142857143,0.314606741573,,0.652173913043,0.325,0.227272727273,2024,0.8,7,0.695652173913,0,1.0,0
1661,2024-06-07,0.128395061728,0.006024096386,0.04833836858,0.130841121495,0.553956834532,0.428571428571,0.535714285714,0.202247191011,,0.739130434783,0.138888888889,0.318181818182,2024,0.8,7,0.782608695652,0,0.95,0
1662,2024-06-07,0.138271604938,0.006024096386,0.045317220544,0.130841121495,0.68345323741,0.285714285714,0.321428571429,0.168539325843,,0.782608695652,0.022222222222,0.348484848485,2024,0.8,7,0.913043478261,0,0.95,0
1663,2024-06-07,0.108641975309,0.006024096386,0.039274924471,0.102803738318,0.63309352518,0.312925170068,0.357142857143,0.134831460674,,0.826086956522,0.063888888889,0.454545454545,2024,0.8,7,1.0,0,0.96,0
1664,2024-06-07,0.113580246914,0.006024096386,0.033232628399,0.084112149533,0.568345323741,0.251700680272,0.238095238095,0.112359550562,,0.869565217391,0.980555555556,0.378787878788,2024,0.8,7,0.95652173913,0,0.94,0
1665,2024-06-07,,0.006024096386,0.02416918429,,,,,0.123595505618,,0.869565217391,0.044444444444,0.621212121212,2024,0.8,7,0.869565217391,0,0.96,0
1666,2024-06-07,0.162962962963,0.009036144578,0.057401812689,0.158878504673,0.41726618705,,,0.224719101124,,0.782608695652,0.002777777778,0.757575757576,2024,0.8,7,0.826086956522,0,1.0,0
1667,2024-06-07,0.138271604938,0.006024096386,0.045317220544,0.121495327103,0.36690647482,,,0.23595505618,,0.782608695652,0.038888888889,0.848484848485,2024,0.8,7,0.739130434783,0,1.0,0
1668,2024-06-07,0.138271604938,0.009036144578,0.063444108761,0.177570093458,0.280575539568,,,0.303370786517,,0.695652173913,0.091666666667,0.772727272727,2024,0.8,7,0.652173913043,0,0.99,0
1669,2024-06-07,0.143209876543,0.009036144578,0.075528700906,0.205607476636,0.244604316547,,,0.348314606742,,0.652173913043,0.302777777778,0.666666666667,2024,0.8,7,0.608695652174,0,0.95,0
1670,2024-06-07,0.187654320988,0.003012048193,0.054380664653,0.168224299065,0.31654676259,0.285714285714,0.190476190476,0.426966292135,,0.565217391304,0.422222222222,0.424242424242,2024,0.8,7,0.565217391304,0,0.99,0
1671,2024-06-07,0.217283950617,0.003012048193,0.066465256798,0.196261682243,0.302158273381,0.258503401361,0.238095238095,0.449438202247,,0.521739130435,0.525,0.212121212121,2024,0.8,7,0.478260869565,0,1.0,0
1672,2024-06-07,0.251851851852,0.018072289157,0.123867069486,0.327102803738,0.201438848921,0.231292517007,0.27380952381,0.415730337079,,0.521739130435,0.569444444444,0.166666666667,2024,0.8,7,0.434782608696,0,1.0,0
1673,2024-06-08,0.256790123457,,,,,0.285714285714,0.369047619048,0.629213483146,,0.478260869565,0.969444444444,0.181818181818,2024,0.8,8,0.391304347826,0,1.0,0
1674,2024-06-08,0.202469135802,0.015060240964,0.117824773414,0.308411214953,0.079136690647,0.251700680272,0.27380952381,0.426966292135,,0.521739130435,0.866666666667,0.287878787879,2024,0.8,8,0.347826086957,0,1.0,0
1675,2024-06-08,0.177777777778,0.006024096386,0.069486404834,0.205607476636,0.129496402878,0.353741496599,0.321428571429,0.483146067416,,0.478260869565,0.811111111111,0.242424242424,2024,0.8,8,0.304347826087,0,1.0,0
1676,2024-06-08,0.18024691358,0.015060240964,0.108761329305,0.289719626168,0.071942446043,0.333333333333,0.321428571429,0.505617977528,,0.434782608696,0.911111111111,0.257575757576,2024,0.8,8,0.260869565217,0,1.0,0
1677,2024-06-08,0.195061728395,0.05421686747,0.151057401813,0.299065420561,0.057553956835,0.367346938776,0.369047619048,0.494382022472,,0.434782608696,0.052777777778,0.19696969697,2024,0.8,8,0.173913043478,0,1.0,0
1678,2024-06-08,0.217283950617,0.090361445783,0.196374622356,0.327102803738,0.028776978417,0.360544217687,0.369047619048,0.516853932584,,0.391304347826,0.827777777778,0.166666666667,2024,0.8,8,0.130434782609,0,1.0,0
1679,2024-06-08,0.17037037037,0.039156626506,0.135951661631,0.299065420561,0.057553956835,0.394557823129,0.392857142857,0.494382022472,,0.391304347826,0.933333333333,,2024,0.8,8,0.04347826087,0,1.0,0
1680,2024-06-08,0.254320987654,0.168674698795,0.280966767372,0.345794392523,0.021582733813,0.30612244898,0.380952380952,0.561797752809,,0.391304347826,0.086111111111,0.19696969697,2024,0.8,8,0.0,0,1.0,0
1681,2024-06-08,0.21975308642,0.072289156627,0.166163141994,0.289719626168,0.064748201439,0.401360544218,0.428571428571,0.539325842697,,0.434782608696,0.097222222222,0.181818181818,2024,0.8,8,0.086956521739,0,1.0,0
1682,2024-06-08,0.244444444444,0.093373493976,0.214501510574,0.373831775701,0.107913669065,0.408163265306,0.440476190476,0.47191011236,,0.478260869565,0.141666666667,0.212121212121,2024,0.8,8,0.217391304348,0,0.99,0
1683,2024-06-08,0.192592592593,0.045180722892,0.151057401813,0.327102803738,0.237410071942,0.428571428571,0.47619047619,0.393258426966,,0.565217391304,0.244444444444,0.257575757576,2024,0.8,8,0.521739130435,0,1.0,0
1684,2024-06-08,0.16049382716,0.018072289157,0.084592145015,0.205607476636,0.388489208633,0.414965986395,0.47619047619,0.348314606742,,0.608695652174,0.194444444444,0.318181818182,2024,0.8,8,0.695652173913,0,0.97,0
1685,2024-06-08,0.158024691358,0.009036144578,0.060422960725,0.158878504673,0.553956834532,0.353741496599,0.416666666667,0.303370786517,,0.695652173913,0.030555555556,0.287878787879,2024,0.8,8,0.782608695652,0,0.95,0
1686,2024-06-08,0.125925925926,0.006024096386,0.045317220544,0.121495327103,0.611510791367,0.34693877551,0.404761904762,0.213483146067,,0.739130434783,0.094444444444,0.348484848485,2024,0.8,8,0.913043478261,0,0.91,0
1687,2024-06-08,0.130864197531,0.003012048193,0.033232628399,0.093457943925,0.676258992806,0.265306122449,0.285714285714,0.191011235955,,0.826086956522,0.025,0.318181818182,2024,0.8,8,1.0,0,0.99,0
1688,2024-06-08,0.123456790123,0.003012048193,0.030211480363,0.084112149533,0.726618705036,0.231292517007,0.238095238095,0.179775280899,,0.826086956522,0.127777777778,0.393939393939,2024,0.8,8,0.95652173913,0,0.99,0
1689,2024-06-08,0.116049382716,0.0,0.015105740181,0.046728971963,0.661870503597,0.285714285714,0.345238095238,0.213483146067,,0.826086956522,0.319444444444,0.5,2024,0.8,8,0.869565217391,0,0.97,0
1690,2024-06-08,0.140740740741,0.0,0.021148036254,0.065420560748,0.525179856115,0.34693877551,0.321428571429,0.303370786517,,0.739130434783,0.366666666667,0.772727272727,2024,0.8,8,0.826086956522,0,0.99,0
1691,2024-06-08,0.172839506173,0.003012048193,0.039274924471,0.11214953271,0.510791366906,0.571428571429,0.369047619048,0.348314606742,,0.695652173913,0.580555555556,0.606060606061,2024,0.8,8,0.739130434783,0,0.99,0
1692,2024-06-08,0.21975308642,0.009036144578,0.078549848943,0.214953271028,0.287769784173,0.353741496599,0.369047619048,0.797752808989,,0.391304347826,0.963888888889,0.636363636364,2024,0.8,8,0.652173913043,0,1.0,0
1693,2024-06-08,0.251851851852,0.015060240964,0.102719033233,0.271028037383,0.244604316547,0.367346938776,0.392857142857,0.752808988764,,0.391304347826,0.9,0.378787878788,2024,0.8,8,0.608695652174,0,1.0,0
1694,2024-06-08,0.222222222222,0.009036144578,0.084592145015,0.233644859813,0.31654676259,0.224489795918,0.369047619048,0.629213483146,,0.478260869565,0.836111111111,0.333333333333,2024,0.8,8,0.565217391304,0,1.0,0
1695,2024-06-08,0.251851851852,0.006024096386,0.111782477341,0.327102803738,0.165467625899,0.258503401361,0.309523809524,0.640449438202,,0.434782608696,0.002777777778,0.19696969697,2024,0.8,8,0.434782608696,0,1.0,0
1696,2024-06-09,0.18024691358,0.003012048193,0.054380664653,0.158878504673,0.187050359712,0.122448979592,0.190476190476,0.876404494382,,0.304347826087,0.441666666667,0.166666666667,2024,0.8,9,0.391304347826,0,1.0,0
1697,2024-06-09,,,,,,0.333333333333,0.369047619048,0.629213483146,,0.478260869565,0.061111111111,0.166666666667,2024,0.8,9,0.347826086957,0,1.0,0
1698,2024-06-09,,,,,,0.251700680272,0.321428571429,0.662921348315,,0.434782608696,0.047222222222,0.181818181818,2024,0.8,9,0.304347826087,0,1.0,0
1699,2024-06-09,,,,,,0.326530612245,0.392857142857,0.685393258427,,0.434782608696,0.116666666667,0.106060606061,2024,0.8,9,0.260869565217,0,1.0,0
1700,2024-06-09,0.281481481481,0.027108433735,0.154078549849,0.383177570093,0.028776978417,0.312925170068,0.416666666667,0.730337078652,,0.391304347826,0.075,0.151515151515,2024,0.8,9,0.173913043478,0,1.0,0
1701,2024-06-09,0.256790123457,0.036144578313,0.154078549849,0.364485981308,0.021582733813,0.319727891156,0.380952380952,0.741573033708,,0.391304347826,0.094444444444,0.19696969697,2024,0.8,9,0.130434782609,0,1.0,0
1702,2024-06-09,0.234567901235,0.111445783133,0.232628398792,0.373831775701,0.014388489209,0.34693877551,0.416666666667,0.707865168539,,0.391304347826,0.238888888889,0.227272727273,2024,0.8,9,0.04347826087,0,1.0,0
1703,2024-06-09,0.224691358025,0.099397590361,0.21752265861,0.364485981308,0.028776978417,0.353741496599,0.404761904762,0.719101123596,,0.391304347826,0.258333333333,0.166666666667,2024,0.8,9,0.0,0,1.0,0
1704,2024-06-09,0.217283950617,0.060240963855,0.154078549849,0.289719626168,0.093525179856,0.394557823129,0.47619047619,0.674157303371,,0.434782608696,0.272222222222,0.181818181818,2024,0.8,9,0.086956521739,0,1.0,0
1705,2024-06-09,0.222222222222,0.063253012048,0.163141993958,0.308411214953,0.143884892086,0.387755102041,0.488095238095,0.640449438202,,0.478260869565,0.058333333333,0.19696969697,2024,0.8,9,0.217391304348,0,1.0,0
1706,2024-06-09,0.185185185185,0.015060240964,0.07250755287,0.177570093458,0.352517985612,0.421768707483,0.511904761905,0.561797752809,,0.565217391304,0.111111111111,0.212121212121,2024,0.8,9,0.521739130435,0,1.0,0
1707,2024-06-09,0.17037037037,0.012048192771,0.075528700906,0.196261682243,0.510791366906,0.421768707483,0.547619047619,0.47191011236,,0.608695652174,0.036111111111,0.257575757576,2024,0.8,9,0.695652173913,0,1.0,0
1708,2024-06-09,0.158024691358,0.006024096386,0.045317220544,0.121495327103,0.690647482014,0.401360544218,0.535714285714,0.393258426966,,0.695652173913,0.972222222222,0.318181818182,2024,0.8,9,0.782608695652,0,1.0,0
1709,2024-06-09,0.165432098765,0.003012048193,0.045317220544,0.140186915888,0.942446043165,0.387755102041,0.535714285714,0.370786516854,,0.739130434783,0.094444444444,0.378787878788,2024,0.8,9,0.913043478261,0,1.0,0
1710,2024-06-09,0.150617283951,0.0,0.033232628399,0.093457943925,0.863309352518,0.414965986395,0.571428571429,0.348314606742,,0.739130434783,0.111111111111,0.363636363636,2024,0.8,9,1.0,0,1.0,0
1711,2024-06-09,0.118518518519,0.003012048193,0.030211480363,0.084112149533,0.618705035971,0.414965986395,0.547619047619,0.303370786517,,0.782608695652,0.038888888889,0.30303030303,2024,0.8,9,0.95652173913,0,1.0,0
1712,2024-06-09,0.207407407407,0.006024096386,0.07250755287,0.196261682243,0.424460431655,0.285714285714,0.380952380952,0.415730337079,,0.695652173913,0.572222222222,0.5,2024,0.8,9,0.869565217391,0,1.0,0
1713,2024-06-09,0.197530864198,0.006024096386,0.060422960725,0.168224299065,0.402877697842,0.299319727891,0.309523809524,0.674157303371,,0.521739130435,0.716666666667,0.515151515152,2024,0.8,9,0.826086956522,0,1.0,0
1714,2024-06-09,0.249382716049,0.006024096386,0.078549848943,0.224299065421,0.244604316547,0.326530612245,0.392857142857,0.887640449438,,0.347826086957,0.511111111111,0.454545454545,2024,0.8,9,0.739130434783,0,1.0,0
1715,2024-06-09,0.246913580247,0.006024096386,0.090634441088,0.261682242991,0.208633093525,0.204081632653,0.321428571429,0.865168539326,,0.347826086957,0.305555555556,0.333333333333,2024,0.8,9,0.652173913043,0,1.0,0
1716,2024-06-09,0.207407407407,0.003012048193,0.063444108761,0.18691588785,0.237410071942,0.176870748299,0.321428571429,0.921348314607,,0.347826086957,0.038888888889,0.5,2024,0.8,9,0.608695652174,0,1.0,0
1717,2024-06-09,0.185185185185,0.006024096386,0.04833836858,0.140186915888,0.237410071942,0.197278911565,0.261904761905,0.932584269663,,0.260869565217,0.886111111111,0.287878787879,2024,0.8,9,0.565217391304,0,0.99,0
1718,2024-06-09,0.17037037037,0.003012048193,0.045317220544,0.130841121495,0.223021582734,0.122448979592,0.166666666667,0.921348314607,,0.304347826087,0.819444444444,0.19696969697,2024,0.8,9,0.478260869565,0,1.0,0
1719,2024-06-09,0.182716049383,0.003012048193,0.066465256798,0.196261682243,0.172661870504,0.115646258503,0.178571428571,0.898876404494,,0.304347826087,0.475,0.242424242424,2024,0.8,9,0.434782608696,0,1.0,0
1720,2024-06-10,0.135802469136,0.003012048193,0.027190332326,0.07476635514,0.294964028777,0.272108843537,0.345238095238,0.505617977528,,0.434782608696,0.977777777778,0.393939393939,2024,0.8,10,0.391304347826,0,1.0,0
1721,2024-06-10,0.187654320988,0.003012048193,0.069486404834,0.205607476636,0.107913669065,0.095238095238,0.166666666667,0.887640449438,,0.347826086957,0.297222222222,0.121212121212,2024,0.8,10,0.347826086957,0,1.0,0
1722,2024-06-10,0.217283950617,0.015060240964,0.135951661631,0.373831775701,0.043165467626,0.170068027211,0.25,0.876404494382,,0.304347826087,0.016666666667,,2024,0.8,10,0.304347826087,0,1.0,0
1723,2024-06-10,0.2,0.003012048193,0.093655589124,0.271028037383,0.079136690647,0.156462585034,0.214285714286,0.898876404494,,0.304347826087,0.061111111111,0.166666666667,2024,0.8,10,0.260869565217,0,1.0,0
1724,2024-06-10,0.2,0.003012048193,0.069486404834,0.205607476636,0.086330935252,0.21768707483,0.309523809524,0.898876404494,,0.304347826087,0.127777777778,0.121212121212,2024,0.8,10,0.173913043478,0,1.0,0
1725,2024-06-10,0.192592592593,0.05421686747,0.135951661631,0.261682242991,0.05035971223,0.21768707483,0.369047619048,0.898876404494,,0.304347826087,0.163888888889,0.227272727273,2024,0.8,10,0.130434782609,0,1.0,0
1726,2024-06-10,0.232098765432,0.102409638554,0.196374622356,0.289719626168,0.014388489209,0.299319727891,0.440476190476,0.910112359551,,0.304347826087,0.097222222222,0.075757575758,2024,0.8,10,0.04347826087,0,1.0,0
1727,2024-06-10,0.279012345679,0.102409638554,0.196374622356,0.289719626168,0.021582733813,0.265306122449,0.392857142857,0.887640449438,,0.347826086957,0.044444444444,0.060606060606,2024,0.8,10,0.0,0,1.0,0
1728,2024-06-10,0.281481481481,0.072289156627,0.178247734139,0.327102803738,0.064748201439,0.265306122449,0.369047619048,0.820224719101,,0.391304347826,0.336111111111,0.106060606061,2024,0.8,10,0.086956521739,0,0.92,0
1729,2024-06-10,0.316049382716,0.084337349398,0.208459214502,0.383177570093,0.115107913669,0.333333333333,0.47619047619,0.741573033708,,0.434782608696,0.988888888889,0.19696969697,2024,0.8,10,0.217391304348,0,0.98,0
1730,2024-06-10,0.279012345679,0.039156626506,0.141993957704,0.317757009346,0.251798561151,0.380952380952,0.535714285714,0.640449438202,,0.521739130435,0.975,0.318181818182,2024,0.8,10,0.521739130435,0,0.99,0
1731,2024-06-10,0.269135802469,0.021084337349,0.126888217523,0.327102803738,0.438848920863,0.408163265306,0.488095238095,0.516853932584,0.216216216216,0.565217391304,0.05,,2024,0.8,10,0.695652173913,0,0.97,0
1732,2024-06-10,0.204938271605,0.009036144578,0.078549848943,0.214953271028,0.561151079137,0.43537414966,0.607142857143,0.449438202247,,0.652173913043,0.091666666667,0.424242424242,2024,0.8,10,0.782608695652,0,0.94,0
1733,2024-06-10,0.123456790123,0.006024096386,0.033232628399,0.084112149533,0.489208633094,0.401360544218,0.52380952381,0.314606741573,,0.695652173913,0.072222222222,0.606060606061,2024,0.8,10,0.913043478261,0,0.96,0
1734,2024-06-10,0.138271604938,0.006024096386,0.030211480363,0.07476635514,0.532374100719,0.163265306122,0.166666666667,0.314606741573,,0.739130434783,0.988888888889,0.621212121212,2024,0.8,10,1.0,0,0.98,0
1735,2024-06-10,0.145679012346,0.009036144578,0.045317220544,0.11214953271,0.539568345324,0.176870748299,0.178571428571,0.303370786517,,0.782608695652,0.991666666667,0.590909090909,2024,0.8,10,0.95652173913,0,0.99,0
1736,2024-06-10,0.16049382716,0.015060240964,0.069486404834,0.168224299065,0.41726618705,0.183673469388,0.202380952381,0.280898876404,,0.782608695652,0.997222222222,0.712121212121,2024,0.8,10,0.869565217391,0,0.98,0
1737,2024-06-10,0.138271604938,0.006024096386,0.042296072508,0.11214953271,0.359712230216,0.197278911565,0.178571428571,0.292134831461,,0.739130434783,0.058333333333,0.681818181818,2024,0.8,10,0.826086956522,0,0.96,0
1738,2024-06-10,0.140740740741,0.006024096386,0.063444108761,0.168224299065,0.26618705036,0.163265306122,0.142857142857,0.337078651685,,0.695652173913,0.086111111111,0.69696969697,2024,0.8,10,0.739130434783,0,0.98,0
1739,2024-06-10,0.148148148148,0.012048192771,0.075528700906,0.18691588785,0.237410071942,0.183673469388,0.142857142857,0.370786516854,,0.695652173913,0.094444444444,0.772727272727,2024,0.8,10,0.652173913043,0,0.99,0
1740,2024-06-10,0.145679012346,0.006024096386,0.054380664653,0.14953271028,0.244604316547,0.224489795918,0.166666666667,0.426966292135,,0.608695652174,0.083333333333,0.772727272727,2024,0.8,10,0.608695652174,0,1.0,0
1741,2024-06-10,0.148148148148,0.003012048193,0.042296072508,0.121495327103,0.251798561151,0.231292517007,0.202380952381,0.494382022472,,0.521739130435,0.061111111111,0.69696969697,2024,0.8,10,0.565217391304,0,1.0,0
1742,2024-06-10,0.145679012346,0.003012048193,0.042296072508,0.130841121495,0.258992805755,0.231292517007,0.238095238095,0.516853932584,,0.478260869565,0.05,0.606060606061,2024,0.8,10,0.478260869565,0,1.0,0
1743,2024-06-10,0.148148148148,0.003012048193,0.036253776435,0.102803738318,0.273381294964,0.224489795918,0.25,0.516853932584,,0.478260869565,0.994444444444,0.5,2024,0.8,10,0.434782608696,0,1.0,0
1744,2024-06-11,0.098765432099,0.003012048193,0.030211480363,0.084112149533,0.251798561151,0.21768707483,0.238095238095,0.584269662921,,0.434782608696,0.963888888889,0.439393939394,2024,0.8,11,0.391304347826,0,1.0,0
1745,2024-06-11,0.116049382716,0.0,0.012084592145,0.03738317757,0.330935251799,0.210884353741,0.297619047619,0.539325842697,,0.434782608696,0.008333333333,0.378787878788,2024,0.8,11,0.347826086957,0,1.0,0
1746,2024-06-11,0.125925925926,0.0,0.021148036254,0.065420560748,0.287769784173,0.210884353741,0.309523809524,0.61797752809,,0.391304347826,0.025,,2024,0.8,11,0.304347826087,0,1.0,0
1747,2024-06-11,0.120987654321,0.0,0.015105740181,0.046728971963,0.280575539568,0.21768707483,0.321428571429,0.606741573034,,0.391304347826,0.961111111111,0.348484848485,2024,0.8,11,0.260869565217,0,1.0,0
1748,2024-06-11,0.111111111111,0.0,0.009063444109,0.028037383178,0.294964028777,0.258503401361,0.369047619048,0.573033707865,,0.347826086957,0.958333333333,0.333333333333,2024,0.8,11,0.173913043478,0,1.0,0
1749,2024-06-11,0.17037037037,0.006024096386,0.066465256798,0.18691588785,0.158273381295,0.197278911565,0.261904761905,0.61797752809,,0.347826086957,0.880555555556,0.378787878788,2024,0.8,11,0.130434782609,0,1.0,0
1750,2024-06-11,0.187654320988,0.027108433735,0.123867069486,0.299065420561,0.079136690647,0.285714285714,0.345238095238,0.651685393258,,0.347826086957,0.872222222222,0.5,2024,0.8,11,0.04347826087,0,1.0,0
1751,2024-06-11,0.259259259259,0.105421686747,0.214501510574,0.345794392523,0.028776978417,0.312925170068,0.380952380952,0.707865168539,,0.347826086957,0.869444444444,0.439393939394,2024,0.8,11,0.0,0,0.99,0
1752,2024-06-11,0.266666666667,0.105421686747,0.211480362538,0.327102803738,0.071942446043,0.43537414966,0.5,0.595505617978,,0.391304347826,0.880555555556,0.409090909091,2024,0.8,11,0.086956521739,0,0.97,0
1753,2024-06-11,0.261728395062,0.069277108434,0.166163141994,0.289719626168,0.143884892086,0.408163265306,0.47619047619,0.415730337079,,0.434782608696,0.866666666667,0.378787878788,2024,0.8,11,0.217391304348,0,1.0,0
1754,2024-06-11,0.16049382716,0.030120481928,0.087613293051,0.168224299065,0.258992805755,0.285714285714,0.345238095238,0.325842696629,,0.521739130435,0.994444444444,0.454545454545,2024,0.8,11,0.521739130435,0,1.0,0
1755,2024-06-11,,,,,,,,0.292134831461,,0.652173913043,0.994444444444,0.560606060606,2024,0.8,11,0.782608695652,0,0.98,0
1756,2024-06-11,,,,,,,,0.258426966292,,0.695652173913,0.019444444444,0.666666666667,2024,0.8,11,0.913043478261,0,0.97,0
1757,2024-06-11,,,,,,,,0.224719101124,,0.782608695652,0.008333333333,0.636363636364,2024,0.8,11,1.0,0,0.83,0
1758,2024-06-11,,,,,,,,0.213483146067,,0.826086956522,0.983333333333,0.757575757576,2024,0.8,11,0.95652173913,0,0.9,0
1759,2024-06-11,0.108641975309,0.018072289157,0.063444108761,0.140186915888,0.388489208633,0.292517006803,0.22619047619,0.213483146067,,0.826086956522,0.972222222222,0.772727272727,2024,0.8,11,0.869565217391,0,0.96,0
1760,2024-06-11,0.106172839506,0.015060240964,0.057401812689,0.121495327103,0.36690647482,0.258503401361,0.178571428571,0.23595505618,,0.826086956522,0.991666666667,0.757575757576,2024,0.8,11,0.826086956522,0,0.99,0
1761,2024-06-11,0.093827160494,0.009036144578,0.04833836858,0.11214953271,0.345323741007,0.244897959184,0.142857142857,0.258426966292,,0.782608695652,0.027777777778,0.818181818182,2024,0.8,11,0.739130434783,0,0.9,0
1762,2024-06-11,0.096296296296,0.009036144578,0.051359516616,0.140186915888,0.302158273381,0.30612244898,0.214285714286,0.303370786517,,0.695652173913,0.027777777778,0.757575757576,2024,0.8,11,0.652173913043,0,0.98,0
1763,2024-06-11,0.091358024691,0.006024096386,0.051359516616,0.14953271028,0.258992805755,0.265306122449,0.166666666667,0.38202247191,,0.608695652174,0.080555555556,0.772727272727,2024,0.8,11,0.608695652174,0,1.0,0
1764,2024-06-11,0.093827160494,0.003012048193,0.045317220544,0.130841121495,0.251798561151,0.272108843537,0.190476190476,0.460674157303,,0.565217391304,0.061111111111,0.681818181818,2024,0.8,11,0.565217391304,0,1.0,0
1765,2024-06-11,0.108641975309,0.003012048193,0.045317220544,0.121495327103,0.237410071942,0.244897959184,0.202380952381,0.52808988764,,0.521739130435,0.016666666667,0.575757575758,2024,0.8,11,0.478260869565,0,1.0,0
1766,2024-06-12,0.088888888889,0.009036144578,0.051359516616,0.130841121495,0.345323741007,0.210884353741,0.119047619048,0.269662921348,0.027027027027,0.739130434783,0.033333333333,0.772727272727,2024,0.8,12,0.652173913043,0,1.0,0
1767,2024-06-12,0.098765432099,0.006024096386,0.054380664653,0.158878504673,0.26618705036,0.265306122449,0.166666666667,0.348314606742,0.027027027027,0.652173913043,0.038888888889,0.681818181818,2024,0.8,12,0.608695652174,0,0.98,0
1768,2024-06-12,0.096296296296,0.003012048193,0.051359516616,0.14953271028,0.230215827338,0.258503401361,0.154761904762,0.47191011236,0.027027027027,0.565217391304,0.061111111111,0.69696969697,2024,0.8,12,0.565217391304,0,0.98,0
1769,2024-06-12,0.086419753086,0.003012048193,0.036253776435,0.102803738318,0.237410071942,0.312925170068,0.202380952381,0.539325842697,0.027027027027,0.521739130435,0.025,0.681818181818,2024,0.8,12,0.478260869565,0,0.98,0
1770,2024-06-12,0.091358024691,0.003012048193,0.033232628399,0.093457943925,0.230215827338,0.251700680272,0.202380952381,0.584269662921,0.027027027027,0.478260869565,0.005555555556,0.5,2024,0.8,12,0.434782608696,0,1.0,0
1771,2024-06-13,0.076543209877,0.003012048193,0.021148036254,0.056074766355,0.237410071942,0.224489795918,0.22619047619,0.651685393258,0.054054054054,0.434782608696,0.891666666667,0.5,2024,0.8,13,0.347826086957,0,1.0,0
1772,2024-06-13,0.064197530864,0.0,0.012084592145,0.028037383178,0.26618705036,0.190476190476,0.22619047619,0.651685393258,0.027027027027,0.391304347826,0.883333333333,0.424242424242,2024,0.8,13,0.304347826087,0,1.0,0
1773,2024-06-13,0.064197530864,0.0,0.02416918429,0.07476635514,0.223021582734,0.176870748299,0.214285714286,0.629213483146,0.054054054054,0.391304347826,0.880555555556,0.393939393939,2024,0.8,13,0.260869565217,0,1.0,0
1774,2024-06-13,0.076543209877,0.003012048193,0.042296072508,0.121495327103,0.165467625899,0.197278911565,0.25,0.674157303371,0.135135135135,0.347826086957,0.858333333333,0.378787878788,2024,0.8,13,0.173913043478,0,1.0,0
1775,2024-06-13,0.098765432099,0.006024096386,0.060422960725,0.168224299065,0.136690647482,0.21768707483,0.25,0.685393258427,0.216216216216,0.347826086957,0.880555555556,0.318181818182,2024,0.8,13,0.130434782609,0,1.0,0
1776,2024-06-13,0.162962962963,0.036144578313,0.129909365559,0.289719626168,0.05035971223,0.183673469388,0.178571428571,0.674157303371,0.216216216216,0.347826086957,0.905555555556,0.287878787879,2024,0.8,13,0.04347826087,0,1.0,0
1777,2024-06-13,0.204938271605,0.10843373494,0.211480362538,0.317757009346,0.035971223022,0.278911564626,0.297619047619,0.640449438202,0.216216216216,0.347826086957,0.858333333333,0.242424242424,2024,0.8,13,0.0,0,0.94,0
1778,2024-06-13,0.153086419753,0.066265060241,0.154078549849,0.280373831776,0.107913669065,0.272108843537,0.261904761905,0.573033707865,0.162162162162,0.391304347826,0.294444444444,0.166666666667,2024,0.8,13,0.086956521739,0,0.92,0
1779,2024-06-13,0.23950617284,0.14156626506,0.274924471299,0.411214953271,0.086330935252,0.190476190476,0.119047619048,0.584269662921,0.135135135135,0.434782608696,0.2,0.242424242424,2024,0.8,13,0.217391304348,0,0.97,0
1780,2024-06-13,0.222222222222,0.072289156627,0.202416918429,0.401869158879,0.187050359712,0.401360544218,0.464285714286,0.47191011236,0.108108108108,0.521739130435,0.880555555556,0.333333333333,2024,0.8,13,0.521739130435,0,0.91,0
1781,2024-06-13,0.145679012346,0.024096385542,0.09667673716,0.224299065421,0.345323741007,0.333333333333,0.357142857143,0.359550561798,0.081081081081,0.565217391304,0.955555555556,0.378787878788,2024,0.8,13,0.695652173913,0,0.94,0
1782,2024-06-13,0.088888888889,0.009036144578,0.04833836858,0.121495327103,0.460431654676,0.21768707483,0.214285714286,0.314606741573,0.081081081081,0.652173913043,0.077777777778,0.333333333333,2024,0.8,13,0.782608695652,0,0.93,0
1783,2024-06-13,0.093827160494,0.012048192771,0.051359516616,0.130841121495,0.489208633094,0.163265306122,0.107142857143,0.269662921348,0.054054054054,0.695652173913,0.047222222222,0.424242424242,2024,0.8,13,0.913043478261,0,0.96,0
1784,2024-06-13,0.051851851852,0.003012048193,0.018126888218,0.046728971963,0.546762589928,0.156462585034,0.107142857143,0.213483146067,0.054054054054,0.739130434783,0.166666666667,0.439393939394,2024,0.8,13,1.0,0,0.94,0
1785,2024-06-13,0.076543209877,0.006024096386,0.030211480363,0.084112149533,0.546762589928,0.08843537415,0.071428571429,0.191011235955,0.054054054054,0.782608695652,0.038888888889,0.393939393939,2024,0.8,13,0.95652173913,0,0.92,0
1786,2024-06-13,0.088888888889,0.006024096386,0.045317220544,0.11214953271,0.568345323741,0.149659863946,0.071428571429,0.179775280899,0.027027027027,0.826086956522,0.969444444444,0.378787878788,2024,0.8,13,0.869565217391,0,0.98,0
1787,2024-06-13,0.076543209877,0.003012048193,0.027190332326,0.084112149533,0.568345323741,0.197278911565,0.154761904762,0.213483146067,0.054054054054,0.826086956522,0.052777777778,0.409090909091,2024,0.8,13,0.826086956522,0,0.98,0
1788,2024-06-13,0.098765432099,0.003012048193,0.039274924471,0.11214953271,0.338129496403,0.278911564626,0.154761904762,0.337078651685,0.054054054054,0.739130434783,0.027777777778,0.772727272727,2024,0.8,13,0.652173913043,0,1.0,0
1789,2024-06-13,0.098765432099,0.006024096386,0.057401812689,0.158878504673,0.223021582734,0.374149659864,0.214285714286,0.415730337079,0.054054054054,0.652173913043,0.086111111111,,2024,0.8,13,0.608695652174,0,0.92,0
1790,2024-06-13,0.086419753086,0.003012048193,0.036253776435,0.11214953271,0.237410071942,0.380952380952,0.214285714286,0.494382022472,0.054054054054,0.565217391304,0.063888888889,0.69696969697,2024,0.8,13,0.565217391304,0,0.98,0
1791,2024-06-13,0.093827160494,0.003012048193,0.042296072508,0.121495327103,0.215827338129,0.312925170068,0.202380952381,0.52808988764,0.054054054054,0.521739130435,0.036111111111,0.590909090909,2024,0.8,13,0.478260869565,0,1.0,0
1792,2024-06-13,0.106172839506,0.006024096386,0.04833836858,0.130841121495,0.201438848921,0.231292517007,0.178571428571,0.550561797753,0.054054054054,0.478260869565,0.983333333333,0.515151515152,2024,0.8,13,0.434782608696,0,1.0,0
1793,2024-06-14,0.103703703704,,,,,0.122448979592,0.011904761905,0.61797752809,,0.434782608696,0.075,0.363636363636,2024,0.8,14,0.391304347826,0,1.0,0
1794,2024-06-14,0.061728395062,0.0,0.012084592145,0.03738317757,0.258992805755,0.156462585034,0.130952380952,0.595505617978,0.054054054054,0.434782608696,0.036111111111,0.515151515152,2024,0.8,14,0.347826086957,0,1.0,0
1795,2024-06-14,0.066666666667,0.0,0.012084592145,0.03738317757,0.244604316547,0.149659863946,0.154761904762,0.61797752809,0.054054054054,0.391304347826,1.0,0.333333333333,2024,0.8,14,0.304347826087,0,1.0,0
1796,2024-06-14,0.074074074074,0.0,0.027190332326,0.084112149533,0.194244604317,0.136054421769,0.154761904762,0.651685393258,0.054054054054,0.391304347826,0.886111111111,0.469696969697,2024,0.8,14,0.260869565217,0,1.0,0
1797,2024-06-14,0.17037037037,0.057228915663,0.141993957704,0.261682242991,0.064748201439,0.285714285714,0.357142857143,0.719101123596,0.081081081081,0.347826086957,0.891666666667,0.363636363636,2024,0.8,14,0.0,0,0.99,0
1798,2024-06-14,0.177777777778,0.063253012048,0.148036253776,0.252336448598,0.10071942446,0.21768707483,0.190476190476,0.674157303371,0.081081081081,0.391304347826,0.880555555556,0.30303030303,2024,0.8,14,0.086956521739,0,0.94,0
1799,2024-06-14,0.158024691358,0.042168674699,0.102719033233,0.196261682243,0.179856115108,0.197278911565,0.059523809524,0.606741573034,0.054054054054,0.434782608696,0.836111111111,,2024,0.8,14,0.217391304348,0,0.92,0
1800,2024-06-14,0.103703703704,0.036144578313,0.090634441088,0.168224299065,0.251798561151,0.244897959184,0.261904761905,0.505617977528,0.054054054054,0.521739130435,0.091666666667,0.409090909091,2024,0.8,14,0.521739130435,0,0.96,0
1801,2024-06-14,0.118518518519,0.024096385542,0.078549848943,0.168224299065,0.309352517986,0.204081632653,0.154761904762,0.460674157303,0.054054054054,0.565217391304,0.963888888889,0.378787878788,2024,0.8,14,0.695652173913,0,0.9,0
1802,2024-06-14,0.140740740741,0.018072289157,0.069486404834,0.158878504673,0.374100719424,0.204081632653,0.202380952381,0.393258426966,0.054054054054,0.608695652174,0.916666666667,0.409090909091,2024,0.8,14,0.782608695652,0,0.94,0
1803,2024-06-14,0.103703703704,0.012048192771,0.045317220544,0.102803738318,0.431654676259,0.462585034014,0.619047619048,0.348314606742,0.054054054054,0.652173913043,0.977777777778,0.484848484848,2024,0.8,14,0.913043478261,0,0.88,0
1804,2024-06-14,0.101234567901,0.009036144578,0.045317220544,0.11214953271,0.438848920863,0.170068027211,0.142857142857,0.325842696629,0.054054054054,0.695652173913,0.975,0.5,2024,0.8,14,1.0,0,0.95,0
1805,2024-06-14,0.123456790123,0.018072289157,0.066465256798,0.14953271028,0.395683453237,0.149659863946,0.095238095238,0.292134831461,0.054054054054,0.739130434783,0.930555555556,0.651515151515,2024,0.8,14,0.95652173913,0,0.88,0
1806,2024-06-14,0.108641975309,0.018072289157,0.057401812689,0.121495327103,0.381294964029,0.176870748299,0.107142857143,0.280898876404,0.054054054054,0.782608695652,0.916666666667,0.712121212121,2024,0.8,14,0.869565217391,0,0.93,0
1807,2024-06-14,0.116049382716,0.018072289157,0.060422960725,0.130841121495,0.352517985612,0.244897959184,0.190476190476,0.258426966292,0.054054054054,0.782608695652,0.936111111111,0.681818181818,2024,0.8,14,0.826086956522,0,0.95,0
1808,2024-06-14,0.116049382716,0.021084337349,0.07250755287,0.158878504673,0.302158273381,0.149659863946,0.095238095238,0.280898876404,0.027027027027,0.739130434783,0.969444444444,0.80303030303,2024,0.8,14,0.739130434783,0,0.97,0
1809,2024-06-14,0.118518518519,0.015060240964,0.063444108761,0.14953271028,0.258992805755,0.224489795918,0.095238095238,0.370786516854,0.054054054054,0.695652173913,0.005555555556,0.757575757576,2024,0.8,14,0.652173913043,0,1.0,0
1810,2024-06-14,0.108641975309,0.009036144578,0.060422960725,0.158878504673,0.223021582734,0.333333333333,0.166666666667,0.438202247191,0.054054054054,0.608695652174,0.033333333333,0.651515151515,2024,0.8,14,0.608695652174,0,0.99,0
1811,2024-06-14,0.093827160494,0.006024096386,0.051359516616,0.140186915888,0.194244604317,0.244897959184,0.166666666667,0.539325842697,0.027027027027,0.521739130435,0.077777777778,0.636363636364,2024,0.8,14,0.565217391304,0,0.96,0
1812,2024-06-14,0.098765432099,0.009036144578,0.069486404834,0.177570093458,0.158273381295,0.224489795918,0.178571428571,0.573033707865,0.054054054054,0.478260869565,0.091666666667,0.515151515152,2024,0.8,14,0.478260869565,0,0.99,0
1813,2024-06-14,0.116049382716,0.021084337349,0.087613293051,0.205607476636,0.122302158273,0.197278911565,0.202380952381,0.595505617978,0.054054054054,0.478260869565,0.069444444444,0.378787878788,2024,0.8,14,0.434782608696,0,0.98,0
1814,2024-06-15,0.086419753086,0.0,0.027190332326,0.07476635514,0.237410071942,0.190476190476,0.202380952381,0.573033707865,0.054054054054,0.434782608696,0.025,0.439393939394,2024,0.8,15,0.391304347826,0,1.0,0
1815,2024-06-15,,,,,,0.156462585034,0.119047619048,0.629213483146,,0.434782608696,0.013888888889,0.287878787879,2024,0.8,15,0.347826086957,0,1.0,0
1816,2024-06-15,,,,,,0.231292517007,0.22619047619,0.651685393258,,0.434782608696,0.958333333333,0.318181818182,2024,0.8,15,0.304347826087,0,1.0,0
1817,2024-06-15,,,,,,0.197278911565,0.238095238095,0.662921348315,,0.391304347826,0.013888888889,0.409090909091,2024,0.8,15,0.260869565217,0,1.0,0
1818,2024-06-15,0.074074074074,0.003012048193,0.009063444109,0.028037383178,0.230215827338,0.204081632653,0.27380952381,0.674157303371,0.054054054054,0.391304347826,0.069444444444,0.469696969697,2024,0.8,15,0.173913043478,0,1.0,0
1819,2024-06-15,0.054320987654,0.0,0.012084592145,0.03738317757,0.223021582734,0.12925170068,0.214285714286,0.696629213483,0.027027027027,0.347826086957,0.077777777778,,2024,0.8,15,0.130434782609,0,1.0,0
1820,2024-06-15,0.076543209877,0.006024096386,0.04833836858,0.130841121495,0.143884892086,0.095238095238,0.142857142857,0.719101123596,0.027027027027,0.304347826087,0.075,0.378787878788,2024,0.8,15,0.04347826087,0,1.0,0
1821,2024-06-15,0.096296296296,0.018072289157,0.078549848943,0.177570093458,0.122302158273,0.142857142857,0.202380952381,0.696629213483,0.027027027027,0.347826086957,0.069444444444,0.424242424242,2024,0.8,15,0.0,0,1.0,0
1822,2024-06-15,0.106172839506,0.027108433735,0.075528700906,0.14953271028,0.143884892086,0.081632653061,0.095238095238,0.685393258427,0.054054054054,0.391304347826,0.061111111111,0.409090909091,2024,0.8,15,0.086956521739,0,1.0,0
1823,2024-06-15,0.162962962963,0.045180722892,0.09667673716,0.168224299065,0.158273381295,0.142857142857,0.166666666667,0.640449438202,0.054054054054,0.434782608696,0.880555555556,0.454545454545,2024,0.8,15,0.217391304348,0,1.0,0
1824,2024-06-15,0.116049382716,0.027108433735,0.069486404834,0.130841121495,0.251798561151,0.210884353741,0.285714285714,0.561797752809,0.054054054054,0.434782608696,0.9,0.378787878788,2024,0.8,15,0.521739130435,0,0.98,0
1825,2024-06-15,0.086419753086,0.012048192771,0.045317220544,0.11214953271,0.410071942446,0.136054421769,0.130952380952,0.359550561798,0.054054054054,0.608695652174,0.005555555556,0.454545454545,2024,0.8,15,0.782608695652,0,0.98,0
1826,2024-06-15,0.076543209877,0.009036144578,0.033232628399,0.07476635514,0.467625899281,0.170068027211,0.154761904762,0.303370786517,0.054054054054,0.652173913043,0.983333333333,0.469696969697,2024,0.8,15,0.913043478261,0,0.98,0
1827,2024-06-15,0.066666666667,0.006024096386,0.027190332326,0.065420560748,0.517985611511,0.12925170068,0.095238095238,0.292134831461,0.054054054054,0.695652173913,1.0,0.5,2024,0.8,15,1.0,0,0.92,0
1828,2024-06-15,0.096296296296,0.012048192771,0.04833836858,0.11214953271,0.474820143885,0.176870748299,0.130952380952,0.258426966292,0.054054054054,0.739130434783,0.919444444444,0.560606060606,2024,0.8,15,0.95652173913,0,0.89,0
1829,2024-06-15,0.088888888889,0.009036144578,0.042296072508,0.093457943925,0.460431654676,0.224489795918,0.142857142857,0.23595505618,0.054054054054,0.782608695652,0.936111111111,0.651515151515,2024,0.8,15,0.869565217391,0,0.99,0
1830,2024-06-15,0.096296296296,0.012048192771,0.054380664653,0.121495327103,0.402877697842,0.204081632653,0.071428571429,0.23595505618,0.054054054054,0.782608695652,0.947222222222,0.727272727273,2024,0.8,15,0.826086956522,0,0.99,0
1831,2024-06-15,0.074074074074,0.006024096386,0.033232628399,0.084112149533,0.381294964029,0.210884353741,0.107142857143,0.280898876404,0.054054054054,0.739130434783,0.033333333333,0.833333333333,2024,0.8,15,0.739130434783,0,0.99,0
1832,2024-06-15,0.076543209877,0.006024096386,0.036253776435,0.093457943925,0.338129496403,0.258503401361,0.142857142857,0.337078651685,0.054054054054,0.695652173913,0.016666666667,0.80303030303,2024,0.8,15,0.652173913043,0,0.98,0
1833,2024-06-15,0.091358024691,0.009036144578,0.051359516616,0.140186915888,0.244604316547,0.231292517007,0.130952380952,0.404494382022,0.054054054054,0.608695652174,,0.712121212121,2024,0.8,15,0.608695652174,0,0.97,0
1834,2024-06-15,0.093827160494,0.006024096386,0.04833836858,0.121495327103,0.215827338129,0.244897959184,0.214285714286,0.460674157303,0.054054054054,0.565217391304,0.008333333333,0.636363636364,2024,0.8,15,0.565217391304,0,1.0,0
1835,2024-06-15,0.096296296296,0.003012048193,0.04833836858,0.140186915888,0.208633093525,0.204081632653,0.190476190476,0.483146067416,0.054054054054,0.521739130435,0.022222222222,0.454545454545,2024,0.8,15,0.478260869565,0,1.0,0
1836,2024-06-15,0.096296296296,0.003012048193,0.042296072508,0.121495327103,0.208633093525,0.176870748299,0.166666666667,0.539325842697,0.027027027027,0.478260869565,0.019444444444,0.560606060606,2024,0.8,15,0.434782608696,0,1.0,0
1837,2024-06-16,0.081481481481,0.0,0.02416918429,0.07476635514,0.273381294964,0.183673469388,0.190476190476,0.573033707865,0.054054054054,0.434782608696,0.016666666667,0.378787878788,2024,0.8,16,0.391304347826,0,1.0,0
1838,2024-06-17,0.101234567901,0.015060240964,0.066465256798,0.158878504673,0.431654676259,0.238095238095,0.202380952381,0.101123595506,0.081081081081,0.826086956522,0.883333333333,0.621212121212,2024,0.8,17,0.826086956522,0,1.0,0
1839,2024-06-17,0.103703703704,0.012048192771,0.057401812689,0.140186915888,0.41726618705,0.176870748299,0.119047619048,0.14606741573,0.081081081081,0.782608695652,0.908333333333,0.651515151515,2024,0.8,17,0.739130434783,0,0.97,0
1840,2024-06-17,0.135802469136,0.018072289157,0.084592145015,0.205607476636,0.330935251799,0.142857142857,0.035714285714,0.168539325843,0.054054054054,0.782608695652,0.927777777778,0.575757575758,2024,0.8,17,0.652173913043,0,0.97,0
1841,2024-06-17,0.133333333333,0.012048192771,0.090634441088,0.233644859813,0.251798561151,0.163265306122,0.071428571429,0.179775280899,0.054054054054,0.695652173913,0.977777777778,0.484848484848,2024,0.8,17,0.608695652174,0,0.98,0
1842,2024-06-17,0.108641975309,0.012048192771,0.07250755287,0.18691588785,0.194244604317,0.163265306122,0.071428571429,0.449438202247,0.054054054054,0.608695652174,0.119444444444,0.69696969697,2024,0.8,17,0.565217391304,0,1.0,0
1843,2024-06-17,0.098765432099,0.003012048193,0.04833836858,0.130841121495,0.215827338129,0.285714285714,0.178571428571,0.539325842697,0.054054054054,0.521739130435,0.083333333333,0.469696969697,2024,0.8,17,0.478260869565,0,1.0,0
1844,2024-06-17,0.096296296296,0.003012048193,0.04833836858,0.140186915888,0.201438848921,0.210884353741,0.166666666667,0.561797752809,0.054054054054,0.478260869565,0.033333333333,0.378787878788,2024,0.8,17,0.434782608696,0,1.0,0
1845,2024-06-18,0.079012345679,0.0,0.030211480363,0.093457943925,0.223021582734,0.156462585034,0.130952380952,0.584269662921,0.054054054054,0.478260869565,0.036111111111,0.469696969697,2024,0.8,18,0.391304347826,0,1.0,0
1846,2024-06-18,0.081481481481,0.0,0.030211480363,0.093457943925,0.201438848921,0.156462585034,0.119047619048,0.595505617978,0.054054054054,0.434782608696,0.088888888889,0.212121212121,2024,0.8,18,0.347826086957,0,1.0,0
1847,2024-06-18,0.086419753086,0.0,0.033232628399,0.093457943925,0.179856115108,0.136054421769,0.130952380952,0.61797752809,0.054054054054,0.434782608696,0.075,0.257575757576,2024,0.8,18,0.304347826087,0,1.0,0
1848,2024-06-18,0.096296296296,0.009036144578,0.063444108761,0.168224299065,0.122302158273,0.176870748299,0.178571428571,0.651685393258,0.054054054054,0.391304347826,0.066666666667,0.136363636364,2024,0.8,18,0.260869565217,0,1.0,0
1849,2024-06-18,0.093827160494,0.009036144578,0.063444108761,0.168224299065,0.10071942446,0.170068027211,0.202380952381,0.685393258427,0.054054054054,0.347826086957,0.094444444444,0.166666666667,2024,0.8,18,0.173913043478,0,1.0,0
1850,2024-06-18,0.108641975309,0.069277108434,0.151057401813,0.261682242991,0.035971223022,0.163265306122,0.178571428571,0.707865168539,0.054054054054,0.347826086957,0.191666666667,0.19696969697,2024,0.8,18,0.130434782609,0,1.0,0
1851,2024-06-18,0.135802469136,0.14156626506,0.244712990937,0.317757009346,0.014388489209,0.183673469388,0.214285714286,0.696629213483,0.081081081081,0.304347826087,0.236111111111,0.19696969697,2024,0.8,18,0.04347826087,0,1.0,0
1852,2024-06-18,0.222222222222,0.16265060241,0.26586102719,0.317757009346,0.021582733813,0.238095238095,0.261904761905,0.707865168539,0.081081081081,0.304347826087,0.380555555556,0.136363636364,2024,0.8,18,0.0,0,1.0,0
1853,2024-06-18,0.204938271605,0.150602409639,0.259818731118,0.336448598131,0.05035971223,0.326530612245,0.309523809524,0.662921348315,0.189189189189,0.391304347826,0.141666666667,0.151515151515,2024,0.8,18,0.086956521739,0,0.96,0
1854,2024-06-18,0.217283950617,0.111445783133,0.232628398792,0.373831775701,0.086330935252,0.190476190476,0.083333333333,0.595505617978,0.324324324324,0.434782608696,0.166666666667,0.181818181818,2024,0.8,18,0.217391304348,0,0.97,0
1855,2024-06-18,0.232098765432,0.090361445783,0.223564954683,0.411214953271,0.165467625899,0.326530612245,0.309523809524,0.47191011236,0.459459459459,0.521739130435,0.880555555556,0.227272727273,2024,0.8,18,0.521739130435,0,1.0,0
1856,2024-06-18,0.16049382716,0.03313253012,0.114803625378,0.261682242991,0.294964028777,0.34693877551,0.297619047619,0.348314606742,0.351351351351,0.608695652174,0.95,0.287878787879,2024,0.8,18,0.695652173913,0,1.0,0
1857,2024-06-18,0.130864197531,0.015060240964,0.078549848943,0.196261682243,0.467625899281,0.197278911565,0.202380952381,0.303370786517,0.216216216216,0.695652173913,0.072222222222,0.393939393939,2024,0.8,18,0.782608695652,0,1.0,0
1858,2024-06-18,0.098765432099,0.012048192771,0.054380664653,0.130841121495,0.438848920863,0.278911564626,0.285714285714,0.202247191011,0.108108108108,0.782608695652,0.955555555556,0.651515151515,2024,0.8,18,0.913043478261,0,0.99,0
1859,2024-06-18,0.071604938272,0.009036144578,0.036253776435,0.084112149533,0.503597122302,0.244897959184,0.178571428571,0.179775280899,0.324324324324,0.782608695652,0.016666666667,0.575757575758,2024,0.8,18,1.0,0,0.97,0
1860,2024-06-18,0.079012345679,0.009036144578,0.039274924471,0.102803738318,0.503597122302,0.170068027211,0.059523809524,0.179775280899,0.216216216216,0.826086956522,0.002777777778,0.545454545455,2024,0.8,18,0.95652173913,0,0.99,0
1861,2024-06-18,0.091358024691,0.009036144578,0.045317220544,0.11214953271,0.474820143885,0.197278911565,0.130952380952,0.168539325843,0.135135135135,0.869565217391,0.975,0.651515151515,2024,0.8,18,0.869565217391,0,0.95,0
1862,2024-06-18,0.088888888889,0.012048192771,0.04833836858,0.11214953271,0.424460431655,0.224489795918,0.142857142857,0.157303370787,0.081081081081,0.869565217391,1.0,0.757575757576,2024,0.8,18,0.826086956522,0,1.0,0
1863,2024-06-18,0.113580246914,0.018072289157,0.063444108761,0.14953271028,0.352517985612,0.210884353741,0.130952380952,0.179775280899,0.054054054054,0.826086956522,0.963888888889,0.69696969697,2024,0.8,18,0.739130434783,0,1.0,0
1864,2024-06-18,0.093827160494,0.009036144578,0.045317220544,0.121495327103,0.302158273381,0.197278911565,0.095238095238,0.247191011236,0.054054054054,0.782608695652,0.036111111111,0.727272727273,2024,0.8,18,0.652173913043,0,0.98,0
1865,2024-06-18,0.108641975309,0.006024096386,0.045317220544,0.121495327103,0.251798561151,0.21768707483,0.107142857143,0.337078651685,0.054054054054,0.695652173913,0.016666666667,0.80303030303,2024,0.8,18,0.608695652174,0,1.0,0
1866,2024-06-18,0.101234567901,0.003012048193,0.039274924471,0.11214953271,0.230215827338,0.265306122449,0.130952380952,0.438202247191,0.054054054054,0.608695652174,0.038888888889,0.772727272727,2024,0.8,18,0.565217391304,0,1.0,0
1867,2024-06-18,0.096296296296,0.003012048193,0.030211480363,0.093457943925,0.223021582734,0.231292517007,0.071428571429,0.516853932584,0.054054054054,0.565217391304,0.027777777778,0.69696969697,2024,0.8,18,0.478260869565,0,1.0,0
1868,2024-06-18,0.086419753086,0.003012048193,0.030211480363,0.084112149533,0.230215827338,0.170068027211,0.107142857143,0.561797752809,0.054054054054,0.521739130435,0.022222222222,0.560606060606,2024,0.8,18,0.434782608696,0,1.0,0
1869,2024-06-19,0.091358024691,0.009036144578,0.051359516616,0.130841121495,0.05035971223,0.08843537415,0.059523809524,0.831460674157,0.081081081081,0.347826086957,0.219444444444,0.30303030303,2024,0.8,19,0.391304347826,0,1.0,0
1870,2024-06-19,0.071604938272,0.0,0.018126888218,0.056074766355,0.251798561151,0.170068027211,0.154761904762,0.595505617978,0.054054054054,0.434782608696,0.005555555556,0.409090909091,2024,0.8,19,0.347826086957,0,1.0,0
1871,2024-06-19,0.056790123457,0.0,0.009063444109,0.028037383178,0.280575539568,0.149659863946,0.166666666667,0.539325842697,0.054054054054,0.434782608696,0.997222222222,0.333333333333,2024,0.8,19,0.304347826087,0,1.0,0
1872,2024-06-19,0.056790123457,0.0,0.006042296073,0.028037383178,0.26618705036,0.074829931973,0.071428571429,0.584269662921,0.054054054054,0.434782608696,0.916666666667,0.318181818182,2024,0.8,19,0.260869565217,0,1.0,0
1873,2024-06-19,0.059259259259,0.0,0.015105740181,0.046728971963,0.237410071942,0.074829931973,0.083333333333,0.629213483146,0.054054054054,0.391304347826,0.944444444444,0.287878787879,2024,0.8,19,0.173913043478,0,1.0,0
1874,2024-06-19,0.093827160494,0.003012048193,0.036253776435,0.102803738318,0.179856115108,0.08843537415,0.119047619048,0.662921348315,0.081081081081,0.391304347826,0.919444444444,0.272727272727,2024,0.8,19,0.130434782609,0,1.0,0
1875,2024-06-19,0.113580246914,0.018072289157,0.060422960725,0.130841121495,0.143884892086,0.095238095238,0.059523809524,0.640449438202,0.108108108108,0.391304347826,0.844444444444,0.30303030303,2024,0.8,19,0.04347826087,0,1.0,0
1876,2024-06-19,0.135802469136,0.039156626506,0.123867069486,0.261682242991,0.057553956835,0.149659863946,0.095238095238,0.651685393258,0.243243243243,0.391304347826,0.005555555556,0.19696969697,2024,0.8,19,0.0,0,1.0,0
1877,2024-06-19,0.214814814815,0.207831325301,0.31419939577,0.327102803738,0.028776978417,0.142857142857,0.130952380952,0.662921348315,0.216216216216,0.391304347826,0.194444444444,0.242424242424,2024,0.8,19,0.086956521739,0,0.96,0
1878,2024-06-19,0.187654320988,0.084337349398,0.166163141994,0.242990654206,0.115107913669,0.299319727891,0.25,0.584269662921,0.243243243243,0.478260869565,0.005555555556,0.439393939394,2024,0.8,19,0.217391304348,0,0.96,0
1879,2024-06-19,0.138271604938,0.036144578313,0.090634441088,0.168224299065,0.194244604317,0.278911564626,0.190476190476,0.516853932584,0.108108108108,0.521739130435,0.961111111111,0.5,2024,0.8,19,0.521739130435,0,0.97,0
1880,2024-06-19,0.140740740741,0.030120481928,0.084592145015,0.168224299065,0.258992805755,0.210884353741,0.154761904762,0.449438202247,0.135135135135,0.565217391304,0.927777777778,0.424242424242,2024,0.8,19,0.695652173913,0,0.99,0
1881,2024-06-19,0.125925925926,0.018072289157,0.063444108761,0.130841121495,0.345323741007,0.170068027211,0.107142857143,0.370786516854,0.189189189189,0.652173913043,,0.515151515152,2024,0.8,19,0.782608695652,0,0.93,0
1882,2024-06-19,0.103703703704,0.012048192771,0.04833836858,0.11214953271,0.388489208633,0.197278911565,0.166666666667,0.325842696629,0.27027027027,0.695652173913,0.966666666667,0.636363636364,2024,0.8,19,0.913043478261,0,1.0,0
1883,2024-06-19,0.113580246914,0.021084337349,0.066465256798,0.130841121495,0.302158273381,0.238095238095,0.178571428571,0.359550561798,0.243243243243,0.695652173913,0.975,0.69696969697,2024,0.8,19,1.0,0,0.99,0
1884,2024-06-19,0.123456790123,0.027108433735,0.069486404834,0.140186915888,0.251798561151,0.224489795918,0.154761904762,0.359550561798,0.108108108108,0.695652173913,0.008333333333,0.651515151515,2024,0.8,19,0.95652173913,0,0.96,0
1885,2024-06-19,0.103703703704,0.024096385542,0.075528700906,0.158878504673,0.251798561151,0.176870748299,0.154761904762,0.370786516854,0.081081081081,0.695652173913,0.097222222222,0.530303030303,2024,0.8,19,0.869565217391,0,0.98,0
1886,2024-06-19,0.093827160494,0.018072289157,0.063444108761,0.140186915888,0.273381294964,0.176870748299,0.107142857143,0.348314606742,0.108108108108,0.695652173913,0.066666666667,0.515151515152,2024,0.8,19,0.826086956522,0,0.99,0
1887,2024-06-19,0.096296296296,0.009036144578,0.04833836858,0.121495327103,0.237410071942,0.176870748299,0.059523809524,0.404494382022,0.081081081081,0.652173913043,0.055555555556,0.651515151515,2024,0.8,19,0.739130434783,0,0.95,0
1888,2024-06-19,0.138271604938,0.021084337349,0.063444108761,0.130841121495,0.136690647482,0.65306122449,0.142857142857,0.595505617978,0.054054054054,0.521739130435,0.986111111111,0.69696969697,2024,0.8,19,0.652173913043,0,0.99,0
1889,2024-06-19,0.138271604938,0.027108433735,0.069486404834,0.130841121495,0.10071942446,0.884353741497,0.119047619048,0.606741573034,0.054054054054,0.521739130435,0.991666666667,0.454545454545,2024,0.8,19,0.608695652174,0,1.0,0
1890,2024-06-19,0.111111111111,0.015060240964,0.057401812689,0.130841121495,0.079136690647,0.142857142857,,0.662921348315,0.081081081081,0.478260869565,0.052777777778,0.378787878788,2024,0.8,19,0.565217391304,0,1.0,0
1891,2024-06-19,0.108641975309,0.015060240964,0.045317220544,0.093457943925,0.10071942446,0.108843537415,0.011904761905,0.707865168539,0.135135135135,0.434782608696,0.930555555556,0.5,2024,0.8,19,0.478260869565,0,1.0,0
1892,2024-06-19,0.111111111111,0.015060240964,0.051359516616,0.121495327103,0.071942446043,0.12925170068,0.071428571429,0.76404494382,0.135135135135,0.391304347826,,0.409090909091,2024,0.8,19,0.434782608696,0,0.99,0
1893,2024-06-20,0.106172839506,,,,,0.108843537415,0.095238095238,0.707865168539,,0.391304347826,,0.424242424242,2024,0.8,20,0.391304347826,0,1.0,0
1894,2024-06-20,0.108641975309,0.012048192771,0.051359516616,0.121495327103,0.05035971223,0.054421768707,0.035714285714,0.887640449438,0.081081081081,0.347826086957,0.372222222222,0.242424242424,2024,0.8,20,0.347826086957,0,1.0,0
1895,2024-06-20,0.106172839506,0.009036144578,0.04833836858,0.121495327103,0.05035971223,0.074829931973,0.083333333333,0.820224719101,0.108108108108,0.347826086957,0.483333333333,0.227272727273,2024,0.8,20,0.304347826087,0,1.0,0
1896,2024-06-20,0.098765432099,0.012048192771,0.042296072508,0.093457943925,0.057553956835,0.122448979592,0.130952380952,0.898876404494,0.081081081081,0.304347826087,0.547222222222,0.242424242424,2024,0.8,20,0.260869565217,0,1.0,0
1897,2024-06-20,0.098765432099,0.012048192771,0.054380664653,0.130841121495,0.043165467626,0.027210884354,,0.932584269663,0.081081081081,0.304347826087,0.358333333333,,2024,0.8,20,0.173913043478,0,1.0,0
1898,2024-06-20,0.098765432099,0.012048192771,0.054380664653,0.130841121495,0.057553956835,0.074829931973,0.095238095238,0.932584269663,0.054054054054,0.304347826087,0.361111111111,0.212121212121,2024,0.8,20,0.130434782609,0,1.0,0
1899,2024-06-20,0.116049382716,0.015060240964,0.07250755287,0.168224299065,0.057553956835,0.054421768707,0.047619047619,0.921348314607,0.054054054054,0.304347826087,0.322222222222,0.242424242424,2024,0.8,20,0.04347826087,0,1.0,0
1900,2024-06-20,0.185185185185,0.030120481928,0.114803625378,0.261682242991,0.05035971223,0.040816326531,,0.910112359551,0.081081081081,0.304347826087,0.338888888889,0.212121212121,2024,0.8,20,0.0,0,0.99,0
1901,2024-06-20,0.251851851852,0.051204819277,0.138972809668,0.280373831776,0.057553956835,0.047619047619,0.02380952381,0.85393258427,0.081081081081,0.347826086957,0.297222222222,0.166666666667,2024,0.8,20,0.086956521739,0,0.97,0
1902,2024-06-20,0.197530864198,0.039156626506,0.102719033233,0.18691588785,0.143884892086,0.074829931973,0.095238095238,0.76404494382,0.054054054054,0.391304347826,0.3,0.287878787879,2024,0.8,20,0.217391304348,0,0.89,0
1903,2024-06-20,0.148148148148,0.027108433735,0.069486404834,0.121495327103,0.223021582734,0.136054421769,0.130952380952,0.651685393258,0.054054054054,0.478260869565,0.447222222222,0.348484848485,2024,0.8,20,0.521739130435,0,0.95,0
1904,2024-06-20,0.155555555556,0.018072289157,0.060422960725,0.130841121495,0.258992805755,0.136054421769,0.095238095238,0.640449438202,0.081081081081,0.478260869565,0.291666666667,0.318181818182,2024,0.8,20,0.695652173913,0,0.96,0
1905,2024-06-20,0.128395061728,0.012048192771,0.042296072508,0.093457943925,0.338129496403,0.142857142857,0.130952380952,0.584269662921,0.054054054054,0.565217391304,0.241666666667,0.409090909091,2024,0.8,20,0.782608695652,0,0.94,0
1906,2024-06-20,0.103703703704,0.003012048193,0.02416918429,0.056074766355,0.41726618705,0.12925170068,0.130952380952,0.505617977528,0.054054054054,0.608695652174,0.325,0.363636363636,2024,0.8,20,0.913043478261,0,0.94,0
1907,2024-06-20,0.106172839506,0.012048192771,0.04833836858,0.11214953271,0.352517985612,0.142857142857,0.130952380952,0.483146067416,0.054054054054,0.652173913043,0.291666666667,0.424242424242,2024,0.8,20,1.0,0,0.92,0
1908,2024-06-20,0.123456790123,0.018072289157,0.066465256798,0.158878504673,0.323741007194,0.170068027211,0.119047619048,0.483146067416,0.054054054054,0.608695652174,0.263888888889,0.545454545455,2024,0.8,20,0.95652173913,0,1.0,0
1909,2024-06-20,0.106172839506,0.018072289157,0.057401812689,0.121495327103,0.323741007194,0.149659863946,0.119047619048,0.449438202247,0.054054054054,0.652173913043,0.227777777778,0.5,2024,0.8,20,0.869565217391,0,0.93,0
1910,2024-06-20,0.123456790123,0.006024096386,0.045317220544,0.11214953271,0.31654676259,0.142857142857,0.130952380952,0.483146067416,0.081081081081,0.652173913043,0.302777777778,0.545454545455,2024,0.8,20,0.826086956522,0,0.99,0
1911,2024-06-20,0.130864197531,0.003012048193,0.045317220544,0.130841121495,0.273381294964,0.156462585034,0.166666666667,0.505617977528,0.081081081081,0.608695652174,0.391666666667,0.515151515152,2024,0.8,20,0.739130434783,0,0.97,0
1912,2024-06-20,0.155555555556,0.006024096386,0.060422960725,0.168224299065,0.230215827338,0.183673469388,0.178571428571,0.539325842697,0.054054054054,0.565217391304,0.416666666667,0.439393939394,2024,0.8,20,0.652173913043,0,1.0,0
1913,2024-06-20,0.17037037037,0.015060240964,0.084592145015,0.214953271028,0.187050359712,0.108843537415,0.130952380952,0.573033707865,0.054054054054,0.565217391304,0.283333333333,0.393939393939,2024,0.8,20,0.608695652174,0,0.98,0
1914,2024-06-20,0.177777777778,0.015060240964,0.105740181269,0.280373831776,0.136690647482,0.163265306122,0.178571428571,0.629213483146,0.054054054054,0.478260869565,0.327777777778,0.333333333333,2024,0.8,20,0.565217391304,0,1.0,0
1915,2024-06-20,0.162962962963,0.048192771084,0.148036253776,0.308411214953,0.086330935252,0.136054421769,0.142857142857,0.651685393258,0.054054054054,0.478260869565,0.105555555556,0.378787878788,2024,0.8,20,0.478260869565,0,1.0,0
1916,2024-06-20,0.111111111111,0.015060240964,0.069486404834,0.168224299065,0.129496402878,0.170068027211,0.190476190476,0.662921348315,0.054054054054,0.434782608696,0.080555555556,0.5,2024,0.8,20,0.434782608696,0,1.0,0
1917,2024-06-21,0.101234567901,0.012048192771,0.04833836858,0.121495327103,0.165467625899,0.040816326531,0.047619047619,0.752808988764,0.054054054054,0.304347826087,0.986111111111,0.378787878788,2024,0.8,21,0.391304347826,0,1.0,0
1918,2024-06-21,,,,,,0.102040816327,0.107142857143,0.741573033708,,0.391304347826,0.022222222222,0.409090909091,2024,0.8,21,0.347826086957,0,1.0,0
1919,2024-06-21,,,,,,0.040816326531,0.047619047619,0.85393258427,,0.304347826087,0.988888888889,0.378787878788,2024,0.8,21,0.304347826087,0,0.99,0
1920,2024-06-21,,,,,,,,0.842696629213,,0.304347826087,0.963888888889,,2024,0.8,21,0.260869565217,0,1.0,0
1921,2024-06-21,0.103703703704,0.009036144578,0.042296072508,0.102803738318,0.129496402878,,,0.85393258427,0.054054054054,0.304347826087,0.819444444444,0.424242424242,2024,0.8,21,0.173913043478,0,1.0,0
1922,2024-06-21,0.101234567901,0.012048192771,0.054380664653,0.130841121495,0.10071942446,,,0.865168539326,0.054054054054,0.304347826087,0.863888888889,0.378787878788,2024,0.8,21,0.130434782609,0,1.0,0
1923,2024-06-21,0.140740740741,0.024096385542,0.075528700906,0.158878504673,0.093525179856,0.040816326531,0.035714285714,0.831460674157,0.054054054054,0.304347826087,,0.333333333333,2024,0.8,21,0.04347826087,0,1.0,0
1924,2024-06-21,0.177777777778,0.05421686747,0.111782477341,0.177570093458,0.064748201439,0.074829931973,0.095238095238,0.831460674157,0.054054054054,0.304347826087,0.877777777778,0.469696969697,2024,0.8,21,0.0,0,0.87,0
1925,2024-06-21,0.187654320988,0.072289156627,0.135951661631,0.196261682243,0.05035971223,0.115646258503,0.130952380952,0.797752808989,0.054054054054,0.347826086957,0.963888888889,0.409090909091,2024,0.8,21,0.086956521739,0,0.92,0
1926,2024-06-21,0.187654320988,0.072289156627,0.129909365559,0.177570093458,0.05035971223,0.108843537415,0.130952380952,0.932584269663,0.054054054054,0.260869565217,0.988888888889,0.484848484848,2024,0.8,21,0.217391304348,0,0.95,0
1927,2024-06-21,0.16049382716,0.051204819277,0.093655589124,0.140186915888,0.107913669065,0.034013605442,0.047619047619,0.842696629213,0.054054054054,0.347826086957,0.0,0.363636363636,2024,0.8,21,0.521739130435,0,0.99,0
1928,2024-06-21,0.148148148148,0.045180722892,0.087613293051,0.130841121495,0.179856115108,0.122448979592,0.107142857143,0.651685393258,0.081081081081,0.478260869565,0.983333333333,0.469696969697,2024,0.8,21,0.695652173913,0,1.0,0
1929,2024-06-21,0.106172839506,0.027108433735,0.054380664653,0.093457943925,0.230215827338,0.095238095238,0.095238095238,0.52808988764,0.054054054054,0.565217391304,0.025,0.742424242424,2024,0.8,21,0.782608695652,0,0.97,0
1930,2024-06-21,0.088888888889,0.018072289157,0.039274924471,0.065420560748,0.251798561151,0.136054421769,0.095238095238,0.494382022472,0.054054054054,0.565217391304,0.033333333333,0.924242424242,2024,0.8,21,0.913043478261,0,0.99,0
1931,2024-06-21,0.091358024691,0.021084337349,0.04833836858,0.084112149533,0.237410071942,0.136054421769,0.083333333333,0.573033707865,0.054054054054,0.521739130435,0.075,0.893939393939,2024,0.8,21,1.0,0,0.96,0
1932,2024-06-21,0.093827160494,0.015060240964,0.042296072508,0.084112149533,0.309352517986,0.08843537415,0.035714285714,0.460674157303,0.054054054054,0.565217391304,0.05,,2024,0.8,21,0.95652173913,0,0.96,0
1933,2024-06-21,0.103703703704,0.015060240964,0.04833836858,0.102803738318,0.26618705036,0.047619047619,,0.494382022472,0.054054054054,0.565217391304,,,2024,0.8,21,0.869565217391,0,0.93,0
1934,2024-06-21,0.113580246914,0.018072289157,0.051359516616,0.11214953271,0.237410071942,0.12925170068,0.035714285714,0.516853932584,0.054054054054,0.521739130435,0.019444444444,1.0,2024,0.8,21,0.826086956522,0,0.98,0
1935,2024-06-21,0.140740740741,0.024096385542,0.07250755287,0.158878504673,0.179856115108,0.149659863946,0.059523809524,0.595505617978,0.054054054054,0.478260869565,0.002777777778,0.848484848485,2024,0.8,21,0.739130434783,0,0.97,0
1936,2024-06-21,0.138271604938,0.030120481928,0.084592145015,0.158878504673,0.151079136691,0.08843537415,0.011904761905,0.629213483146,0.054054054054,0.434782608696,,0.772727272727,2024,0.8,21,0.652173913043,0,0.95,0
1937,2024-06-21,0.133333333333,0.024096385542,0.081570996979,0.177570093458,0.136690647482,0.142857142857,0.107142857143,0.674157303371,0.054054054054,0.391304347826,0.008333333333,0.712121212121,2024,0.8,21,0.608695652174,0,0.94,0
1938,2024-06-21,0.125925925926,0.015060240964,0.066465256798,0.158878504673,0.143884892086,0.095238095238,0.059523809524,0.696629213483,0.054054054054,0.347826086957,0.016666666667,0.606060606061,2024,0.8,21,0.565217391304,0,0.99,0
1939,2024-06-21,0.125925925926,0.018072289157,0.069486404834,0.158878504673,0.129496402878,0.054421768707,0.02380952381,0.719101123596,0.054054054054,0.304347826087,0.991666666667,0.469696969697,2024,0.8,21,0.478260869565,0,1.0,0
1940,2024-06-21,0.113580246914,0.015060240964,0.063444108761,0.140186915888,0.151079136691,0.061224489796,0.095238095238,0.730337078652,0.054054054054,0.304347826087,0.988888888889,0.5,2024,0.8,21,0.434782608696,0,1.0,0
1941,2024-06-22,0.158024691358,0.03313253012,0.09667673716,0.18691588785,0.028776978417,0.108843537415,0.202380952381,0.977528089888,0.054054054054,0.260869565217,0.091666666667,0.19696969697,2024,0.8,22,0.391304347826,0,1.0,0
1942,2024-06-22,0.083950617284,0.006024096386,0.036253776435,0.093457943925,0.194244604317,0.054421768707,0.047619047619,0.741573033708,0.054054054054,0.304347826087,0.027777777778,0.318181818182,2024,0.8,22,0.347826086957,0,0.99,0
1943,2024-06-22,0.079012345679,0.006024096386,0.042296072508,0.102803738318,0.179856115108,0.027210884354,0.02380952381,0.752808988764,0.054054054054,0.304347826087,1.0,0.333333333333,2024,0.8,22,0.304347826087,0,1.0,0
1944,2024-06-22,0.076543209877,0.009036144578,0.036253776435,0.084112149533,0.172661870504,0.034013605442,,0.797752808989,0.054054054054,0.260869565217,0.894444444444,0.5,2024,0.8,22,0.260869565217,0,1.0,0
1945,2024-06-22,0.091358024691,0.006024096386,0.030211480363,0.07476635514,0.179856115108,0.068027210884,0.059523809524,0.85393258427,0.054054054054,0.260869565217,0.9,0.439393939394,2024,0.8,22,0.173913043478,0,1.0,0
1946,2024-06-22,0.108641975309,0.009036144578,0.051359516616,0.130841121495,0.115107913669,0.061224489796,0.095238095238,0.876404494382,0.054054054054,0.260869565217,0.897222222222,0.333333333333,2024,0.8,22,0.130434782609,0,1.0,0
1947,2024-06-22,0.108641975309,0.021084337349,0.066465256798,0.140186915888,0.115107913669,0.068027210884,0.071428571429,0.865168539326,0.054054054054,0.260869565217,0.872222222222,0.454545454545,2024,0.8,22,0.04347826087,0,1.0,0
1948,2024-06-22,0.130864197531,0.030120481928,0.087613293051,0.168224299065,0.093525179856,0.068027210884,0.071428571429,0.85393258427,0.054054054054,0.260869565217,0.883333333333,0.424242424242,2024,0.8,22,0.0,0,1.0,0
1949,2024-06-22,0.182716049383,0.051204819277,0.114803625378,0.196261682243,0.093525179856,0.068027210884,0.071428571429,0.808988764045,0.054054054054,0.304347826087,0.863888888889,0.348484848485,2024,0.8,22,0.086956521739,0,0.99,0
1950,2024-06-22,0.140740740741,0.039156626506,0.093655589124,0.158878504673,0.136690647482,0.102040816327,0.107142857143,0.752808988764,0.054054054054,0.304347826087,0.922222222222,0.333333333333,2024,0.8,22,0.217391304348,0,0.99,0
1951,2024-06-22,0.116049382716,0.03313253012,0.069486404834,0.11214953271,0.215827338129,0.102040816327,0.142857142857,0.640449438202,0.054054054054,0.391304347826,0.930555555556,0.363636363636,2024,0.8,22,0.521739130435,0,0.98,0
1952,2024-06-22,0.116049382716,0.024096385542,0.060422960725,0.11214953271,0.244604316547,0.115646258503,0.166666666667,0.595505617978,0.054054054054,0.434782608696,0.966666666667,0.378787878788,2024,0.8,22,0.695652173913,0,1.0,0
1953,2024-06-22,0.113580246914,0.015060240964,0.051359516616,0.11214953271,0.273381294964,0.136054421769,0.154761904762,0.584269662921,0.054054054054,0.434782608696,0.980555555556,0.272727272727,2024,0.8,22,0.782608695652,0,0.99,0
1954,2024-06-22,0.123456790123,0.015060240964,0.054380664653,0.121495327103,0.287769784173,0.122448979592,0.130952380952,0.584269662921,0.054054054054,0.434782608696,0.991666666667,0.227272727273,2024,0.8,22,0.913043478261,0,0.97,0
1955,2024-06-22,0.140740740741,0.018072289157,0.060422960725,0.130841121495,0.352517985612,0.115646258503,0.119047619048,0.516853932584,0.054054054054,0.521739130435,0.772222222222,0.287878787879,2024,0.8,22,1.0,0,0.96,0
1956,2024-06-22,0.116049382716,0.015060240964,0.057401812689,0.130841121495,0.395683453237,0.156462585034,0.166666666667,0.483146067416,0.054054054054,0.565217391304,0.047222222222,0.257575757576,2024,0.8,22,0.95652173913,0,0.93,0
1957,2024-06-22,0.111111111111,0.003012048193,0.036253776435,0.102803738318,0.453237410072,0.176870748299,0.178571428571,0.47191011236,0.054054054054,0.565217391304,0.033333333333,0.287878787879,2024,0.8,22,0.869565217391,0,1.0,0
1958,2024-06-22,0.118518518519,0.006024096386,0.039274924471,0.11214953271,0.359712230216,0.156462585034,0.178571428571,0.494382022472,0.054054054054,0.565217391304,0.041666666667,0.378787878788,2024,0.8,22,0.826086956522,0,0.98,0
1959,2024-06-22,0.120987654321,0.012048192771,0.063444108761,0.158878504673,0.251798561151,0.183673469388,0.190476190476,0.516853932584,0.054054054054,0.565217391304,0.055555555556,0.378787878788,2024,0.8,22,0.739130434783,0,0.98,0
1960,2024-06-22,0.140740740741,0.009036144578,0.07250755287,0.18691588785,0.194244604317,0.170068027211,0.142857142857,0.741573033708,0.054054054054,0.434782608696,0.391666666667,0.545454545455,2024,0.8,22,0.652173913043,0,0.95,0
1961,2024-06-22,0.217283950617,0.015060240964,0.099697885196,0.261682242991,0.158273381295,0.149659863946,0.142857142857,0.955056179775,0.054054054054,0.304347826087,0.586111111111,0.378787878788,2024,0.8,22,0.608695652174,0,0.99,0
1962,2024-06-22,0.227160493827,0.024096385542,0.117824773414,0.289719626168,0.086330935252,0.149659863946,0.238095238095,0.966292134831,0.054054054054,0.304347826087,0.863888888889,0.181818181818,2024,0.8,22,0.565217391304,0,0.99,0
1963,2024-06-22,0.18024691358,0.018072289157,0.084592145015,0.214953271028,0.086330935252,0.12925170068,0.190476190476,0.977528089888,0.054054054054,0.304347826087,0.872222222222,0.257575757576,2024,0.8,22,0.478260869565,0,1.0,0
1964,2024-06-22,0.182716049383,0.018072289157,0.090634441088,0.233644859813,0.035971223022,0.122448979592,0.178571428571,0.988764044944,0.054054054054,0.260869565217,0.036111111111,0.242424242424,2024,0.8,22,0.434782608696,0,0.98,0
1965,2024-06-23,0.17037037037,0.012048192771,0.102719033233,0.280373831776,0.086330935252,0.122448979592,0.214285714286,0.977528089888,0.054054054054,0.260869565217,0.225,0.030303030303,2024,0.8,23,0.391304347826,0,1.0,0
1966,2024-06-23,0.118518518519,0.045180722892,0.09667673716,0.158878504673,0.05035971223,0.061224489796,0.095238095238,0.943820224719,0.054054054054,0.260869565217,0.172222222222,0.151515151515,2024,0.8,23,0.347826086957,0,1.0,0
1967,2024-06-23,0.113580246914,0.05421686747,0.102719033233,0.14953271028,0.035971223022,0.040816326531,0.083333333333,0.943820224719,0.054054054054,0.304347826087,0.347222222222,0.106060606061,2024,0.8,23,0.304347826087,0,1.0,0
1968,2024-06-23,0.106172839506,0.042168674699,0.09667673716,0.168224299065,0.035971223022,0.020408163265,0.047619047619,0.932584269663,0.054054054054,0.304347826087,0.255555555556,0.181818181818,2024,0.8,23,0.260869565217,0,1.0,0
1969,2024-06-23,0.108641975309,0.018072289157,0.054380664653,0.11214953271,0.057553956835,0.068027210884,0.095238095238,0.932584269663,0.027027027027,0.260869565217,0.8,0.106060606061,2024,0.8,23,0.173913043478,0,1.0,0
1970,2024-06-23,0.108641975309,0.021084337349,0.066465256798,0.140186915888,0.043165467626,0.061224489796,0.071428571429,0.932584269663,0.054054054054,0.260869565217,0.855555555556,0.242424242424,2024,0.8,23,0.130434782609,0,1.0,0
1971,2024-06-23,0.128395061728,0.021084337349,0.07250755287,0.158878504673,0.021582733813,0.047619047619,0.107142857143,0.943820224719,0.054054054054,0.260869565217,0.980555555556,0.075757575758,2024,0.8,23,0.04347826087,0,1.0,0
1972,2024-06-23,0.145679012346,0.05421686747,0.108761329305,0.168224299065,0.021582733813,0.054421768707,0.107142857143,0.932584269663,0.054054054054,0.304347826087,0.425,0.045454545455,2024,0.8,23,0.0,0,1.0,0
1973,2024-06-23,0.175308641975,0.069277108434,0.132930513595,0.196261682243,0.043165467626,0.074829931973,0.130952380952,0.898876404494,0.054054054054,0.304347826087,0.319444444444,0.106060606061,2024,0.8,23,0.086956521739,0,1.0,0
1974,2024-06-23,0.165432098765,0.060240963855,0.117824773414,0.177570093458,0.115107913669,0.108843537415,0.130952380952,0.808988764045,0.054054054054,0.391304347826,0.25,0.19696969697,2024,0.8,23,0.217391304348,0,1.0,0
1975,2024-06-23,0.133333333333,0.027108433735,0.069486404834,0.121495327103,0.223021582734,0.142857142857,0.190476190476,0.719101123596,0.054054054054,0.434782608696,0.388888888889,0.212121212121,2024,0.8,23,0.521739130435,0,0.99,0
1976,2024-06-23,0.113580246914,0.015060240964,0.045317220544,0.093457943925,0.330935251799,0.136054421769,0.166666666667,0.606741573034,0.054054054054,0.521739130435,0.419444444444,0.257575757576,2024,0.8,23,0.695652173913,0,1.0,0
1977,2024-06-23,0.113580246914,0.009036144578,0.033232628399,0.07476635514,0.381294964029,0.142857142857,0.202380952381,0.539325842697,0.054054054054,0.565217391304,0.480555555556,0.287878787879,2024,0.8,23,0.782608695652,0,0.99,0
1978,2024-06-23,0.123456790123,0.009036144578,0.036253776435,0.084112149533,0.388489208633,0.136054421769,0.178571428571,0.505617977528,0.054054054054,0.608695652174,0.477777777778,0.30303030303,2024,0.8,23,0.913043478261,0,1.0,0
1979,2024-06-23,0.103703703704,0.003012048193,0.02416918429,0.056074766355,0.381294964029,0.081632653061,0.107142857143,0.494382022472,0.054054054054,0.608695652174,0.363888888889,0.318181818182,2024,0.8,23,1.0,0,0.99,0
1980,2024-06-23,0.101234567901,0.006024096386,0.030211480363,0.07476635514,0.352517985612,0.061224489796,0.059523809524,0.494382022472,0.054054054054,0.608695652174,0.341666666667,0.333333333333,2024,0.8,23,0.95652173913,0,1.0,0
1981,2024-06-23,0.120987654321,0.006024096386,0.039274924471,0.102803738318,0.230215827338,0.122448979592,0.142857142857,0.52808988764,0.054054054054,0.565217391304,0.472222222222,0.454545454545,2024,0.8,23,0.869565217391,0,1.0,0
1982,2024-06-23,0.182716049383,0.006024096386,0.069486404834,0.196261682243,0.26618705036,0.068027210884,0.059523809524,0.85393258427,0.054054054054,0.347826086957,0.936111111111,0.484848484848,2024,0.8,23,0.826086956522,0,1.0,0
1983,2024-06-23,0.232098765432,0.012048192771,0.105740181269,0.289719626168,0.194244604317,0.095238095238,0.166666666667,0.921348314607,0.054054054054,0.304347826087,0.227777777778,0.181818181818,2024,0.8,23,0.739130434783,0,1.0,0
1984,2024-06-23,0.135802469136,0.045180722892,0.151057401813,0.327102803738,0.136690647482,0.136054421769,0.22619047619,0.932584269663,0.054054054054,0.260869565217,0.180555555556,0.378787878788,2024,0.8,23,0.652173913043,0,1.0,0
1985,2024-06-23,0.204938271605,0.021084337349,0.129909365559,0.336448598131,0.129496402878,0.136054421769,0.190476190476,0.966292134831,0.054054054054,0.260869565217,0.894444444444,0.151515151515,2024,0.8,23,0.608695652174,0,0.95,0
1986,2024-06-23,0.195061728395,0.012048192771,0.084592145015,0.224299065421,0.179856115108,0.122448979592,0.178571428571,0.966292134831,0.054054054054,0.260869565217,0.961111111111,0.166666666667,2024,0.8,23,0.565217391304,0,0.98,0
1987,2024-06-23,0.222222222222,0.018072289157,0.135951661631,0.364485981308,0.079136690647,0.115646258503,0.202380952381,0.966292134831,0.054054054054,0.260869565217,0.077777777778,0.212121212121,2024,0.8,23,0.478260869565,0,0.96,0
1988,2024-06-23,0.182716049383,0.018072289157,0.102719033233,0.271028037383,0.129496402878,0.142857142857,0.22619047619,0.977528089888,0.054054054054,0.260869565217,0.438888888889,0.090909090909,2024,0.8,23,0.434782608696,0,1.0,0
1989,2024-06-24,0.18024691358,0.024096385542,0.117824773414,0.289719626168,0.028776978417,0.081632653061,0.119047619048,0.966292134831,0.054054054054,0.260869565217,0.991666666667,0.19696969697,2024,0.8,24,0.391304347826,0,1.0,0
1990,2024-06-24,0.232098765432,0.084337349398,0.205438066465,0.383177570093,0.021582733813,0.176870748299,0.22619047619,0.977528089888,0.054054054054,0.260869565217,0.138888888889,0.166666666667,2024,0.8,24,0.347826086957,0,1.0,0
1991,2024-06-24,0.197530864198,0.057228915663,0.163141993958,0.336448598131,0.028776978417,0.197278911565,0.297619047619,0.966292134831,0.054054054054,0.260869565217,0.205555555556,0.106060606061,2024,0.8,24,0.304347826087,0,1.0,0
1992,2024-06-24,0.204938271605,0.093373493976,0.214501510574,0.373831775701,0.014388489209,0.163265306122,0.285714285714,0.977528089888,0.054054054054,0.260869565217,0.394444444444,0.075757575758,2024,0.8,24,0.260869565217,0,1.0,0
1993,2024-06-24,0.19012345679,0.039156626506,0.148036253776,0.336448598131,0.028776978417,0.156462585034,0.25,0.966292134831,0.054054054054,0.260869565217,0.336111111111,0.075757575758,2024,0.8,24,0.173913043478,0,1.0,0
1994,2024-06-24,0.187654320988,0.057228915663,0.148036253776,0.280373831776,0.028776978417,0.231292517007,0.309523809524,0.955056179775,0.054054054054,0.260869565217,0.119444444444,0.075757575758,2024,0.8,24,0.130434782609,0,1.0,0
1995,2024-06-24,0.269135802469,0.105421686747,0.205438066465,0.299065420561,0.014388489209,0.258503401361,0.333333333333,0.955056179775,0.081081081081,0.260869565217,0.480555555556,0.090909090909,2024,0.8,24,0.04347826087,0,1.0,0
1996,2024-06-24,0.330864197531,0.14156626506,0.250755287009,0.336448598131,0.014388489209,0.353741496599,0.47619047619,0.943820224719,0.081081081081,0.304347826087,0.425,,2024,0.8,24,0.0,0,0.99,0
1997,2024-06-24,0.36049382716,0.171686746988,0.287009063444,0.355140186916,0.028776978417,0.374149659864,0.488095238095,0.898876404494,0.081081081081,0.304347826087,0.825,0.121212121212,2024,0.8,24,0.086956521739,0,0.95,0
1998,2024-06-24,0.353086419753,0.201807228916,0.326283987915,0.373831775701,0.028776978417,0.394557823129,0.547619047619,0.85393258427,0.108108108108,0.347826086957,0.883333333333,0.257575757576,2024,0.8,24,0.217391304348,0,0.98,0
1999,2024-06-24,0.271604938272,0.10843373494,0.208459214502,0.308411214953,0.071942446043,0.517006802721,0.690476190476,0.808988764045,0.081081081081,0.391304347826,0.833333333333,0.19696969697,2024,0.8,24,0.521739130435,0,0.98,0
2000,2024-06-24,0.244444444444,0.090361445783,0.214501510574,0.373831775701,0.093525179856,0.394557823129,0.5,0.76404494382,0.108108108108,0.434782608696,0.136111111111,,2024,0.8,24,0.695652173913,0,1.0,0
2001,2024-06-24,0.269135802469,0.078313253012,0.223564954683,0.448598130841,0.165467625899,0.380952380952,0.52380952381,0.707865168539,0.081081081081,0.478260869565,0.194444444444,0.257575757576,2024,0.8,24,0.782608695652,0,0.98,0
2002,2024-06-24,0.197530864198,0.024096385542,0.111782477341,0.271028037383,0.338129496403,0.47619047619,0.678571428571,0.640449438202,0.081081081081,0.478260869565,0.133333333333,0.287878787879,2024,0.8,24,0.913043478261,0,0.93,0
2003,2024-06-24,0.187654320988,0.015060240964,0.090634441088,0.233644859813,0.460431654676,0.333333333333,0.47619047619,0.595505617978,0.081081081081,0.521739130435,0.297222222222,,2024,0.8,24,1.0,0,0.97,0
2004,2024-06-24,0.241975308642,0.009036144578,0.081570996979,0.224299065421,0.604316546763,,,0.584269662921,0.108108108108,0.565217391304,0.416666666667,0.378787878788,2024,0.8,24,0.95652173913,0,0.97,0
2005,2024-06-24,0.17037037037,0.003012048193,0.039274924471,0.102803738318,0.503597122302,,,0.52808988764,0.081081081081,0.608695652174,0.427777777778,0.454545454545,2024,0.8,24,0.869565217391,0,1.0,0
2006,2024-06-24,0.158024691358,0.027108433735,0.090634441088,0.196261682243,0.194244604317,,,0.61797752809,0.027027027027,0.521739130435,0.227777777778,0.590909090909,2024,0.8,24,0.826086956522,0,0.96,0
2007,2024-06-24,0.2,0.024096385542,0.105740181269,0.261682242991,0.107913669065,,,0.842696629213,0.027027027027,0.391304347826,0.016666666667,0.484848484848,2024,0.8,24,0.739130434783,0,1.0,0
2008,2024-06-24,0.261728395062,0.069277108434,0.187311178248,0.364485981308,0.043165467626,0.190476190476,0.22619047619,0.898876404494,0.054054054054,0.347826086957,0.855555555556,,2024,0.8,24,0.652173913043,0,0.87,0
2009,2024-06-24,0.202469135802,0.030120481928,0.108761329305,0.252336448598,0.115107913669,0.102040816327,0.107142857143,0.876404494382,0.054054054054,0.304347826087,0.847222222222,0.333333333333,2024,0.8,24,0.608695652174,0,0.96,0
2010,2024-06-24,0.21975308642,0.042168674699,0.129909365559,0.271028037383,0.086330935252,0.142857142857,0.202380952381,0.955056179775,0.054054054054,0.260869565217,0.75,0.257575757576,2024,0.8,24,0.565217391304,0,1.0,0
2011,2024-06-24,0.177777777778,0.021084337349,0.090634441088,0.224299065421,0.107913669065,0.122448979592,0.178571428571,0.966292134831,0.054054054054,0.260869565217,0.9,0.257575757576,2024,0.8,24,0.478260869565,0,1.0,0
2012,2024-06-24,0.197530864198,0.030120481928,0.126888217523,0.299065420561,0.043165467626,0.081632653061,0.095238095238,0.966292134831,0.054054054054,0.260869565217,0.922222222222,0.212121212121,2024,0.8,24,0.434782608696,0,1.0,0
2013,2024-06-25,0.19012345679,0.030120481928,0.111782477341,0.252336448598,0.035971223022,0.081632653061,0.130952380952,0.966292134831,0.054054054054,0.260869565217,0.627777777778,0.106060606061,2024,0.8,25,0.391304347826,0,1.0,0
2014,2024-06-25,0.187654320988,0.093373493976,0.181268882175,0.271028037383,0.014388489209,0.068027210884,0.142857142857,0.977528089888,0.054054054054,0.260869565217,0.158333333333,,2024,0.8,25,0.347826086957,0,1.0,0
2015,2024-06-25,0.177777777778,0.030120481928,0.105740181269,0.233644859813,0.014388489209,0.095238095238,0.107142857143,1.0,0.054054054054,0.260869565217,0.102777777778,0.121212121212,2024,0.8,25,0.304347826087,0,1.0,0
2016,2024-06-25,0.153086419753,0.048192771084,0.114803625378,0.205607476636,0.035971223022,0.102040816327,0.119047619048,1.0,0.054054054054,0.260869565217,0.052777777778,,2024,0.8,25,0.260869565217,0,1.0,0
2017,2024-06-25,0.130864197531,0.018072289157,0.069486404834,0.168224299065,0.064748201439,0.020408163265,0.154761904762,1.0,0.054054054054,0.217391304348,0.777777777778,0.121212121212,2024,0.8,25,0.173913043478,0,1.0,0
2018,2024-06-25,0.123456790123,0.015060240964,0.04833836858,0.093457943925,0.10071942446,0.108843537415,0.178571428571,0.988764044944,0.054054054054,0.217391304348,0.875,0.19696969697,2024,0.8,25,0.130434782609,0,1.0,0
2019,2024-06-25,0.150617283951,0.03313253012,0.081570996979,0.158878504673,0.071942446043,0.095238095238,0.154761904762,0.977528089888,0.054054054054,0.217391304348,0.888888888889,0.106060606061,2024,0.8,25,0.04347826087,0,1.0,0
2020,2024-06-25,0.177777777778,0.039156626506,0.108761329305,0.214953271028,0.028776978417,0.074829931973,0.107142857143,0.966292134831,0.054054054054,0.260869565217,0.041666666667,0.060606060606,2024,0.8,25,0.0,0,0.98,0
2021,2024-06-25,0.241975308642,0.069277108434,0.141993957704,0.224299065421,0.021582733813,0.108843537415,0.166666666667,0.966292134831,0.054054054054,0.260869565217,0.388888888889,0.075757575758,2024,0.8,25,0.086956521739,0,0.94,0
2022,2024-06-25,0.365432098765,0.138554216867,0.226586102719,0.271028037383,0.028776978417,0.122448979592,0.166666666667,0.977528089888,0.081081081081,0.260869565217,0.469444444444,0.121212121212,2024,0.8,25,0.217391304348,0,0.97,0
2023,2024-06-25,0.296296296296,0.105421686747,0.205438066465,0.299065420561,0.05035971223,0.156462585034,0.238095238095,0.921348314607,0.081081081081,0.304347826087,0.111111111111,0.090909090909,2024,0.8,25,0.521739130435,0,0.98,0
2024,2024-06-25,0.291358024691,0.102409638554,0.211480362538,0.336448598131,0.064748201439,0.176870748299,0.27380952381,0.865168539326,0.081081081081,0.347826086957,0.033333333333,0.166666666667,2024,0.8,25,0.695652173913,0,0.99,0
2025,2024-06-25,0.23950617284,0.063253012048,0.163141993958,0.308411214953,0.151079136691,0.224489795918,0.297619047619,0.775280898876,0.081081081081,0.391304347826,0.105555555556,0.166666666667,2024,0.8,25,0.782608695652,0,0.97,0
2026,2024-06-25,0.259259259259,0.045180722892,0.151057401813,0.327102803738,0.258992805755,0.244897959184,0.345238095238,0.696629213483,0.054054054054,0.478260869565,0.8,0.181818181818,2024,0.8,25,0.913043478261,0,0.93,0
2027,2024-06-25,0.185185185185,0.018072289157,0.090634441088,0.224299065421,0.410071942446,0.299319727891,0.416666666667,0.595505617978,0.054054054054,0.521739130435,0.944444444444,0.212121212121,2024,0.8,25,1.0,0,0.97,0
2028,2024-06-25,0.167901234568,0.009036144578,0.063444108761,0.177570093458,0.489208633094,0.21768707483,0.297619047619,0.52808988764,0.054054054054,0.565217391304,0.411111111111,0.424242424242,2024,0.8,25,0.95652173913,0,0.99,0
2029,2024-06-25,0.167901234568,0.012048192771,0.063444108761,0.168224299065,0.359712230216,0.224489795918,0.309523809524,0.573033707865,0.054054054054,0.521739130435,0.425,0.5,2024,0.8,25,0.869565217391,0,0.96,0
2030,2024-06-25,0.165432098765,0.009036144578,0.078549848943,0.214953271028,0.302158273381,0.183673469388,0.238095238095,0.606741573034,0.054054054054,0.521739130435,0.275,0.378787878788,2024,0.8,25,0.826086956522,0,0.96,0
2031,2024-06-25,0.217283950617,0.027108433735,0.126888217523,0.308411214953,0.093525179856,0.163265306122,0.190476190476,0.752808988764,0.054054054054,0.434782608696,0.038888888889,0.484848484848,2024,0.8,25,0.739130434783,0,0.95,0
2032,2024-06-25,0.269135802469,0.051204819277,0.172205438066,0.383177570093,0.064748201439,0.170068027211,0.130952380952,0.76404494382,0.081081081081,0.391304347826,0.913888888889,0.515151515152,2024,0.8,25,0.652173913043,0,0.95,0
2033,2024-06-25,0.271604938272,0.05421686747,0.199395770393,0.448598130841,0.035971223022,0.224489795918,0.27380952381,0.820224719101,0.054054054054,0.347826086957,0.863888888889,0.5,2024,0.8,25,0.608695652174,0,0.95,0
2034,2024-06-25,0.167901234568,0.036144578313,0.117824773414,0.252336448598,0.086330935252,0.21768707483,0.214285714286,0.887640449438,0.054054054054,0.304347826087,0.983333333333,0.378787878788,2024,0.8,25,0.565217391304,0,0.97,0
2035,2024-06-25,0.133333333333,0.018072289157,0.066465256798,0.14953271028,0.079136690647,0.149659863946,0.190476190476,0.955056179775,0.054054054054,0.260869565217,0.013888888889,0.121212121212,2024,0.8,25,0.478260869565,0,0.98,0
2036,2024-06-25,0.19012345679,0.027108433735,0.09667673716,0.214953271028,0.043165467626,0.034013605442,0.02380952381,0.955056179775,0.054054054054,0.260869565217,0.730555555556,0.106060606061,2024,0.8,25,0.434782608696,0,1.0,0
2037,2024-06-26,0.093827160494,,,,,0.251700680272,0.309523809524,0.943820224719,,0.217391304348,0.866666666667,0.636363636364,2024,0.8,26,0.391304347826,0,0.99,0
2038,2024-06-26,0.175308641975,0.021084337349,0.102719033233,0.252336448598,0.05035971223,0.08843537415,0.130952380952,0.966292134831,0.054054054054,0.260869565217,0.608333333333,0.121212121212,2024,0.8,26,0.347826086957,0,1.0,0
2039,2024-06-26,0.16049382716,0.021084337349,0.090634441088,0.214953271028,0.043165467626,0.102040816327,0.202380952381,0.977528089888,0.054054054054,0.260869565217,0.552777777778,0.106060606061,2024,0.8,26,0.304347826087,0,1.0,0
2040,2024-06-26,0.123456790123,0.009036144578,0.057401812689,0.14953271028,0.071942446043,0.095238095238,0.130952380952,0.977528089888,0.054054054054,0.260869565217,0.602777777778,0.075757575758,2024,0.8,26,0.260869565217,0,1.0,0
2041,2024-06-26,0.130864197531,0.015060240964,0.07250755287,0.177570093458,0.05035971223,0.081632653061,0.071428571429,0.966292134831,0.054054054054,0.260869565217,0.458333333333,0.106060606061,2024,0.8,26,0.173913043478,0,1.0,0
2042,2024-06-26,0.120987654321,0.045180722892,0.108761329305,0.18691588785,0.05035971223,0.068027210884,0.083333333333,0.977528089888,0.054054054054,0.260869565217,0.213888888889,,2024,0.8,26,0.130434782609,0,1.0,0
2043,2024-06-26,0.143209876543,0.030120481928,0.087613293051,0.177570093458,0.05035971223,0.081632653061,0.130952380952,0.977528089888,0.054054054054,0.217391304348,0.433333333333,0.106060606061,2024,0.8,26,0.04347826087,0,1.0,0
2044,2024-06-26,0.21975308642,0.072289156627,0.14501510574,0.233644859813,0.021582733813,0.068027210884,0.107142857143,0.966292134831,0.054054054054,0.260869565217,0.441666666667,0.121212121212,2024,0.8,26,0.0,0,1.0,0
2045,2024-06-26,0.288888888889,0.105421686747,0.184290030211,0.233644859813,0.028776978417,0.102040816327,0.142857142857,0.943820224719,0.054054054054,0.304347826087,0.411111111111,0.121212121212,2024,0.8,26,0.086956521739,0,0.95,0
2046,2024-06-26,0.261728395062,0.102409638554,0.190332326284,0.271028037383,0.064748201439,0.102040816327,0.142857142857,0.887640449438,0.054054054054,0.304347826087,0.294444444444,0.166666666667,2024,0.8,26,0.217391304348,0,0.97,0
2047,2024-06-26,0.214814814815,0.066265060241,0.148036253776,0.252336448598,0.129496402878,0.12925170068,0.166666666667,0.786516853933,0.054054054054,0.391304347826,0.247222222222,,2024,0.8,26,0.521739130435,0,0.98,0
2048,2024-06-26,0.185185185185,0.048192771084,0.126888217523,0.242990654206,0.223021582734,0.095238095238,0.083333333333,0.696629213483,0.054054054054,0.478260869565,0.266666666667,0.287878787879,2024,0.8,26,0.695652173913,0,1.0,0
2049,2024-06-26,0.128395061728,0.018072289157,0.060422960725,0.130841121495,0.352517985612,0.142857142857,0.178571428571,0.584269662921,0.108108108108,0.521739130435,0.225,0.318181818182,2024,0.8,26,0.782608695652,0,0.87,0
2050,2024-06-26,0.111111111111,0.012048192771,0.04833836858,0.121495327103,0.438848920863,0.149659863946,0.202380952381,0.505617977528,0.108108108108,0.565217391304,0.311111111111,0.333333333333,2024,0.8,26,0.913043478261,0,0.98,0
2051,2024-06-26,0.330864197531,0.090361445783,0.214501510574,0.383177570093,0.043165467626,0.251700680272,0.309523809524,0.865168539326,0.081081081081,0.347826086957,0.958333333333,0.424242424242,2024,0.8,26,0.434782608696,0,1.0,0
2052,2024-06-27,0.133333333333,0.012048192771,0.069486404834,0.18691588785,0.143884892086,0.115646258503,0.154761904762,0.910112359551,0.054054054054,0.304347826087,0.875,0.181818181818,2024,0.8,27,0.391304347826,0,1.0,0
2053,2024-06-27,,,,,,0.061224489796,0.107142857143,0.977528089888,,0.217391304348,0.752777777778,0.257575757576,2024,0.8,27,0.347826086957,0,0.99,0
2054,2024-06-27,,,,,,0.061224489796,0.095238095238,0.988764044944,,0.217391304348,0.586111111111,0.212121212121,2024,0.8,27,0.304347826087,0,1.0,0
2055,2024-06-27,,,,,,0.08843537415,0.142857142857,0.988764044944,,0.217391304348,0.486111111111,0.106060606061,2024,0.8,27,0.260869565217,0,1.0,0
2056,2024-06-27,0.123456790123,0.009036144578,0.060422960725,0.158878504673,0.086330935252,0.074829931973,0.107142857143,0.977528089888,0.054054054054,0.217391304348,0.330555555556,0.136363636364,2024,0.8,27,0.173913043478,0,1.0,0
2057,2024-06-27,0.130864197531,0.018072289157,0.105740181269,0.271028037383,0.035971223022,0.095238095238,0.095238095238,0.988764044944,0.054054054054,0.217391304348,0.083333333333,0.212121212121,2024,0.8,27,0.130434782609,0,1.0,0
2058,2024-06-27,0.120987654321,0.012048192771,0.084592145015,0.233644859813,0.057553956835,0.047619047619,0.107142857143,0.988764044944,0.054054054054,0.217391304348,0.044444444444,0.060606060606,2024,0.8,27,0.04347826087,0,1.0,0
2059,2024-06-27,0.217283950617,0.081325301205,0.181268882175,0.308411214953,0.021582733813,0.054421768707,0.095238095238,0.977528089888,0.054054054054,0.217391304348,0.344444444444,0.075757575758,2024,0.8,27,0.0,0,0.95,0
2060,2024-06-27,0.308641975309,0.174698795181,0.299093655589,0.383177570093,0.028776978417,0.074829931973,0.119047619048,0.943820224719,0.081081081081,0.260869565217,0.394444444444,0.121212121212,2024,0.8,27,0.086956521739,0,0.96,0
2061,2024-06-27,0.224691358025,0.129518072289,0.247734138973,0.364485981308,0.071942446043,0.12925170068,0.190476190476,0.876404494382,0.081081081081,0.304347826087,0.25,0.136363636364,2024,0.8,27,0.217391304348,0,0.94,0
2062,2024-06-27,0.214814814815,0.078313253012,0.184290030211,0.327102803738,0.136690647482,0.136054421769,0.202380952381,0.775280898876,0.081081081081,0.391304347826,0.411111111111,0.166666666667,2024,0.8,27,0.521739130435,0,0.99,0
2063,2024-06-27,0.192592592593,0.057228915663,0.154078549849,0.299065420561,0.223021582734,0.142857142857,0.214285714286,0.696629213483,0.081081081081,0.434782608696,0.255555555556,0.318181818182,2024,0.8,27,0.695652173913,0,0.99,0
2064,2024-06-27,0.165432098765,0.027108433735,0.105740181269,0.242990654206,0.352517985612,0.197278911565,0.214285714286,0.640449438202,0.081081081081,0.478260869565,0.113888888889,0.257575757576,2024,0.8,27,0.782608695652,0,0.97,0
2065,2024-06-27,0.175308641975,0.012048192771,0.084592145015,0.224299065421,0.553956834532,0.190476190476,0.25,0.561797752809,0.081081081081,0.565217391304,0.061111111111,0.287878787879,2024,0.8,27,0.913043478261,0,0.98,0
2066,2024-06-29,0.16049382716,0.042168674699,0.108761329305,0.205607476636,0.194244604317,0.238095238095,0.297619047619,0.640449438202,0.081081081081,0.478260869565,0.394444444444,0.181818181818,2024,0.8,29,0.695652173913,0,0.97,0
2067,2024-06-29,0.17037037037,0.03313253012,0.12084592145,0.271028037383,0.302158273381,0.156462585034,0.166666666667,0.584269662921,0.081081081081,0.521739130435,0.097222222222,0.318181818182,2024,0.8,29,0.782608695652,0,0.94,0
2068,2024-06-29,0.130864197531,0.015060240964,0.07250755287,0.168224299065,0.424460431655,0.238095238095,0.261904761905,0.52808988764,0.081081081081,0.565217391304,0.080555555556,0.409090909091,2024,0.8,29,0.913043478261,0,0.96,0
2069,2024-06-29,0.103703703704,0.009036144578,0.045317220544,0.11214953271,0.41726618705,0.190476190476,0.190476190476,0.426966292135,0.081081081081,0.652173913043,0.025,0.439393939394,2024,0.8,29,1.0,0,0.94,0
2070,2024-06-29,0.074074074074,0.006024096386,0.036253776435,0.084112149533,0.431654676259,0.210884353741,0.309523809524,0.415730337079,0.054054054054,0.652173913043,0.119444444444,0.409090909091,2024,0.8,29,0.95652173913,0,0.98,0
2071,2024-06-29,0.16049382716,0.012048192771,0.078549848943,0.205607476636,0.36690647482,0.108843537415,0.107142857143,0.438202247191,0.081081081081,0.652173913043,0.566666666667,0.469696969697,2024,0.8,29,0.869565217391,0,0.98,0
2072,2024-06-29,0.202469135802,0.036144578313,0.117824773414,0.252336448598,0.223021582734,0.176870748299,0.22619047619,0.426966292135,0.324324324324,0.608695652174,0.583333333333,0.454545454545,2024,0.8,29,0.826086956522,0,1.0,0
2073,2024-06-29,0.187654320988,0.024096385542,0.111782477341,0.271028037383,0.280575539568,0.156462585034,0.178571428571,0.426966292135,0.324324324324,0.652173913043,0.794444444444,0.333333333333,2024,0.8,29,0.739130434783,0,1.0,0
2074,2024-06-29,0.128395061728,0.021084337349,0.07250755287,0.158878504673,0.165467625899,0.176870748299,0.214285714286,0.561797752809,0.081081081081,0.565217391304,0.997222222222,0.575757575758,2024,0.8,29,0.652173913043,0,1.0,0
2075,2024-06-29,0.177777777778,0.036144578313,0.114803625378,0.233644859813,0.086330935252,0.149659863946,0.119047619048,0.61797752809,0.081081081081,0.478260869565,0.958333333333,0.484848484848,2024,0.8,29,0.608695652174,0,0.98,0
2076,2024-06-29,0.088888888889,0.030120481928,0.075528700906,0.140186915888,0.115107913669,0.163265306122,0.142857142857,0.651685393258,0.054054054054,0.434782608696,0.094444444444,0.606060606061,2024,0.8,29,0.565217391304,0,0.99,0
2077,2024-06-29,0.128395061728,0.027108433735,0.084592145015,0.177570093458,0.064748201439,0.136054421769,0.095238095238,0.876404494382,0.054054054054,0.347826086957,0.594444444444,0.242424242424,2024,0.8,29,0.478260869565,0,1.0,0
2078,2024-06-29,0.17037037037,0.024096385542,0.087613293051,0.196261682243,0.079136690647,0.122448979592,0.130952380952,0.932584269663,0.054054054054,0.304347826087,0.655555555556,0.363636363636,2024,0.8,29,0.434782608696,0,1.0,0
2079,2024-06-30,0.111111111111,0.021084337349,0.063444108761,0.130841121495,0.028776978417,0.027210884354,0.011904761905,0.966292134831,0.081081081081,0.260869565217,0.886111111111,0.393939393939,2024,0.8,30,0.391304347826,0,1.0,0
2080,2024-06-30,0.145679012346,0.024096385542,0.078549848943,0.168224299065,0.05035971223,0.08843537415,0.190476190476,0.876404494382,0.054054054054,0.304347826087,0.963888888889,,2024,0.8,30,0.347826086957,0,1.0,0
2081,2024-06-30,0.130864197531,0.012048192771,0.060422960725,0.14953271028,0.057553956835,0.122448979592,0.130952380952,0.85393258427,0.054054054054,0.304347826087,0.975,0.121212121212,2024,0.8,30,0.304347826087,0,1.0,0
2082,2024-06-30,0.101234567901,0.018072289157,0.051359516616,0.102803738318,0.071942446043,0.136054421769,0.119047619048,0.842696629213,0.054054054054,0.260869565217,1.0,0.227272727273,2024,0.8,30,0.260869565217,0,1.0,0
2083,2024-06-30,0.098765432099,0.015060240964,0.054380664653,0.121495327103,0.057553956835,0.163265306122,0.178571428571,0.842696629213,0.054054054054,0.260869565217,0.827777777778,0.242424242424,2024,0.8,30,0.173913043478,0,1.0,0
2084,2024-06-30,0.113580246914,0.018072289157,0.063444108761,0.140186915888,0.043165467626,0.149659863946,0.154761904762,0.865168539326,0.081081081081,0.260869565217,0.888888888889,0.318181818182,2024,0.8,30,0.130434782609,0,1.0,0
2085,2024-06-30,0.113580246914,0.030120481928,0.081570996979,0.158878504673,0.035971223022,0.176870748299,0.25,0.865168539326,0.108108108108,0.260869565217,0.822222222222,0.333333333333,2024,0.8,30,0.04347826087,0,1.0,0
2086,2024-06-30,0.111111111111,0.03313253012,0.066465256798,0.11214953271,0.057553956835,0.210884353741,0.261904761905,0.85393258427,0.162162162162,0.304347826087,0.827777777778,0.424242424242,2024,0.8,30,0.0,0,1.0,0
2087,2024-06-30,0.130864197531,0.045180722892,0.075528700906,0.102803738318,0.064748201439,0.170068027211,0.22619047619,0.820224719101,0.216216216216,0.304347826087,,0.393939393939,2024,0.8,30,0.086956521739,0,1.0,0
2088,2024-06-30,0.120987654321,0.05421686747,0.090634441088,0.102803738318,0.086330935252,0.156462585034,0.214285714286,0.752808988764,0.27027027027,0.347826086957,0.936111111111,0.333333333333,2024,0.8,30,0.217391304348,0,1.0,0
2089,2024-06-30,0.093827160494,0.03313253012,0.057401812689,0.07476635514,0.143884892086,0.176870748299,0.214285714286,0.651685393258,0.135135135135,0.434782608696,0.897222222222,0.287878787879,2024,0.8,30,0.521739130435,0,1.0,0
2090,2024-06-30,0.093827160494,0.024096385542,0.051359516616,0.07476635514,0.158273381295,0.122448979592,0.166666666667,0.61797752809,0.108108108108,0.434782608696,0.9,0.333333333333,2024,0.8,30,0.695652173913,0,1.0,0
2091,2024-06-30,0.135802469136,0.030120481928,0.066465256798,0.11214953271,0.165467625899,0.122448979592,0.178571428571,0.629213483146,0.081081081081,0.478260869565,0.866666666667,0.5,2024,0.8,30,0.782608695652,0,1.0,0
2092,2024-06-30,0.133333333333,0.030120481928,0.063444108761,0.102803738318,0.151079136691,0.156462585034,0.190476190476,0.674157303371,0.108108108108,0.478260869565,0.908333333333,0.560606060606,2024,0.8,30,0.913043478261,0,0.98,0
2093,2024-06-30,0.145679012346,0.039156626506,0.07250755287,0.093457943925,0.115107913669,0.190476190476,0.22619047619,0.898876404494,0.189189189189,0.347826086957,0.913888888889,0.515151515152,2024,0.8,30,1.0,0,0.98,0
2094,2024-06-30,0.128395061728,0.03313253012,0.054380664653,0.065420560748,0.136690647482,0.149659863946,0.238095238095,0.797752808989,0.189189189189,0.391304347826,0.897222222222,0.681818181818,2024,0.8,30,0.95652173913,0,1.0,0
2095,2024-06-30,0.116049382716,0.030120481928,0.054380664653,0.065420560748,0.151079136691,0.108843537415,0.154761904762,0.696629213483,0.216216216216,0.478260869565,0.902777777778,0.69696969697,2024,0.8,30,0.869565217391,0,1.0,0
2096,2024-06-30,0.106172839506,0.030120481928,0.051359516616,0.065420560748,0.129496402878,0.122448979592,0.119047619048,0.719101123596,0.324324324324,0.434782608696,0.905555555556,0.757575757576,2024,0.8,30,0.826086956522,0,1.0,0
2097,2024-06-30,0.106172839506,0.024096385542,0.045317220544,0.065420560748,0.115107913669,0.102040816327,0.107142857143,0.808988764045,0.189189189189,0.391304347826,0.872222222222,0.651515151515,2024,0.8,30,0.739130434783,0,1.0,0
2098,2024-06-30,0.120987654321,0.027108433735,0.063444108761,0.11214953271,0.071942446043,0.08843537415,0.119047619048,0.865168539326,0.162162162162,0.347826086957,0.841666666667,0.469696969697,2024,0.8,30,0.652173913043,0,1.0,0
2099,2024-06-30,0.123456790123,0.024096385542,0.063444108761,0.121495327103,0.057553956835,0.081632653061,0.107142857143,0.831460674157,0.216216216216,0.391304347826,0.861111111111,0.484848484848,2024,0.8,30,0.608695652174,0,1.0,0
2100,2024-06-30,0.111111111111,0.018072289157,0.045317220544,0.084112149533,0.071942446043,0.095238095238,0.119047619048,0.865168539326,0.135135135135,0.347826086957,0.894444444444,0.560606060606,2024,0.8,30,0.565217391304,0,1.0,0
2101,2024-06-30,0.135802469136,0.03313253012,0.078549848943,0.14953271028,0.021582733813,0.081632653061,0.095238095238,0.943820224719,0.135135135135,0.304347826087,0.869444444444,0.378787878788,2024,0.8,30,0.478260869565,0,1.0,0
2102,2024-06-30,0.101234567901,0.018072289157,0.04833836858,0.093457943925,0.043165467626,0.115646258503,0.154761904762,0.955056179775,0.108108108108,0.260869565217,0.872222222222,0.424242424242,2024,0.8,30,0.434782608696,0,0.99,0
2103,2024-07-01,0.17037037037,0.051204819277,0.12084592145,0.214953271028,0.021582733813,0.136054421769,0.083333333333,0.831460674157,0.054054054054,0.347826086957,0.091666666667,0.30303030303,2024,0.4,1,0.391304347826,0,1.0,0
2104,2024-07-01,0.079012345679,0.018072289157,0.051359516616,0.102803738318,0.043165467626,0.034013605442,0.071428571429,0.977528089888,0.081081081081,0.260869565217,0.869444444444,0.454545454545,2024,0.4,1,0.347826086957,0,0.99,0
2105,2024-07-01,0.071604938272,0.012048192771,0.042296072508,0.093457943925,0.05035971223,0.040816326531,0.059523809524,0.977528089888,0.108108108108,0.260869565217,,0.378787878788,2024,0.4,1,0.304347826087,0,1.0,0
2106,2024-07-01,0.064197530864,0.009036144578,0.033232628399,0.065420560748,0.064748201439,0.054421768707,0.059523809524,0.966292134831,0.135135135135,0.260869565217,0.844444444444,0.348484848485,2024,0.4,1,0.260869565217,0,1.0,0
2107,2024-07-01,0.064197530864,0.009036144578,0.018126888218,0.028037383178,0.086330935252,0.054421768707,0.059523809524,0.966292134831,0.108108108108,0.260869565217,0.811111111111,0.287878787879,2024,0.4,1,0.173913043478,0,1.0,0
2108,2024-07-01,0.071604938272,0.012048192771,0.02416918429,0.028037383178,0.079136690647,0.027210884354,0.02380952381,0.977528089888,0.081081081081,0.260869565217,0.733333333333,0.257575757576,2024,0.4,1,0.130434782609,0,1.0,0
2109,2024-07-01,0.120987654321,0.042168674699,0.075528700906,0.102803738318,0.05035971223,0.020408163265,0.02380952381,0.988764044944,0.081081081081,0.260869565217,0.713888888889,0.287878787879,2024,0.4,1,0.04347826087,0,1.0,0
2110,2024-07-01,0.120987654321,0.03313253012,0.063444108761,0.093457943925,0.064748201439,0.034013605442,0.035714285714,0.988764044944,0.081081081081,0.260869565217,0.791666666667,0.424242424242,2024,0.4,1,0.0,0,0.99,0
2111,2024-07-01,0.165432098765,0.045180722892,0.087613293051,0.121495327103,0.05035971223,0.027210884354,0.035714285714,0.988764044944,0.081081081081,0.260869565217,0.805555555556,0.378787878788,2024,0.4,1,0.086956521739,0,0.92,0
2112,2024-07-01,0.217283950617,0.084337349398,0.138972809668,0.168224299065,0.035971223022,0.061224489796,0.083333333333,0.988764044944,0.081081081081,0.260869565217,0.836111111111,0.363636363636,2024,0.4,1,0.217391304348,0,0.96,0
2113,2024-07-01,0.20987654321,0.102409638554,0.157099697885,0.168224299065,0.028776978417,0.102040816327,0.142857142857,0.988764044944,0.108108108108,0.260869565217,0.944444444444,0.227272727273,2024,0.4,1,0.521739130435,0,0.95,0
2114,2024-07-01,0.21975308642,0.19578313253,0.26586102719,0.214953271028,0.028776978417,0.068027210884,0.071428571429,0.966292134831,0.108108108108,0.304347826087,0.202777777778,0.318181818182,2024,0.4,1,0.695652173913,0,0.94,0
2115,2024-07-01,0.165432098765,0.117469879518,0.184290030211,0.205607476636,0.057553956835,0.095238095238,0.142857142857,0.921348314607,0.108108108108,0.347826086957,0.158333333333,0.378787878788,2024,0.4,1,0.782608695652,0,0.99,0
2116,2024-07-01,0.123456790123,0.048192771084,0.093655589124,0.140186915888,0.158273381295,0.074829931973,0.095238095238,0.831460674157,0.081081081081,0.391304347826,0.169444444444,0.454545454545,2024,0.4,1,0.913043478261,0,0.98,0
2117,2024-07-01,0.098765432099,0.027108433735,0.063444108761,0.102803738318,0.208633093525,0.074829931973,0.107142857143,0.707865168539,0.081081081081,0.478260869565,0.186111111111,0.484848484848,2024,0.4,1,1.0,0,0.97,0
2118,2024-07-01,0.111111111111,0.03313253012,0.066465256798,0.102803738318,0.179856115108,0.068027210884,0.059523809524,0.696629213483,0.081081081081,0.478260869565,0.266666666667,0.5,2024,0.4,1,0.95652173913,0,0.97,0
2119,2024-07-01,0.113580246914,0.024096385542,0.060422960725,0.11214953271,0.129496402878,0.047619047619,0.02380952381,0.685393258427,0.081081081081,0.434782608696,0.294444444444,0.560606060606,2024,0.4,1,0.869565217391,0,0.95,0
2120,2024-07-01,0.140740740741,0.039156626506,0.093655589124,0.168224299065,0.093525179856,0.074829931973,0.071428571429,0.741573033708,0.054054054054,0.434782608696,,0.424242424242,2024,0.4,1,0.826086956522,0,0.93,0
2121,2024-07-01,0.133333333333,0.024096385542,0.07250755287,0.14953271028,0.115107913669,0.08843537415,0.095238095238,0.674157303371,0.054054054054,0.434782608696,0.358333333333,0.333333333333,2024,0.4,1,0.739130434783,0,0.95,0
2122,2024-07-01,0.140740740741,0.018072289157,0.069486404834,0.168224299065,0.093525179856,0.095238095238,0.083333333333,0.651685393258,0.054054054054,0.434782608696,0.338888888889,0.363636363636,2024,0.4,1,0.652173913043,0,0.99,0
2123,2024-07-01,0.17037037037,0.024096385542,0.090634441088,0.205607476636,0.057553956835,0.061224489796,0.047619047619,0.730337078652,0.054054054054,0.391304347826,0.436111111111,0.242424242424,2024,0.4,1,0.608695652174,0,0.97,0
2124,2024-07-01,0.259259259259,0.066265060241,0.151057401813,0.261682242991,0.014388489209,0.061224489796,0.011904761905,0.76404494382,0.054054054054,0.347826086957,0.244444444444,0.121212121212,2024,0.4,1,0.565217391304,0,0.99,0
2125,2024-07-01,0.328395061728,0.14156626506,0.232628398792,0.280373831776,0.014388489209,0.081632653061,0.047619047619,0.752808988764,0.081081081081,0.391304347826,0.311111111111,0.166666666667,2024,0.4,1,0.478260869565,0,1.0,0
2126,2024-07-01,0.276543209877,0.129518072289,0.21752265861,0.271028037383,0.014388489209,0.12925170068,0.095238095238,0.775280898876,0.081081081081,0.347826086957,0.266666666667,0.166666666667,2024,0.4,1,0.434782608696,0,1.0,0
2127,2024-07-02,0.093827160494,,,,,0.040816326531,0.02380952381,0.797752808989,,0.304347826087,0.663888888889,0.136363636364,2024,0.4,2,0.391304347826,0,1.0,0
2128,2024-07-02,0.103703703704,0.015060240964,0.057401812689,0.130841121495,0.079136690647,0.108843537415,0.107142857143,0.865168539326,0.054054054054,0.304347826087,0.036111111111,0.318181818182,2024,0.4,2,0.347826086957,0,1.0,0
2129,2024-07-02,0.098765432099,0.009036144578,0.051359516616,0.130841121495,0.071942446043,0.074829931973,0.059523809524,0.865168539326,0.054054054054,0.304347826087,0.027777777778,0.212121212121,2024,0.4,2,0.304347826087,0,1.0,0
2130,2024-07-02,0.093827160494,0.012048192771,0.060422960725,0.14953271028,0.057553956835,0.074829931973,0.083333333333,0.876404494382,0.054054054054,0.304347826087,,0.166666666667,2024,0.4,2,0.260869565217,0,1.0,0
2131,2024-07-02,0.113580246914,0.039156626506,0.108761329305,0.214953271028,0.014388489209,0.095238095238,0.107142857143,0.887640449438,0.054054054054,0.304347826087,0.858333333333,0.242424242424,2024,0.4,2,0.173913043478,0,1.0,0
2132,2024-07-02,0.096296296296,0.024096385542,0.075528700906,0.158878504673,0.035971223022,0.156462585034,0.166666666667,0.876404494382,0.054054054054,0.304347826087,0.966666666667,0.227272727273,2024,0.4,2,0.130434782609,0,1.0,0
2133,2024-07-02,0.118518518519,0.048192771084,0.099697885196,0.158878504673,0.028776978417,0.183673469388,0.22619047619,0.876404494382,0.054054054054,0.304347826087,0.9,0.212121212121,2024,0.4,2,0.04347826087,0,1.0,0
2134,2024-07-02,0.175308641975,0.111445783133,0.163141993958,0.158878504673,0.014388489209,0.108843537415,0.083333333333,0.865168539326,0.081081081081,0.304347826087,0.888888888889,0.333333333333,2024,0.4,2,0.0,0,1.0,0
2135,2024-07-02,0.237037037037,0.144578313253,0.196374622356,0.158878504673,0.021582733813,0.163265306122,0.130952380952,0.842696629213,0.081081081081,0.347826086957,0.827777777778,0.212121212121,2024,0.4,2,0.086956521739,0,0.98,0
2136,2024-07-02,0.256790123457,0.153614457831,0.208459214502,0.177570093458,0.021582733813,0.183673469388,0.178571428571,0.808988764045,0.081081081081,0.347826086957,0.613888888889,,2024,0.4,2,0.217391304348,0,0.97,0
2137,2024-07-02,0.264197530864,0.144578313253,0.208459214502,0.196261682243,0.035971223022,0.183673469388,0.142857142857,0.76404494382,0.081081081081,0.391304347826,0.622222222222,0.227272727273,2024,0.4,2,0.521739130435,0,0.99,0
2138,2024-07-02,0.123456790123,0.039156626506,0.087613293051,0.14953271028,0.179856115108,0.149659863946,0.154761904762,0.584269662921,0.054054054054,0.521739130435,0.433333333333,0.257575757576,2024,0.4,2,0.782608695652,0,0.95,0
2139,2024-07-02,0.125925925926,0.027108433735,0.084592145015,0.168224299065,0.280575539568,0.12925170068,0.142857142857,0.61797752809,0.054054054054,0.521739130435,0.180555555556,0.242424242424,2024,0.4,2,0.913043478261,0,0.98,0
2140,2024-07-02,0.074074074074,0.009036144578,0.027190332326,0.056074766355,0.338129496403,0.12925170068,0.119047619048,0.449438202247,0.054054054054,0.608695652174,0.372222222222,0.424242424242,2024,0.4,2,1.0,0,0.97,0
2141,2024-07-02,0.059259259259,0.009036144578,0.018126888218,0.03738317757,0.294964028777,,,0.415730337079,0.054054054054,0.652173913043,0.344444444444,0.424242424242,2024,0.4,2,0.95652173913,0,0.95,0
2142,2024-07-02,0.069135802469,0.006024096386,0.015105740181,0.028037383178,0.273381294964,0.054421768707,0.035714285714,0.404494382022,0.081081081081,0.652173913043,0.361111111111,0.5,2024,0.4,2,0.869565217391,0,0.98,0
2143,2024-07-02,0.061728395062,0.009036144578,0.02416918429,0.046728971963,0.31654676259,0.068027210884,0.02380952381,0.370786516854,0.054054054054,0.652173913043,0.322222222222,0.378787878788,2024,0.4,2,0.826086956522,0,1.0,0
2144,2024-07-02,0.074074074074,0.012048192771,0.045317220544,0.102803738318,0.223021582734,0.102040816327,0.142857142857,0.483146067416,0.054054054054,0.608695652174,0.088888888889,0.787878787879,2024,0.4,2,0.739130434783,0,0.98,0
2145,2024-07-02,0.081481481481,0.009036144578,0.045317220544,0.11214953271,0.187050359712,0.176870748299,0.107142857143,0.595505617978,0.054054054054,0.478260869565,0.066666666667,,2024,0.4,2,0.652173913043,0,0.97,0
2146,2024-07-02,0.103703703704,0.021084337349,0.081570996979,0.18691588785,0.107913669065,0.12925170068,0.071428571429,0.606741573034,0.054054054054,0.478260869565,0.113888888889,0.636363636364,2024,0.4,2,0.608695652174,0,0.99,0
2147,2024-07-02,0.106172839506,0.03313253012,0.09667673716,0.196261682243,0.086330935252,0.102040816327,0.071428571429,0.640449438202,0.081081081081,0.434782608696,0.202777777778,0.5,2024,0.4,2,0.565217391304,0,1.0,0
2148,2024-07-02,0.111111111111,0.060240963855,0.129909365559,0.214953271028,0.115107913669,0.102040816327,0.059523809524,0.707865168539,0.054054054054,0.391304347826,0.258333333333,0.575757575758,2024,0.4,2,0.478260869565,0,1.0,0
2149,2024-07-02,0.123456790123,0.039156626506,0.108761329305,0.214953271028,0.093525179856,0.108843537415,0.071428571429,0.808988764045,0.054054054054,0.347826086957,0.352777777778,0.242424242424,2024,0.4,2,0.434782608696,0,1.0,0
2150,2024-07-03,0.155555555556,0.036144578313,0.123867069486,0.271028037383,0.028776978417,0.061224489796,0.095238095238,0.966292134831,0.027027027027,0.260869565217,0.308333333333,0.242424242424,2024,0.4,3,0.391304347826,0,1.0,0
2151,2024-07-03,,,,,,0.040816326531,0.071428571429,0.797752808989,,0.304347826087,0.572222222222,0.181818181818,2024,0.4,3,0.347826086957,0,1.0,0
2152,2024-07-03,,,,,,0.068027210884,0.083333333333,0.831460674157,,0.304347826087,0.386111111111,0.121212121212,2024,0.4,3,0.304347826087,0,1.0,0
2153,2024-07-03,,,,,,0.034013605442,0.059523809524,0.842696629213,,0.304347826087,0.461111111111,0.121212121212,2024,0.4,3,0.260869565217,0,1.0,0
2154,2024-07-03,0.093827160494,0.006024096386,0.036253776435,0.093457943925,0.107913669065,0.095238095238,0.071428571429,0.842696629213,0.054054054054,0.304347826087,0.391666666667,0.106060606061,2024,0.4,3,0.173913043478,0,1.0,0
2155,2024-07-03,0.079012345679,0.006024096386,0.045317220544,0.121495327103,0.064748201439,0.068027210884,0.083333333333,0.85393258427,0.054054054054,0.304347826087,0.077777777778,0.075757575758,2024,0.4,3,0.130434782609,0,1.0,0
2156,2024-07-03,0.108641975309,0.030120481928,0.087613293051,0.177570093458,0.021582733813,0.08843537415,0.059523809524,0.865168539326,0.054054054054,0.260869565217,0.230555555556,,2024,0.4,3,0.04347826087,0,1.0,0
2157,2024-07-03,0.23950617284,0.16265060241,0.235649546828,0.214953271028,0.021582733813,0.095238095238,0.107142857143,0.831460674157,0.054054054054,0.304347826087,0.302777777778,0.166666666667,2024,0.4,3,0.0,0,0.99,0
2158,2024-07-03,0.22962962963,0.16265060241,0.244712990937,0.261682242991,0.043165467626,0.197278911565,0.178571428571,0.741573033708,0.081081081081,0.347826086957,,0.121212121212,2024,0.4,3,0.086956521739,0,0.95,0
2159,2024-07-03,0.19012345679,0.102409638554,0.187311178248,0.261682242991,0.086330935252,0.102040816327,0.011904761905,0.674157303371,0.081081081081,0.391304347826,0.044444444444,0.166666666667,2024,0.4,3,0.217391304348,0,0.97,0
2160,2024-07-03,0.153086419753,0.057228915663,0.123867069486,0.196261682243,0.158273381295,0.163265306122,0.142857142857,0.584269662921,0.054054054054,0.434782608696,0.233333333333,0.272727272727,2024,0.4,3,0.521739130435,0,0.99,0
2161,2024-07-03,0.133333333333,0.030120481928,0.084592145015,0.177570093458,0.258992805755,0.149659863946,0.154761904762,0.561797752809,0.054054054054,0.478260869565,0.169444444444,0.30303030303,2024,0.4,3,0.695652173913,0,0.93,0
2162,2024-07-03,0.123456790123,0.018072289157,0.069486404834,0.158878504673,0.374100719424,0.115646258503,0.107142857143,0.505617977528,0.054054054054,0.565217391304,0.208333333333,0.257575757576,2024,0.4,3,0.782608695652,0,0.98,0
2163,2024-07-03,0.116049382716,0.012048192771,0.066465256798,0.168224299065,0.453237410072,0.292517006803,0.404761904762,0.438202247191,0.054054054054,0.608695652174,0.097222222222,0.287878787879,2024,0.4,3,0.913043478261,0,0.95,0
2164,2024-07-03,0.059259259259,0.003012048193,0.02416918429,0.056074766355,0.446043165468,0.122448979592,0.119047619048,0.404494382022,0.081081081081,0.652173913043,0.305555555556,0.378787878788,2024,0.4,3,1.0,0,0.92,0
2165,2024-07-03,0.081481481481,0.006024096386,0.039274924471,0.093457943925,0.359712230216,0.054421768707,,0.438202247191,0.054054054054,0.608695652174,0.4,0.424242424242,2024,0.4,3,0.95652173913,0,0.97,0
2166,2024-07-03,0.143209876543,0.024096385542,0.07250755287,0.14953271028,0.201438848921,0.122448979592,0.154761904762,0.505617977528,0.054054054054,0.565217391304,0.519444444444,0.454545454545,2024,0.4,3,0.826086956522,0,0.99,0
2167,2024-07-03,0.143209876543,0.021084337349,0.07250755287,0.158878504673,0.165467625899,0.095238095238,0.083333333333,0.550561797753,0.054054054054,0.565217391304,0.616666666667,0.424242424242,2024,0.4,3,0.739130434783,0,1.0,0
2168,2024-07-03,0.187654320988,0.039156626506,0.117824773414,0.242990654206,0.115107913669,0.108843537415,0.119047619048,0.752808988764,0.081081081081,0.434782608696,0.872222222222,0.69696969697,2024,0.4,3,0.652173913043,0,0.95,0
2169,2024-07-03,0.172839506173,0.030120481928,0.108761329305,0.242990654206,0.093525179856,0.149659863946,0.119047619048,0.752808988764,0.081081081081,0.391304347826,0.877777777778,0.651515151515,2024,0.4,3,0.608695652174,0,0.97,0
2170,2024-07-03,0.165432098765,0.030120481928,0.117824773414,0.271028037383,0.064748201439,0.149659863946,0.130952380952,0.820224719101,0.081081081081,0.347826086957,,0.515151515152,2024,0.4,3,0.565217391304,0,1.0,0
2171,2024-07-03,0.16049382716,0.024096385542,0.105740181269,0.252336448598,0.043165467626,0.136054421769,0.142857142857,0.921348314607,0.054054054054,0.304347826087,0.997222222222,0.318181818182,2024,0.4,3,0.478260869565,0,1.0,0
2172,2024-07-03,0.138271604938,0.015060240964,0.07250755287,0.177570093458,0.079136690647,0.102040816327,0.119047619048,0.977528089888,0.054054054054,0.260869565217,1.0,0.166666666667,2024,0.4,3,0.434782608696,0,0.99,0
2173,2024-07-04,0.172839506173,0.036144578313,0.108761329305,0.224299065421,0.05035971223,0.197278911565,0.190476190476,0.820224719101,0.054054054054,0.347826086957,0.733333333333,0.212121212121,2024,0.4,4,0.391304347826,0,1.0,0
2174,2024-07-04,0.158024691358,0.036144578313,0.12084592145,0.261682242991,0.014388489209,0.061224489796,0.119047619048,0.988764044944,0.054054054054,0.260869565217,0.105555555556,0.075757575758,2024,0.4,4,0.347826086957,0,1.0,0
2175,2024-07-04,0.177777777778,0.060240963855,0.141993957704,0.252336448598,0.014388489209,0.08843537415,0.142857142857,0.988764044944,0.054054054054,0.260869565217,0.377777777778,0.045454545455,2024,0.4,4,0.304347826087,0,1.0,0
2176,2024-07-04,0.167901234568,0.05421686747,0.126888217523,0.224299065421,0.014388489209,0.08843537415,0.119047619048,0.988764044944,0.054054054054,0.260869565217,0.094444444444,0.030303030303,2024,0.4,4,0.260869565217,0,1.0,0
2177,2024-07-04,0.185185185185,0.105421686747,0.184290030211,0.242990654206,0.014388489209,0.115646258503,0.142857142857,0.988764044944,0.054054054054,0.260869565217,0.975,0.106060606061,2024,0.4,4,0.173913043478,0,1.0,0
2178,2024-07-04,0.17037037037,0.114457831325,0.181268882175,0.196261682243,0.014388489209,0.108843537415,0.142857142857,0.988764044944,0.054054054054,0.260869565217,0.102777777778,0.166666666667,2024,0.4,4,0.130434782609,0,1.0,0
2179,2024-07-04,0.207407407407,0.165662650602,0.229607250755,0.18691588785,0.014388489209,0.108843537415,0.130952380952,0.988764044944,0.054054054054,0.217391304348,0.247222222222,0.075757575758,2024,0.4,4,0.04347826087,0,1.0,0
2180,2024-07-04,0.217283950617,0.189759036145,0.250755287009,0.18691588785,0.014388489209,0.136054421769,0.178571428571,0.988764044944,0.054054054054,0.260869565217,0.233333333333,0.166666666667,2024,0.4,4,0.0,0,1.0,0
2181,2024-07-04,0.197530864198,0.153614457831,0.223564954683,0.214953271028,0.028776978417,0.12925170068,0.142857142857,0.966292134831,0.054054054054,0.260869565217,0.183333333333,0.19696969697,2024,0.4,4,0.086956521739,0,0.87,0
2182,2024-07-04,0.195061728395,0.069277108434,0.135951661631,0.205607476636,0.079136690647,0.176870748299,0.25,0.865168539326,0.054054054054,0.347826086957,0.922222222222,0.121212121212,2024,0.4,4,0.217391304348,0,0.87,0
2183,2024-07-04,0.249382716049,0.10843373494,0.190332326284,0.252336448598,0.079136690647,0.197278911565,0.27380952381,0.786516853933,0.081081081081,0.391304347826,0.688888888889,0.166666666667,2024,0.4,4,0.521739130435,0,0.97,0
2184,2024-07-04,0.18024691358,0.048192771084,0.126888217523,0.242990654206,0.208633093525,0.258503401361,0.321428571429,0.651685393258,0.054054054054,0.478260869565,0.141666666667,0.242424242424,2024,0.4,4,0.695652173913,0,0.98,0
2185,2024-07-04,0.133333333333,0.021084337349,0.078549848943,0.18691588785,0.374100719424,0.231292517007,0.321428571429,0.561797752809,0.054054054054,0.521739130435,0.077777777778,0.318181818182,2024,0.4,4,0.782608695652,0,0.99,0
2186,2024-07-04,0.130864197531,0.006024096386,0.054380664653,0.14953271028,0.539568345324,0.183673469388,0.214285714286,0.494382022472,0.054054054054,0.565217391304,0.208333333333,0.287878787879,2024,0.4,4,0.913043478261,0,0.95,0
2187,2024-07-04,0.135802469136,0.006024096386,0.054380664653,0.158878504673,0.63309352518,0.238095238095,0.357142857143,0.426966292135,0.054054054054,0.652173913043,0.033333333333,0.333333333333,2024,0.4,4,1.0,0,0.9,0
2188,2024-07-04,0.096296296296,0.003012048193,0.039274924471,0.102803738318,0.58273381295,0.238095238095,0.333333333333,0.393258426966,0.054054054054,0.695652173913,0.083333333333,,2024,0.4,4,0.95652173913,0,0.92,0
2189,2024-07-04,0.091358024691,0.006024096386,0.051359516616,0.130841121495,0.539568345324,0.170068027211,0.214285714286,0.370786516854,0.054054054054,0.695652173913,0.1,0.378787878788,2024,0.4,4,0.869565217391,0,0.93,0
2190,2024-07-04,0.091358024691,0.003012048193,0.045317220544,0.130841121495,0.489208633094,0.190476190476,0.25,0.38202247191,0.054054054054,0.695652173913,0.308333333333,0.409090909091,2024,0.4,4,0.826086956522,0,0.9,0
2191,2024-07-04,0.113580246914,0.039156626506,0.117824773414,0.242990654206,0.230215827338,0.156462585034,0.166666666667,0.752808988764,0.054054054054,0.434782608696,0.15,0.636363636364,2024,0.4,4,0.739130434783,0,0.93,0
2192,2024-07-04,0.316049382716,0.069277108434,0.205438066465,0.420560747664,0.035971223022,0.163265306122,0.166666666667,0.898876404494,0.054054054054,0.347826086957,0.013888888889,0.318181818182,2024,0.4,4,0.652173913043,0,0.97,0
2193,2024-07-04,0.404938271605,0.10843373494,0.238670694864,0.401869158879,0.043165467626,0.190476190476,0.202380952381,0.831460674157,0.081081081081,0.391304347826,0.869444444444,,2024,0.4,4,0.608695652174,0,1.0,0
2194,2024-07-04,0.412345679012,0.10843373494,0.259818731118,0.467289719626,0.035971223022,0.163265306122,0.154761904762,0.820224719101,0.081081081081,0.391304347826,0.675,0.287878787879,2024,0.4,4,0.565217391304,0,1.0,0
2195,2024-07-04,0.325925925926,0.105421686747,0.226586102719,0.364485981308,0.014388489209,0.204081632653,0.25,0.865168539326,0.054054054054,0.347826086957,0.697222222222,,2024,0.4,4,0.478260869565,0,1.0,0
2196,2024-07-04,0.281481481481,0.081325301205,0.181268882175,0.299065420561,0.028776978417,0.21768707483,0.202380952381,0.85393258427,0.054054054054,0.347826086957,0.694444444444,0.242424242424,2024,0.4,4,0.434782608696,0,1.0,0
2197,2024-07-05,0.083950617284,0.012048192771,0.054380664653,0.140186915888,0.107913669065,0.244897959184,0.154761904762,0.651685393258,0.054054054054,0.347826086957,0.852777777778,,2024,0.4,5,0.391304347826,0,1.0,0
2198,2024-07-05,0.172839506173,0.045180722892,0.12084592145,0.233644859813,0.035971223022,0.210884353741,0.214285714286,0.842696629213,0.054054054054,0.347826086957,0.625,,2024,0.4,5,0.347826086957,0,1.0,0
2199,2024-07-05,0.128395061728,0.024096385542,0.078549848943,0.177570093458,0.071942446043,0.204081632653,0.190476190476,0.842696629213,0.054054054054,0.304347826087,0.836111111111,0.227272727273,2024,0.4,5,0.304347826087,0,1.0,0
2200,2024-07-05,0.118518518519,0.024096385542,0.102719033233,0.242990654206,0.021582733813,0.170068027211,0.166666666667,0.865168539326,0.054054054054,0.304347826087,0.916666666667,0.136363636364,2024,0.4,5,0.260869565217,0,1.0,0
2201,2024-07-05,0.116049382716,0.051204819277,0.132930513595,0.252336448598,0.014388489209,0.21768707483,0.238095238095,0.865168539326,0.054054054054,0.304347826087,0.822222222222,0.227272727273,2024,0.4,5,0.173913043478,0,1.0,0
2202,2024-07-05,0.111111111111,0.069277108434,0.148036253776,0.242990654206,0.014388489209,0.292517006803,0.309523809524,0.876404494382,0.081081081081,0.304347826087,0.844444444444,0.272727272727,2024,0.4,5,0.130434782609,0,1.0,0
2203,2024-07-05,0.185185185185,0.08734939759,0.160120845921,0.224299065421,0.014388489209,0.292517006803,0.321428571429,0.887640449438,0.108108108108,0.260869565217,0.863888888889,0.30303030303,2024,0.4,5,0.04347826087,0,1.0,0
2204,2024-07-05,0.237037037037,0.138554216867,0.208459214502,0.214953271028,0.014388489209,0.387755102041,0.452380952381,0.898876404494,0.108108108108,0.260869565217,0.913888888889,0.19696969697,2024,0.4,5,0.0,0,1.0,0
2205,2024-07-05,0.227160493827,0.16265060241,0.2416918429,0.233644859813,0.028776978417,0.469387755102,0.595238095238,0.865168539326,0.189189189189,0.304347826087,0.002777777778,0.181818181818,2024,0.4,5,0.086956521739,0,0.97,0
2206,2024-07-05,0.227160493827,0.120481927711,0.196374622356,0.233644859813,0.057553956835,0.374149659864,0.452380952381,0.786516853933,0.243243243243,0.347826086957,0.833333333333,0.242424242424,2024,0.4,5,0.217391304348,0,0.97,0
2207,2024-07-05,0.19012345679,0.063253012048,0.123867069486,0.18691588785,0.143884892086,0.414965986395,0.5,0.696629213483,0.297297297297,0.434782608696,0.869444444444,0.318181818182,2024,0.4,5,0.521739130435,0,0.96,0
2208,2024-07-05,0.17037037037,0.048192771084,0.129909365559,0.252336448598,0.223021582734,0.353741496599,0.416666666667,0.606741573034,0.162162162162,0.478260869565,0.822222222222,0.257575757576,2024,0.4,5,0.695652173913,0,0.94,0
2209,2024-07-05,0.18024691358,0.024096385542,0.102719033233,0.242990654206,0.381294964029,0.34693877551,0.428571428571,0.52808988764,0.081081081081,0.565217391304,0.947222222222,0.287878787879,2024,0.4,5,0.782608695652,0,0.98,0
2210,2024-07-05,0.113580246914,0.009036144578,0.063444108761,0.168224299065,0.510791366906,0.374149659864,0.440476190476,0.415730337079,0.081081081081,0.608695652174,0.141666666667,0.409090909091,2024,0.4,5,0.913043478261,0,0.89,0
2211,2024-07-05,0.083950617284,0.006024096386,0.042296072508,0.11214953271,0.517985611511,0.272108843537,0.285714285714,0.348314606742,0.054054054054,0.695652173913,0.058333333333,0.393939393939,2024,0.4,5,1.0,0,0.89,0
2212,2024-07-05,0.076543209877,0.009036144578,0.042296072508,0.093457943925,0.453237410072,0.176870748299,0.142857142857,0.314606741573,0.054054054054,0.695652173913,0.005555555556,0.454545454545,2024,0.4,5,0.95652173913,0,0.9,0
2213,2024-07-05,0.069135802469,0.009036144578,0.039274924471,0.093457943925,0.374100719424,0.142857142857,0.119047619048,0.292134831461,0.054054054054,0.739130434783,0.066666666667,0.469696969697,2024,0.4,5,0.869565217391,0,0.96,0
2214,2024-07-05,0.088888888889,0.015060240964,0.051359516616,0.11214953271,0.31654676259,0.136054421769,0.107142857143,0.348314606742,0.054054054054,0.695652173913,0.016666666667,0.742424242424,2024,0.4,5,0.826086956522,0,0.94,0
2215,2024-07-05,0.101234567901,0.027108433735,0.075528700906,0.14953271028,0.237410071942,0.210884353741,0.130952380952,0.348314606742,0.054054054054,0.652173913043,0.997222222222,0.651515151515,2024,0.4,5,0.739130434783,0,0.97,0
2216,2024-07-05,0.076543209877,0.012048192771,0.051359516616,0.121495327103,0.223021582734,0.163265306122,0.119047619048,0.38202247191,0.054054054054,0.652173913043,0.052777777778,0.818181818182,2024,0.4,5,0.652173913043,0,0.97,0
2217,2024-07-05,0.071604938272,0.009036144578,0.051359516616,0.130841121495,0.165467625899,0.183673469388,0.107142857143,0.426966292135,0.054054054054,0.565217391304,,0.636363636364,2024,0.4,5,0.608695652174,0,0.97,0
2218,2024-07-05,0.103703703704,0.018072289157,0.066465256798,0.14953271028,0.115107913669,0.183673469388,0.107142857143,0.52808988764,0.054054054054,0.521739130435,0.997222222222,0.545454545455,2024,0.4,5,0.565217391304,0,0.95,0
2219,2024-07-05,0.111111111111,0.021084337349,0.069486404834,0.14953271028,0.10071942446,0.224489795918,0.142857142857,0.595505617978,0.054054054054,0.434782608696,0.969444444444,0.424242424242,2024,0.4,5,0.478260869565,0,0.98,0
2220,2024-07-05,0.098765432099,0.015060240964,0.07250755287,0.177570093458,0.079136690647,0.197278911565,0.142857142857,0.640449438202,0.054054054054,0.391304347826,0.833333333333,0.575757575758,2024,0.4,5,0.434782608696,0,1.0,0
2221,2024-07-06,0.120987654321,0.009036144578,0.063444108761,0.168224299065,0.093525179856,0.258503401361,0.202380952381,0.640449438202,0.054054054054,0.434782608696,0.872222222222,0.393939393939,2024,0.4,6,0.391304347826,0,1.0,0
2222,2024-07-06,0.071604938272,0.012048192771,0.051359516616,0.130841121495,0.107913669065,0.244897959184,0.190476190476,0.707865168539,0.054054054054,0.347826086957,0.838888888889,0.5,2024,0.4,6,0.347826086957,0,1.0,0
2223,2024-07-06,0.076543209877,0.009036144578,0.04833836858,0.121495327103,0.107913669065,0.21768707483,0.142857142857,0.741573033708,0.054054054054,0.304347826087,0.894444444444,0.378787878788,2024,0.4,6,0.304347826087,0,1.0,0
2224,2024-07-06,0.088888888889,0.018072289157,0.084592145015,0.205607476636,0.035971223022,0.244897959184,0.214285714286,0.775280898876,0.108108108108,0.304347826087,0.802777777778,0.257575757576,2024,0.4,6,0.260869565217,0,1.0,0
2225,2024-07-06,0.079012345679,0.012048192771,0.057401812689,0.140186915888,0.064748201439,0.292517006803,0.25,0.820224719101,0.324324324324,0.260869565217,0.883333333333,0.181818181818,2024,0.4,6,0.173913043478,0,1.0,0
2226,2024-07-06,0.101234567901,0.021084337349,0.066465256798,0.14953271028,0.035971223022,0.258503401361,0.309523809524,0.820224719101,0.27027027027,0.260869565217,0.902777777778,0.257575757576,2024,0.4,6,0.130434782609,0,1.0,0
2227,2024-07-06,0.125925925926,0.066265060241,0.135951661631,0.214953271028,0.021582733813,0.319727891156,0.285714285714,0.842696629213,0.27027027027,0.260869565217,0.913888888889,,2024,0.4,6,0.04347826087,0,1.0,0
2228,2024-07-06,0.17037037037,0.201807228916,0.287009063444,0.261682242991,0.021582733813,0.340136054422,0.357142857143,0.85393258427,0.27027027027,0.260869565217,0.152777777778,0.166666666667,2024,0.4,6,0.0,0,1.0,0
2229,2024-07-06,0.148148148148,0.19578313253,0.274924471299,0.242990654206,0.035971223022,0.401360544218,0.392857142857,0.842696629213,0.27027027027,0.260869565217,0.261111111111,0.257575757576,2024,0.4,6,0.086956521739,0,1.0,0
2230,2024-07-06,0.167901234568,0.129518072289,0.21752265861,0.271028037383,0.071942446043,0.360544217687,0.333333333333,0.775280898876,0.324324324324,0.347826086957,0.35,0.19696969697,2024,0.4,6,0.217391304348,0,0.99,0
2231,2024-07-06,0.177777777778,0.072289156627,0.16918429003,0.289719626168,0.151079136691,0.428571428571,0.488095238095,0.662921348315,0.243243243243,0.434782608696,0.380555555556,,2024,0.4,6,0.521739130435,0,1.0,0
2232,2024-07-06,0.145679012346,0.045180722892,0.148036253776,0.317757009346,0.244604316547,0.374149659864,0.416666666667,0.573033707865,0.189189189189,0.478260869565,0.169444444444,0.272727272727,2024,0.4,6,0.695652173913,0,0.97,0
2233,2024-07-06,0.145679012346,0.021084337349,0.108761329305,0.271028037383,0.453237410072,0.380952380952,0.452380952381,0.483146067416,0.162162162162,0.565217391304,0.994444444444,0.333333333333,2024,0.4,6,0.782608695652,0,0.97,0
2234,2024-07-06,0.138271604938,0.006024096386,0.07250755287,0.205607476636,0.676258992806,0.43537414966,0.559523809524,0.415730337079,0.135135135135,0.652173913043,0.069444444444,0.287878787879,2024,0.4,6,0.913043478261,0,0.95,0
2235,2024-07-06,0.106172839506,0.006024096386,0.051359516616,0.14953271028,0.625899280576,0.517006802721,0.642857142857,0.370786516854,0.135135135135,0.652173913043,0.025,0.348484848485,2024,0.4,6,1.0,0,0.96,0
2236,2024-07-06,0.056790123457,0.006024096386,0.02416918429,0.065420560748,0.503597122302,0.278911564626,0.25,0.269662921348,0.081081081081,0.739130434783,0.041666666667,0.424242424242,2024,0.4,6,0.95652173913,0,0.89,0
2237,2024-07-06,0.034567901235,0.006024096386,0.02416918429,0.056074766355,0.482014388489,0.115646258503,0.095238095238,0.213483146067,0.054054054054,0.739130434783,0.1,0.424242424242,2024,0.4,6,0.869565217391,0,1.0,0
2238,2024-07-06,0.061728395062,0.006024096386,0.033232628399,0.084112149533,0.467625899281,0.068027210884,0.035714285714,0.280898876404,0.054054054054,0.739130434783,0.025,0.5,2024,0.4,6,0.826086956522,0,0.99,0
2239,2024-07-06,0.064197530864,0.009036144578,0.04833836858,0.121495327103,0.338129496403,0.136054421769,0.083333333333,0.38202247191,0.054054054054,0.652173913043,0.086111111111,0.727272727273,2024,0.4,6,0.739130434783,0,1.0,0
2240,2024-07-06,0.061728395062,0.018072289157,0.066465256798,0.14953271028,0.223021582734,0.210884353741,0.178571428571,0.426966292135,0.054054054054,0.608695652174,0.113888888889,0.590909090909,2024,0.4,6,0.652173913043,0,1.0,0
2241,2024-07-06,0.076543209877,0.012048192771,0.07250755287,0.18691588785,0.172661870504,0.156462585034,0.107142857143,0.460674157303,0.054054054054,0.565217391304,0.1,0.5,2024,0.4,6,0.608695652174,0,1.0,0
2242,2024-07-06,0.079012345679,0.006024096386,0.051359516616,0.140186915888,0.151079136691,0.163265306122,0.095238095238,0.516853932584,0.054054054054,0.521739130435,0.075,0.515151515152,2024,0.4,6,0.565217391304,0,0.97,0
2243,2024-07-06,0.101234567901,0.009036144578,0.057401812689,0.14953271028,0.122302158273,0.21768707483,0.154761904762,0.584269662921,0.054054054054,0.478260869565,0.030555555556,0.439393939394,2024,0.4,6,0.478260869565,0,1.0,0
2244,2024-07-06,0.116049382716,0.006024096386,0.060422960725,0.168224299065,0.093525179856,0.278911564626,0.238095238095,0.61797752809,0.054054054054,0.478260869565,0.008333333333,0.363636363636,2024,0.4,6,0.434782608696,0,0.99,0
2245,2024-07-07,0.130864197531,0.003012048193,0.07250755287,0.214953271028,0.244604316547,0.258503401361,0.285714285714,0.606741573034,0.081081081081,0.521739130435,0.316666666667,0.181818181818,2024,0.4,7,0.391304347826,0,1.0,0
2246,2024-07-07,0.116049382716,0.012048192771,0.07250755287,0.18691588785,0.057553956835,0.299319727891,0.238095238095,0.696629213483,0.081081081081,0.391304347826,0.875,0.424242424242,2024,0.4,7,0.347826086957,0,1.0,0
2247,2024-07-07,0.111111111111,0.015060240964,0.066465256798,0.168224299065,0.064748201439,0.34693877551,0.25,0.741573033708,0.081081081081,0.347826086957,0.869444444444,0.333333333333,2024,0.4,7,0.304347826087,0,1.0,0
2248,2024-07-07,0.098765432099,0.024096385542,0.093655589124,0.214953271028,0.035971223022,0.34693877551,0.297619047619,0.76404494382,0.081081081081,0.347826086957,0.886111111111,0.287878787879,2024,0.4,7,0.260869565217,0,1.0,0
2249,2024-07-07,0.093827160494,0.018072289157,0.087613293051,0.224299065421,0.035971223022,0.340136054422,0.285714285714,0.786516853933,0.081081081081,0.347826086957,0.847222222222,,2024,0.4,7,0.173913043478,0,1.0,0
2250,2024-07-07,0.143209876543,0.03313253012,0.099697885196,0.205607476636,0.021582733813,0.333333333333,0.297619047619,0.808988764045,0.108108108108,0.304347826087,0.830555555556,0.151515151515,2024,0.4,7,0.130434782609,0,1.0,0
2251,2024-07-07,0.133333333333,0.045180722892,0.108761329305,0.196261682243,0.021582733813,0.394557823129,0.297619047619,0.842696629213,0.189189189189,0.304347826087,0.955555555556,0.212121212121,2024,0.4,7,0.04347826087,0,1.0,0
2252,2024-07-07,0.158024691358,0.132530120482,0.211480362538,0.242990654206,0.021582733813,0.272108843537,0.309523809524,0.842696629213,0.189189189189,0.260869565217,0.277777777778,0.227272727273,2024,0.4,7,0.0,0,1.0,0
2253,2024-07-07,0.175308641975,0.096385542169,0.163141993958,0.214953271028,0.05035971223,0.455782312925,0.416666666667,0.797752808989,0.162162162162,0.304347826087,0.322222222222,0.121212121212,2024,0.4,7,0.086956521739,0,1.0,0
2254,2024-07-07,0.167901234568,0.060240963855,0.129909365559,0.214953271028,0.129496402878,0.353741496599,0.309523809524,0.719101123596,0.297297297297,0.391304347826,0.436111111111,0.166666666667,2024,0.4,7,0.217391304348,0,1.0,0
2255,2024-07-07,0.143209876543,0.048192771084,0.129909365559,0.252336448598,0.194244604317,0.380952380952,0.369047619048,0.640449438202,0.297297297297,0.478260869565,0.141666666667,0.257575757576,2024,0.4,7,0.521739130435,0,1.0,0
2256,2024-07-07,0.106172839506,0.024096385542,0.084592145015,0.196261682243,0.31654676259,0.394557823129,0.416666666667,0.550561797753,0.216216216216,0.521739130435,0.163888888889,0.272727272727,2024,0.4,7,0.695652173913,0,1.0,0
2257,2024-07-07,0.103703703704,0.012048192771,0.066465256798,0.168224299065,0.496402877698,0.353741496599,0.369047619048,0.460674157303,0.135135135135,0.608695652174,0.05,0.30303030303,2024,0.4,7,0.782608695652,0,1.0,0
2258,2024-07-07,0.120987654321,0.003012048193,0.045317220544,0.140186915888,0.719424460432,0.278911564626,0.261904761905,0.393258426966,0.108108108108,0.652173913043,0.008333333333,0.318181818182,2024,0.4,7,0.913043478261,0,1.0,0
2259,2024-07-07,0.088888888889,0.006024096386,0.04833836858,0.130841121495,0.604316546763,0.414965986395,0.535714285714,0.325842696629,0.081081081081,0.695652173913,0.005555555556,0.454545454545,2024,0.4,7,1.0,0,0.99,0
2260,2024-07-07,0.044444444444,0.003012048193,0.02416918429,0.056074766355,0.482014388489,0.244897959184,0.25,0.269662921348,0.081081081081,0.739130434783,0.083333333333,0.5,2024,0.4,7,0.95652173913,0,0.99,0
2261,2024-07-07,0.034567901235,0.003012048193,0.021148036254,0.056074766355,0.496402877698,0.12925170068,0.107142857143,0.23595505618,0.054054054054,0.739130434783,0.075,0.484848484848,2024,0.4,7,0.869565217391,0,0.97,0
2262,2024-07-07,0.051851851852,0.006024096386,0.027190332326,0.065420560748,0.496402877698,0.122448979592,0.083333333333,0.224719101124,0.081081081081,0.782608695652,0.933333333333,0.378787878788,2024,0.4,7,0.826086956522,0,1.0,0
2263,2024-07-07,0.046913580247,0.003012048193,0.030211480363,0.07476635514,0.489208633094,0.12925170068,0.130952380952,0.224719101124,0.081081081081,0.739130434783,0.944444444444,0.348484848485,2024,0.4,7,0.739130434783,0,1.0,0
2264,2024-07-07,0.059259259259,0.003012048193,0.033232628399,0.084112149533,0.446043165468,0.136054421769,0.142857142857,0.23595505618,0.081081081081,0.739130434783,0.913888888889,0.378787878788,2024,0.4,7,0.652173913043,0,1.0,0
2265,2024-07-07,0.056790123457,0.0,0.027190332326,0.084112149533,0.388489208633,0.108843537415,0.059523809524,0.258426966292,0.054054054054,0.695652173913,0.997222222222,0.378787878788,2024,0.4,7,0.608695652174,0,0.99,0
2266,2024-07-07,0.096296296296,0.009036144578,0.066465256798,0.177570093458,0.251798561151,0.095238095238,0.047619047619,0.483146067416,0.054054054054,0.608695652174,0.202777777778,0.575757575758,2024,0.4,7,0.565217391304,0,1.0,0
2267,2024-07-07,0.108641975309,0.012048192771,0.07250755287,0.18691588785,0.26618705036,0.210884353741,0.154761904762,0.595505617978,0.081081081081,0.521739130435,0.275,0.439393939394,2024,0.4,7,0.478260869565,0,1.0,0
2268,2024-07-07,0.113580246914,0.006024096386,0.063444108761,0.177570093458,0.280575539568,0.231292517007,0.22619047619,0.561797752809,0.054054054054,0.521739130435,0.305555555556,0.318181818182,2024,0.4,7,0.434782608696,0,1.0,0
2269,2024-07-08,0.074074074074,0.006024096386,0.045317220544,0.130841121495,0.187050359712,0.08843537415,0.011904761905,0.606741573034,0.027027027027,0.434782608696,0.508333333333,0.166666666667,2024,0.4,8,0.391304347826,0,1.0,0
2270,2024-07-08,0.118518518519,0.003012048193,0.078549848943,0.233644859813,0.215827338129,0.224489795918,0.261904761905,0.629213483146,0.081081081081,0.478260869565,0.2,,2024,0.4,8,0.347826086957,0,1.0,0
2271,2024-07-08,0.113580246914,0.003012048193,0.060422960725,0.177570093458,0.194244604317,0.21768707483,0.22619047619,0.707865168539,0.081081081081,0.434782608696,0.041666666667,0.257575757576,2024,0.4,8,0.304347826087,0,1.0,0
2272,2024-07-08,0.118518518519,0.012048192771,0.078549848943,0.205607476636,0.122302158273,0.258503401361,0.285714285714,0.719101123596,0.081081081081,0.434782608696,0.930555555556,0.227272727273,2024,0.4,8,0.260869565217,0,1.0,0
2273,2024-07-08,0.093827160494,0.012048192771,0.087613293051,0.233644859813,0.05035971223,0.312925170068,0.27380952381,0.674157303371,0.108108108108,0.391304347826,0.875,0.333333333333,2024,0.4,8,0.173913043478,0,1.0,0
2274,2024-07-08,0.101234567901,0.063253012048,0.154078549849,0.271028037383,0.021582733813,0.238095238095,0.178571428571,0.674157303371,0.135135135135,0.391304347826,0.886111111111,0.287878787879,2024,0.4,8,0.130434782609,0,1.0,0
2275,2024-07-08,0.138271604938,0.114457831325,0.211480362538,0.299065420561,0.021582733813,0.326530612245,0.333333333333,0.651685393258,0.108108108108,0.347826086957,0.880555555556,0.257575757576,2024,0.4,8,0.04347826087,0,1.0,0
2276,2024-07-08,0.197530864198,0.156626506024,0.256797583082,0.308411214953,0.021582733813,0.401360544218,0.297619047619,0.662921348315,0.108108108108,0.391304347826,0.897222222222,0.30303030303,2024,0.4,8,0.0,0,0.99,0
2277,2024-07-08,0.214814814815,0.16265060241,0.256797583082,0.299065420561,0.035971223022,0.319727891156,0.27380952381,0.61797752809,0.189189189189,0.391304347826,0.85,,2024,0.4,8,0.086956521739,0,0.97,0
2278,2024-07-08,0.187654320988,0.105421686747,0.199395770393,0.299065420561,0.086330935252,0.340136054422,0.261904761905,0.573033707865,0.162162162162,0.434782608696,0.838888888889,0.242424242424,2024,0.4,8,0.217391304348,0,0.98,0
2279,2024-07-08,0.185185185185,0.072289156627,0.166163141994,0.299065420561,0.179856115108,0.238095238095,0.178571428571,0.550561797753,0.135135135135,0.521739130435,0.794444444444,0.257575757576,2024,0.4,8,0.521739130435,0,1.0,0
2280,2024-07-08,0.155555555556,0.030120481928,0.108761329305,0.252336448598,0.330935251799,0.285714285714,0.25,0.460674157303,0.081081081081,0.608695652174,0.963888888889,0.318181818182,2024,0.4,8,0.695652173913,0,0.97,0
2281,2024-07-08,0.103703703704,0.012048192771,0.057401812689,0.140186915888,0.453237410072,0.278911564626,0.238095238095,0.348314606742,0.081081081081,0.652173913043,0.022222222222,0.378787878788,2024,0.4,8,0.782608695652,0,0.99,0
2282,2024-07-08,0.069135802469,0.009036144578,0.039274924471,0.102803738318,0.467625899281,0.238095238095,0.261904761905,0.247191011236,0.054054054054,0.739130434783,0.019444444444,0.484848484848,2024,0.4,8,0.913043478261,0,0.98,0
2283,2024-07-08,0.056790123457,0.009036144578,0.042296072508,0.102803738318,0.517985611511,0.176870748299,0.119047619048,0.23595505618,0.054054054054,0.782608695652,0.063888888889,0.424242424242,2024,0.4,8,1.0,0,0.96,0
2284,2024-07-08,0.059259259259,0.009036144578,0.036253776435,0.084112149533,0.489208633094,0.142857142857,0.107142857143,0.224719101124,0.054054054054,0.782608695652,0.983333333333,0.5,2024,0.4,8,0.95652173913,0,0.96,0
2285,2024-07-08,0.059259259259,0.012048192771,0.042296072508,0.102803738318,0.431654676259,0.163265306122,0.119047619048,0.224719101124,0.054054054054,0.782608695652,0.983333333333,0.469696969697,2024,0.4,8,0.869565217391,0,0.96,0
2286,2024-07-08,0.049382716049,0.012048192771,0.054380664653,0.121495327103,0.431654676259,0.136054421769,0.083333333333,0.258426966292,0.027027027027,0.782608695652,0.975,0.257575757576,2024,0.4,8,0.826086956522,0,0.96,0
2287,2024-07-08,0.074074074074,0.018072289157,0.07250755287,0.168224299065,0.323741007194,0.176870748299,0.095238095238,0.23595505618,0.027027027027,0.782608695652,0.938888888889,0.287878787879,2024,0.4,8,0.739130434783,0,0.98,0
2288,2024-07-08,0.074074074074,0.015060240964,0.07250755287,0.177570093458,0.258992805755,0.183673469388,0.083333333333,0.247191011236,0.027027027027,0.739130434783,0.994444444444,0.318181818182,2024,0.4,8,0.652173913043,0,0.98,0
2289,2024-07-08,0.049382716049,0.006024096386,0.054380664653,0.14953271028,0.208633093525,0.197278911565,0.107142857143,0.337078651685,0.027027027027,0.652173913043,0.080555555556,0.363636363636,2024,0.4,8,0.608695652174,0,0.99,0
2290,2024-07-08,0.049382716049,0.006024096386,0.042296072508,0.11214953271,0.187050359712,0.278911564626,0.130952380952,0.47191011236,0.027027027027,0.565217391304,0.041666666667,0.242424242424,2024,0.4,8,0.565217391304,0,0.95,0
2291,2024-07-08,0.049382716049,0.006024096386,0.036253776435,0.093457943925,0.165467625899,0.231292517007,0.130952380952,0.52808988764,0.027027027027,0.521739130435,0.008333333333,0.212121212121,2024,0.4,8,0.478260869565,0,1.0,0
2292,2024-07-08,0.049382716049,0.006024096386,0.042296072508,0.102803738318,0.151079136691,0.197278911565,0.154761904762,0.494382022472,0.027027027027,0.478260869565,0.002777777778,0.19696969697,2024,0.4,8,0.434782608696,0,1.0,0
2293,2024-07-09,0.074074074074,0.012048192771,0.04833836858,0.11214953271,0.071942446043,0.074829931973,0.071428571429,0.831460674157,0.027027027027,0.347826086957,0.994444444444,0.151515151515,2024,0.4,9,0.391304347826,0,1.0,0
2294,2024-07-09,,,,,,0.095238095238,0.02380952381,0.808988764045,,0.347826086957,0.572222222222,0.166666666667,2024,0.4,9,0.347826086957,0,1.0,0
2295,2024-07-09,,,,,,0.149659863946,0.190476190476,0.741573033708,,0.391304347826,0.769444444444,0.136363636364,2024,0.4,9,0.304347826087,0,1.0,0
2296,2024-07-09,,,,,,0.197278911565,0.214285714286,0.786516853933,,0.391304347826,0.066666666667,0.106060606061,2024,0.4,9,0.260869565217,0,1.0,0
2297,2024-07-09,0.098765432099,0.021084337349,0.084592145015,0.196261682243,0.035971223022,0.170068027211,0.166666666667,0.797752808989,0.054054054054,0.347826086957,0.180555555556,0.090909090909,2024,0.4,9,0.173913043478,0,1.0,0
2298,2024-07-09,0.074074074074,0.018072289157,0.075528700906,0.18691588785,0.057553956835,0.21768707483,0.22619047619,0.752808988764,0.054054054054,0.347826086957,0.902777777778,0.136363636364,2024,0.4,9,0.130434782609,0,1.0,0
2299,2024-07-09,0.074074074074,0.021084337349,0.066465256798,0.130841121495,0.071942446043,0.170068027211,0.22619047619,0.741573033708,0.054054054054,0.347826086957,0.897222222222,0.166666666667,2024,0.4,9,0.04347826087,0,1.0,0
2300,2024-07-09,0.098765432099,0.048192771084,0.099697885196,0.158878504673,0.057553956835,0.190476190476,0.178571428571,0.752808988764,0.054054054054,0.347826086957,0.880555555556,0.166666666667,2024,0.4,9,0.0,0,0.99,0
2301,2024-07-09,0.123456790123,0.05421686747,0.108761329305,0.168224299065,0.071942446043,0.156462585034,0.166666666667,0.741573033708,0.054054054054,0.391304347826,0.877777777778,0.151515151515,2024,0.4,9,0.086956521739,0,0.99,0
2302,2024-07-09,0.123456790123,0.05421686747,0.105740181269,0.158878504673,0.10071942446,0.176870748299,0.214285714286,0.707865168539,0.054054054054,0.391304347826,0.819444444444,0.121212121212,2024,0.4,9,0.217391304348,0,0.98,0
2303,2024-07-09,0.123456790123,0.048192771084,0.099697885196,0.168224299065,0.151079136691,0.224489795918,0.25,0.640449438202,0.054054054054,0.434782608696,0.794444444444,0.106060606061,2024,0.4,9,0.521739130435,0,0.96,0
2304,2024-07-09,0.098765432099,0.027108433735,0.07250755287,0.14953271028,0.230215827338,0.170068027211,0.154761904762,0.561797752809,0.027027027027,0.521739130435,0.908333333333,0.106060606061,2024,0.4,9,0.695652173913,0,0.96,0
2305,2024-07-09,0.123456790123,0.030120481928,0.093655589124,0.196261682243,0.26618705036,0.197278911565,0.190476190476,0.505617977528,0.027027027027,0.565217391304,0.819444444444,0.166666666667,2024,0.4,9,0.782608695652,0,0.96,0
2306,2024-07-09,0.098765432099,0.021084337349,0.069486404834,0.14953271028,0.294964028777,0.251700680272,0.25,0.47191011236,0.027027027027,0.608695652174,0.855555555556,0.121212121212,2024,0.4,9,0.913043478261,0,0.97,0
2307,2024-07-09,0.098765432099,0.021084337349,0.069486404834,0.14953271028,0.294964028777,0.238095238095,0.22619047619,0.415730337079,0.027027027027,0.652173913043,0.863888888889,0.151515151515,2024,0.4,9,1.0,0,0.96,0
2308,2024-07-09,0.049382716049,0.015060240964,0.042296072508,0.093457943925,0.287769784173,0.156462585034,0.095238095238,0.404494382022,0.027027027027,0.695652173913,0.025,0.212121212121,2024,0.4,9,0.95652173913,0,0.97,0
2309,2024-07-09,0.123456790123,0.018072289157,0.063444108761,0.140186915888,0.201438848921,0.142857142857,0.083333333333,0.685393258427,0.027027027027,0.521739130435,0.966666666667,0.318181818182,2024,0.4,9,0.869565217391,0,0.92,0
2310,2024-07-09,0.222222222222,0.048192771084,0.132930513595,0.271028037383,0.086330935252,0.170068027211,0.142857142857,0.842696629213,0.054054054054,0.391304347826,0.602777777778,0.212121212121,2024,0.4,9,0.826086956522,0,0.93,0
2311,2024-07-09,0.172839506173,0.051204819277,0.129909365559,0.242990654206,0.071942446043,0.183673469388,0.202380952381,0.932584269663,0.054054054054,0.304347826087,0.380555555556,0.136363636364,2024,0.4,9,0.739130434783,0,0.89,0
2312,2024-07-09,0.246913580247,0.057228915663,0.138972809668,0.252336448598,0.064748201439,0.12925170068,0.142857142857,0.932584269663,0.027027027027,0.304347826087,0.625,0.090909090909,2024,0.4,9,0.652173913043,0,0.89,0
2313,2024-07-09,0.37037037037,0.123493975904,0.229607250755,0.327102803738,0.014388489209,0.061224489796,0.071428571429,0.921348314607,0.054054054054,0.347826086957,0.916666666667,0.090909090909,2024,0.4,9,0.608695652174,0,0.95,0
2314,2024-07-09,0.123456790123,0.024096385542,0.075528700906,0.158878504673,0.079136690647,0.12925170068,0.142857142857,0.85393258427,0.027027027027,0.347826086957,0.0,0.227272727273,2024,0.4,9,0.565217391304,0,0.95,0
2315,2024-07-09,0.074074074074,0.018072289157,0.060422960725,0.130841121495,0.079136690647,0.122448979592,0.095238095238,0.831460674157,0.027027027027,0.347826086957,0.011111111111,0.242424242424,2024,0.4,9,0.478260869565,0,1.0,0
2316,2024-07-09,0.074074074074,0.021084337349,0.054380664653,0.102803738318,0.086330935252,0.074829931973,0.059523809524,0.831460674157,0.027027027027,0.347826086957,0.958333333333,0.227272727273,2024,0.4,9,0.434782608696,0,1.0,0
2317,2024-07-10,0.123456790123,0.018072289157,0.093655589124,0.233644859813,0.028776978417,0.054421768707,0.071428571429,0.966292134831,0.054054054054,0.217391304348,0.313888888889,0.030303030303,2024,0.4,10,0.391304347826,0,1.0,0
2318,2024-07-10,0.049382716049,0.009036144578,0.036253776435,0.084112149533,0.071942446043,0.047619047619,0.059523809524,0.910112359551,0.027027027027,0.304347826087,0.988888888889,0.121212121212,2024,0.4,10,0.347826086957,0,1.0,0
2319,2024-07-10,0.024691358025,0.009036144578,0.021148036254,0.046728971963,0.086330935252,0.061224489796,0.071428571429,0.887640449438,0.027027027027,0.304347826087,0.975,0.151515151515,2024,0.4,10,0.304347826087,0,1.0,0
2320,2024-07-10,0.049382716049,0.009036144578,0.036253776435,0.07476635514,0.071942446043,0.061224489796,0.02380952381,0.887640449438,0.027027027027,0.304347826087,0.866666666667,0.106060606061,2024,0.4,10,0.260869565217,0,1.0,0
2321,2024-07-10,0.049382716049,0.012048192771,0.04833836858,0.11214953271,0.05035971223,0.08843537415,0.059523809524,0.887640449438,0.027027027027,0.304347826087,0.855555555556,0.136363636364,2024,0.4,10,0.173913043478,0,1.0,0
2322,2024-07-10,0.049382716049,0.018072289157,0.051359516616,0.11214953271,0.043165467626,0.095238095238,0.107142857143,0.887640449438,0.027027027027,0.304347826087,0.9,0.136363636364,2024,0.4,10,0.130434782609,0,1.0,0
2323,2024-07-10,0.123456790123,0.05421686747,0.102719033233,0.14953271028,0.021582733813,0.102040816327,0.095238095238,0.876404494382,0.027027027027,0.304347826087,0.852777777778,0.121212121212,2024,0.4,10,0.04347826087,0,1.0,0
2324,2024-07-10,0.148148148148,0.099397590361,0.157099697885,0.177570093458,0.014388489209,0.074829931973,0.047619047619,0.865168539326,0.027027027027,0.304347826087,0.894444444444,0.136363636364,2024,0.4,10,0.0,0,0.98,0
2325,2024-07-10,0.172839506173,0.096385542169,0.14501510574,0.14953271028,0.028776978417,0.108843537415,0.107142857143,0.831460674157,0.027027027027,0.304347826087,0.888888888889,0.181818181818,2024,0.4,10,0.086956521739,0,0.94,0
2326,2024-07-10,0.148148148148,0.078313253012,0.123867069486,0.140186915888,0.05035971223,0.156462585034,0.154761904762,0.775280898876,0.027027027027,0.347826086957,0.894444444444,0.136363636364,2024,0.4,10,0.217391304348,0,0.96,0
2327,2024-07-10,0.123456790123,0.063253012048,0.108761329305,0.140186915888,0.079136690647,0.163265306122,0.119047619048,0.730337078652,0.027027027027,0.391304347826,0.975,0.136363636364,2024,0.4,10,0.521739130435,0,1.0,0
2328,2024-07-10,0.074074074074,0.03313253012,0.069486404834,0.11214953271,0.115107913669,0.115646258503,0.083333333333,0.685393258427,0.027027027027,0.391304347826,0.088888888889,0.121212121212,2024,0.4,10,0.695652173913,0,1.0,0
2329,2024-07-10,0.074074074074,0.030120481928,0.081570996979,0.14953271028,0.093525179856,0.142857142857,0.130952380952,0.707865168539,0.027027027027,0.391304347826,0.302777777778,0.106060606061,2024,0.4,10,0.782608695652,0,1.0,0
2330,2024-07-10,0.148148148148,0.051204819277,0.12084592145,0.224299065421,0.05035971223,0.176870748299,0.154761904762,0.85393258427,0.027027027027,0.304347826087,0.05,0.060606060606,2024,0.4,10,0.913043478261,0,0.99,0
2331,2024-07-10,0.148148148148,0.048192771084,0.105740181269,0.177570093458,0.086330935252,0.115646258503,0.119047619048,0.831460674157,0.027027027027,0.347826086957,0.463888888889,0.045454545455,2024,0.4,10,1.0,0,0.96,0
2332,2024-07-10,0.123456790123,0.048192771084,0.099697885196,0.168224299065,0.136690647482,0.142857142857,0.166666666667,0.719101123596,0.027027027027,0.434782608696,0.019444444444,0.090909090909,2024,0.4,10,0.95652173913,0,0.96,0
2333,2024-07-10,0.172839506173,0.048192771084,0.129909365559,0.252336448598,0.136690647482,0.156462585034,0.130952380952,0.696629213483,0.054054054054,0.434782608696,0.919444444444,0.121212121212,2024,0.4,10,0.869565217391,0,0.98,0
2334,2024-07-10,0.172839506173,0.060240963855,0.154078549849,0.289719626168,0.086330935252,0.238095238095,0.22619047619,0.707865168539,0.054054054054,0.434782608696,0.975,0.151515151515,2024,0.4,10,0.826086956522,0,0.95,0
2335,2024-07-10,0.222222222222,0.057228915663,0.123867069486,0.214953271028,0.079136690647,0.258503401361,0.22619047619,0.865168539326,0.027027027027,0.347826086957,0.811111111111,0.181818181818,2024,0.4,10,0.739130434783,0,0.96,0
2336,2024-07-10,0.37037037037,0.138554216867,0.229607250755,0.280373831776,0.021582733813,0.149659863946,0.142857142857,0.910112359551,0.054054054054,0.304347826087,0.911111111111,0.151515151515,2024,0.4,10,0.652173913043,0,0.98,0
2337,2024-07-10,0.296296296296,0.120481927711,0.208459214502,0.271028037383,0.014388489209,0.149659863946,0.166666666667,0.876404494382,0.054054054054,0.347826086957,0.861111111111,0.121212121212,2024,0.4,10,0.608695652174,0,1.0,0
2338,2024-07-10,0.197530864198,0.08734939759,0.157099697885,0.214953271028,0.021582733813,0.115646258503,0.119047619048,0.876404494382,0.027027027027,0.304347826087,0.558333333333,0.212121212121,2024,0.4,10,0.565217391304,0,0.98,0
2339,2024-07-10,0.123456790123,0.027108433735,0.078549848943,0.158878504673,0.079136690647,0.176870748299,0.095238095238,0.977528089888,0.027027027027,0.217391304348,0.622222222222,0.151515151515,2024,0.4,10,0.478260869565,0,1.0,0
2340,2024-07-10,0.172839506173,0.027108433735,0.099697885196,0.224299065421,0.035971223022,0.081632653061,0.071428571429,0.966292134831,0.027027027027,0.217391304348,0.516666666667,0.060606060606,2024,0.4,10,0.434782608696,0,1.0,0
2341,2024-07-11,0.098765432099,0.018072289157,0.093655589124,0.233644859813,0.071942446043,0.299319727891,0.321428571429,0.85393258427,0.108108108108,0.304347826087,0.019444444444,0.121212121212,2024,0.4,11,0.391304347826,0,1.0,0
2342,2024-07-11,0.123456790123,0.039156626506,0.114803625378,0.233644859813,0.014388489209,0.081632653061,0.107142857143,0.988764044944,0.054054054054,0.217391304348,0.236111111111,0.030303030303,2024,0.4,11,0.347826086957,0,1.0,0
2343,2024-07-11,0.098765432099,0.105421686747,0.172205438066,0.205607476636,0.007194244604,0.074829931973,0.107142857143,0.988764044944,0.054054054054,0.217391304348,0.238888888889,0.060606060606,2024,0.4,11,0.304347826087,0,1.0,0
2344,2024-07-11,0.074074074074,0.051204819277,0.099697885196,0.14953271028,0.007194244604,0.061224489796,0.083333333333,0.988764044944,0.027027027027,0.217391304348,0.277777777778,0.015151515152,2024,0.4,11,0.260869565217,0,1.0,0
2345,2024-07-11,0.049382716049,0.03313253012,0.078549848943,0.140186915888,0.014388489209,0.040816326531,0.035714285714,0.977528089888,0.027027027027,0.217391304348,0.991666666667,0.030303030303,2024,0.4,11,0.173913043478,0,1.0,0
2346,2024-07-11,0.098765432099,0.045180722892,0.090634441088,0.140186915888,0.007194244604,0.047619047619,0.047619047619,0.988764044944,0.027027027027,0.217391304348,0.986111111111,0.060606060606,2024,0.4,11,0.130434782609,0,1.0,0
2347,2024-07-11,0.123456790123,0.123493975904,0.16918429003,0.140186915888,0.007194244604,0.054421768707,0.071428571429,0.988764044944,0.054054054054,0.217391304348,0.072222222222,0.060606060606,2024,0.4,11,0.04347826087,0,1.0,0
2348,2024-07-11,0.222222222222,0.207831325301,0.256797583082,0.14953271028,0.007194244604,,,0.977528089888,0.054054054054,0.217391304348,0.958333333333,0.030303030303,2024,0.4,11,0.0,0,0.99,0
2349,2024-07-11,0.271604938272,0.219879518072,0.271903323263,0.158878504673,0.007194244604,,,0.966292134831,0.054054054054,0.260869565217,0.013888888889,0.030303030303,2024,0.4,11,0.086956521739,0,0.92,0
2350,2024-07-11,0.320987654321,0.253012048193,0.326283987915,0.233644859813,0.014388489209,,,0.943820224719,0.054054054054,0.260869565217,0.986111111111,0.045454545455,2024,0.4,11,0.217391304348,0,0.92,0
2351,2024-07-11,0.246913580247,0.159638554217,0.2416918429,0.261682242991,0.028776978417,0.12925170068,0.142857142857,0.85393258427,0.054054054054,0.304347826087,0.983333333333,0.060606060606,2024,0.4,11,0.521739130435,0,0.93,0
2352,2024-07-11,0.246913580247,0.14156626506,0.244712990937,0.317757009346,0.043165467626,0.136054421769,0.178571428571,0.775280898876,0.054054054054,0.391304347826,0.016666666667,0.060606060606,2024,0.4,11,0.695652173913,0,1.0,0
2353,2024-07-11,0.246913580247,0.099397590361,0.214501510574,0.355140186916,0.10071942446,0.204081632653,0.27380952381,0.719101123596,0.054054054054,0.434782608696,0.016666666667,0.060606060606,2024,0.4,11,0.782608695652,0,0.96,0
2354,2024-07-11,0.172839506173,0.042168674699,0.123867069486,0.252336448598,0.215827338129,0.190476190476,0.22619047619,0.640449438202,0.027027027027,0.478260869565,0.491666666667,0.106060606061,2024,0.4,11,0.913043478261,0,0.96,0
2355,2024-07-11,0.074074074074,0.021084337349,0.051359516616,0.084112149533,0.187050359712,0.197278911565,0.22619047619,0.539325842697,0.027027027027,0.565217391304,0.416666666667,0.19696969697,2024,0.4,11,1.0,0,0.91,0
2356,2024-07-11,0.074074074074,0.018072289157,0.04833836858,0.084112149533,0.151079136691,0.095238095238,0.083333333333,0.595505617978,0.054054054054,0.521739130435,0.319444444444,0.257575757576,2024,0.4,11,0.95652173913,0,0.96,0
2357,2024-07-11,0.098765432099,0.036144578313,0.078549848943,0.130841121495,0.165467625899,0.08843537415,0.071428571429,0.629213483146,0.054054054054,0.521739130435,0.230555555556,0.257575757576,2024,0.4,11,0.869565217391,0,0.97,0
2358,2024-07-11,0.049382716049,0.012048192771,0.033232628399,0.056074766355,0.194244604317,0.12925170068,0.130952380952,0.505617977528,0.027027027027,0.565217391304,0.383333333333,0.19696969697,2024,0.4,11,0.826086956522,0,0.97,0
2359,2024-07-11,0.074074074074,0.006024096386,0.030211480363,0.07476635514,0.172661870504,0.061224489796,0.047619047619,0.539325842697,0.027027027027,0.521739130435,0.436111111111,0.106060606061,2024,0.4,11,0.739130434783,0,0.94,0
2360,2024-07-11,0.123456790123,0.045180722892,0.123867069486,0.242990654206,0.064748201439,0.054421768707,0.035714285714,0.61797752809,0.027027027027,0.521739130435,0.1,0.181818181818,2024,0.4,11,0.652173913043,0,0.95,0
2361,2024-07-11,0.148148148148,0.036144578313,0.117824773414,0.242990654206,0.028776978417,0.108843537415,0.059523809524,0.696629213483,0.108108108108,0.434782608696,0.066666666667,0.212121212121,2024,0.4,11,0.608695652174,0,0.97,0
2362,2024-07-11,0.098765432099,0.021084337349,0.084592145015,0.196261682243,0.064748201439,0.21768707483,0.178571428571,0.707865168539,0.081081081081,0.391304347826,0.033333333333,0.227272727273,2024,0.4,11,0.565217391304,0,1.0,0
2363,2024-07-11,0.123456790123,0.03313253012,0.105740181269,0.214953271028,0.071942446043,0.176870748299,0.142857142857,0.76404494382,0.135135135135,0.347826086957,0.852777777778,0.166666666667,2024,0.4,11,0.478260869565,0,1.0,0
2364,2024-07-11,0.148148148148,0.072289156627,0.160120845921,0.271028037383,0.014388489209,0.197278911565,0.202380952381,0.820224719101,0.459459459459,0.347826086957,0.886111111111,0.151515151515,2024,0.4,11,0.434782608696,0,1.0,0
2365,2024-07-12,0.123456790123,0.024096385542,0.084592145015,0.18691588785,0.043165467626,0.238095238095,0.166666666667,0.584269662921,0.027027027027,0.391304347826,0.483333333333,0.075757575758,2024,0.4,12,0.391304347826,0,1.0,0
2366,2024-07-12,0.123456790123,0.012048192771,0.081570996979,0.214953271028,0.064748201439,0.163265306122,0.166666666667,0.943820224719,0.054054054054,0.260869565217,0.947222222222,0.090909090909,2024,0.4,12,0.347826086957,0,1.0,0
2367,2024-07-12,0.123456790123,0.048192771084,0.151057401813,0.317757009346,0.014388489209,0.122448979592,0.119047619048,0.910112359551,0.054054054054,0.260869565217,0.805555555556,0.106060606061,2024,0.4,12,0.304347826087,0,1.0,0
2368,2024-07-12,0.098765432099,0.012048192771,0.075528700906,0.196261682243,0.071942446043,0.183673469388,0.202380952381,0.910112359551,0.054054054054,0.260869565217,0.672222222222,0.121212121212,2024,0.4,12,0.260869565217,0,1.0,0
2369,2024-07-12,0.098765432099,0.009036144578,0.045317220544,0.11214953271,0.10071942446,0.095238095238,0.130952380952,0.955056179775,0.027027027027,0.217391304348,0.816666666667,0.060606060606,2024,0.4,12,0.173913043478,0,1.0,0
2370,2024-07-12,0.098765432099,0.03313253012,0.090634441088,0.177570093458,0.043165467626,0.081632653061,0.130952380952,0.977528089888,0.027027027027,0.217391304348,0.069444444444,0.090909090909,2024,0.4,12,0.130434782609,0,1.0,0
2371,2024-07-12,0.197530864198,0.159638554217,0.2416918429,0.252336448598,0.007194244604,0.095238095238,0.130952380952,0.988764044944,0.054054054054,0.217391304348,0.969444444444,0.060606060606,2024,0.4,12,0.04347826087,0,1.0,0
2372,2024-07-12,0.246913580247,0.201807228916,0.280966767372,0.242990654206,0.007194244604,0.142857142857,0.190476190476,0.955056179775,0.054054054054,0.260869565217,0.263888888889,0.015151515152,2024,0.4,12,0.0,0,1.0,0
2373,2024-07-12,0.345679012346,0.256024096386,0.368580060423,0.345794392523,0.021582733813,0.142857142857,0.154761904762,0.932584269663,0.081081081081,0.260869565217,0.355555555556,0.060606060606,2024,0.4,12,0.086956521739,0,0.96,0
2374,2024-07-12,0.222222222222,0.111445783133,0.21752265861,0.336448598131,0.079136690647,0.170068027211,0.202380952381,0.786516853933,0.054054054054,0.347826086957,0.202777777778,0.060606060606,2024,0.4,12,0.217391304348,0,0.96,0
2375,2024-07-12,0.222222222222,0.081325301205,0.181268882175,0.317757009346,0.143884892086,0.149659863946,0.190476190476,0.685393258427,0.054054054054,0.434782608696,0.811111111111,0.106060606061,2024,0.4,12,0.521739130435,0,0.98,0
2376,2024-07-12,0.172839506173,0.039156626506,0.123867069486,0.261682242991,0.244604316547,0.149659863946,0.190476190476,0.595505617978,0.027027027027,0.478260869565,0.975,0.090909090909,2024,0.4,12,0.695652173913,0,0.96,0
2377,2024-07-12,0.098765432099,0.021084337349,0.081570996979,0.18691588785,0.36690647482,0.163265306122,0.214285714286,0.47191011236,0.027027027027,0.565217391304,0.230555555556,0.121212121212,2024,0.4,12,0.782608695652,0,0.96,0
2378,2024-07-12,0.123456790123,0.018072289157,0.087613293051,0.214953271028,0.446043165468,0.122448979592,0.166666666667,0.404494382022,0.027027027027,0.652173913043,0.066666666667,0.136363636364,2024,0.4,12,0.913043478261,0,0.96,0
2379,2024-07-12,0.074074074074,0.012048192771,0.081570996979,0.205607476636,0.482014388489,0.095238095238,0.095238095238,0.404494382022,0.027027027027,0.608695652174,0.086111111111,0.166666666667,2024,0.4,12,1.0,0,0.91,0
2380,2024-07-12,0.049382716049,0.012048192771,0.042296072508,0.102803738318,0.467625899281,0.08843537415,0.071428571429,0.370786516854,0.027027027027,0.652173913043,0.269444444444,0.166666666667,2024,0.4,12,0.95652173913,0,0.92,0
2381,2024-07-12,0.074074074074,0.006024096386,0.036253776435,0.102803738318,0.410071942446,0.068027210884,0.035714285714,0.404494382022,0.027027027027,0.652173913043,0.433333333333,0.212121212121,2024,0.4,12,0.869565217391,0,0.92,0
2382,2024-07-12,0.098765432099,0.009036144578,0.051359516616,0.140186915888,0.323741007194,0.156462585034,0.190476190476,0.483146067416,0.027027027027,0.608695652174,0.455555555556,0.227272727273,2024,0.4,12,0.826086956522,0,0.95,0
2383,2024-07-12,0.172839506173,0.03313253012,0.114803625378,0.252336448598,0.158273381295,0.163265306122,0.154761904762,0.573033707865,0.027027027027,0.565217391304,0.838888888889,0.166666666667,2024,0.4,12,0.739130434783,0,0.97,0
2384,2024-07-12,0.246913580247,0.05421686747,0.16918429003,0.355140186916,0.071942446043,0.170068027211,0.154761904762,0.685393258427,0.054054054054,0.478260869565,0.772222222222,0.19696969697,2024,0.4,12,0.652173913043,0,0.95,0
2385,2024-07-12,0.172839506173,0.03313253012,0.12084592145,0.271028037383,0.071942446043,0.224489795918,0.22619047619,0.730337078652,0.054054054054,0.434782608696,0.741666666667,0.166666666667,2024,0.4,12,0.608695652174,0,1.0,0
2386,2024-07-12,0.222222222222,0.057228915663,0.154078549849,0.308411214953,0.043165467626,0.183673469388,0.166666666667,0.696629213483,0.054054054054,0.434782608696,0.580555555556,0.121212121212,2024,0.4,12,0.565217391304,0,1.0,0
2387,2024-07-12,0.123456790123,0.021084337349,0.07250755287,0.158878504673,0.10071942446,0.210884353741,0.166666666667,0.573033707865,0.027027027027,0.434782608696,0.483333333333,0.166666666667,2024,0.4,12,0.478260869565,0,0.99,0
2388,2024-07-12,0.148148148148,0.027108433735,0.093655589124,0.205607476636,0.043165467626,0.231292517007,0.214285714286,0.584269662921,0.027027027027,0.391304347826,0.497222222222,0.106060606061,2024,0.4,12,0.434782608696,0,0.99,0
2389,2024-07-13,0.098765432099,0.021084337349,0.075528700906,0.168224299065,0.043165467626,0.408163265306,0.27380952381,0.662921348315,0.027027027027,0.391304347826,0.022222222222,0.151515151515,2024,0.4,13,0.391304347826,0,1.0,0
2390,2024-07-13,0.098765432099,0.039156626506,0.099697885196,0.18691588785,0.05035971223,0.224489795918,0.190476190476,0.584269662921,0.027027027027,0.347826086957,0.45,0.075757575758,2024,0.4,13,0.347826086957,0,1.0,0
2391,2024-07-13,0.074074074074,0.012048192771,0.051359516616,0.130841121495,0.086330935252,0.210884353741,0.166666666667,0.606741573034,0.027027027027,0.347826086957,0.586111111111,0.075757575758,2024,0.4,13,0.304347826087,0,1.0,0
2392,2024-07-13,0.098765432099,0.03313253012,0.084592145015,0.158878504673,0.05035971223,0.176870748299,0.095238095238,0.719101123596,0.027027027027,0.304347826087,0.791666666667,0.090909090909,2024,0.4,13,0.260869565217,0,1.0,0
2393,2024-07-13,0.074074074074,0.036144578313,0.090634441088,0.168224299065,0.014388489209,0.244897959184,0.22619047619,0.842696629213,0.027027027027,0.260869565217,0.855555555556,0.121212121212,2024,0.4,13,0.173913043478,0,1.0,0
2394,2024-07-13,0.074074074074,0.024096385542,0.066465256798,0.130841121495,0.028776978417,0.231292517007,0.202380952381,0.831460674157,0.027027027027,0.260869565217,0.775,0.106060606061,2024,0.4,13,0.130434782609,0,1.0,0
2395,2024-07-13,0.098765432099,0.045180722892,0.087613293051,0.130841121495,0.021582733813,0.272108843537,0.25,0.820224719101,0.027027027027,0.260869565217,0.797222222222,0.121212121212,2024,0.4,13,0.04347826087,0,1.0,0
2396,2024-07-13,0.148148148148,0.090361445783,0.141993957704,0.14953271028,0.014388489209,0.244897959184,0.214285714286,0.808988764045,0.054054054054,0.260869565217,0.755555555556,0.151515151515,2024,0.4,13,0.0,0,1.0,0
2397,2024-07-13,0.123456790123,0.075301204819,0.12084592145,0.140186915888,0.035971223022,0.272108843537,0.238095238095,0.797752808989,0.054054054054,0.260869565217,0.825,0.151515151515,2024,0.4,13,0.086956521739,0,1.0,0
2398,2024-07-13,0.148148148148,0.096385542169,0.148036253776,0.158878504673,0.057553956835,0.251700680272,0.202380952381,0.752808988764,0.081081081081,0.304347826087,0.819444444444,0.19696969697,2024,0.4,13,0.217391304348,0,0.99,0
2399,2024-07-13,0.098765432099,0.045180722892,0.084592145015,0.130841121495,0.136690647482,0.333333333333,0.285714285714,0.662921348315,0.054054054054,0.391304347826,0.9,0.136363636364,2024,0.4,13,0.521739130435,0,0.98,0
2400,2024-07-13,0.098765432099,0.045180722892,0.105740181269,0.18691588785,0.179856115108,0.285714285714,0.27380952381,0.573033707865,0.054054054054,0.478260869565,0.041666666667,0.166666666667,2024,0.4,13,0.695652173913,0,0.96,0
2401,2024-07-13,0.123456790123,0.036144578313,0.123867069486,0.271028037383,0.287769784173,0.319727891156,0.285714285714,0.561797752809,0.054054054054,0.521739130435,0.125,0.181818181818,2024,0.4,13,0.782608695652,0,0.98,0
2402,2024-07-13,0.074074074074,0.012048192771,0.060422960725,0.14953271028,0.431654676259,0.517006802721,0.535714285714,0.47191011236,0.054054054054,0.565217391304,0.108333333333,0.19696969697,2024,0.4,13,0.913043478261,0,0.99,0
2403,2024-07-13,0.049382716049,0.009036144578,0.057401812689,0.140186915888,0.424460431655,0.353741496599,0.309523809524,0.438202247191,0.027027027027,0.565217391304,0.102777777778,0.166666666667,2024,0.4,13,1.0,0,0.96,0
2404,2024-07-13,0.074074074074,0.003012048193,0.04833836858,0.130841121495,0.446043165468,0.292517006803,0.297619047619,0.47191011236,0.027027027027,0.565217391304,0.297222222222,0.19696969697,2024,0.4,13,0.95652173913,0,0.94,0
2405,2024-07-13,0.049382716049,0.003012048193,0.033232628399,0.084112149533,0.41726618705,0.292517006803,0.25,0.449438202247,0.027027027027,0.565217391304,0.413888888889,0.212121212121,2024,0.4,13,0.869565217391,0,1.0,0
2406,2024-07-13,0.024691358025,0.003012048193,0.015105740181,0.03738317757,0.323741007194,0.272108843537,0.238095238095,0.415730337079,0.054054054054,0.608695652174,0.4,0.181818181818,2024,0.4,13,0.826086956522,0,1.0,0
2407,2024-07-13,0.049382716049,0.003012048193,0.018126888218,0.046728971963,0.287769784173,0.197278911565,0.166666666667,0.460674157303,0.054054054054,0.565217391304,0.333333333333,0.212121212121,2024,0.4,13,0.739130434783,0,1.0,0
2408,2024-07-13,0.049382716049,0.003012048193,0.027190332326,0.065420560748,0.237410071942,0.251700680272,0.190476190476,0.483146067416,0.027027027027,0.565217391304,0.313888888889,0.19696969697,2024,0.4,13,0.652173913043,0,0.99,0
2409,2024-07-13,0.098765432099,0.012048192771,0.069486404834,0.168224299065,0.136690647482,0.360544217687,0.25,0.561797752809,0.054054054054,0.521739130435,0.025,0.151515151515,2024,0.4,13,0.608695652174,0,0.98,0
2410,2024-07-13,0.098765432099,0.021084337349,0.069486404834,0.14953271028,0.086330935252,0.34693877551,0.25,0.696629213483,0.081081081081,0.434782608696,0.855555555556,0.181818181818,2024,0.4,13,0.565217391304,0,0.98,0
2411,2024-07-13,0.123456790123,0.03313253012,0.090634441088,0.18691588785,0.028776978417,0.319727891156,0.25,0.707865168539,0.054054054054,0.434782608696,0.747222222222,0.075757575758,2024,0.4,13,0.478260869565,0,1.0,0
2412,2024-07-13,0.148148148148,0.039156626506,0.105740181269,0.196261682243,0.014388489209,0.367346938776,0.27380952381,0.696629213483,0.054054054054,0.434782608696,0.944444444444,0.106060606061,2024,0.4,13,0.434782608696,0,1.0,0
2413,2024-07-14,0.271604938272,,,,0.014388489209,,,0.932584269663,,0.260869565217,0.894444444444,0.090909090909,2024,0.4,14,0.391304347826,0,1.0,0
2414,2024-07-14,0.074074074074,0.024096385542,0.069486404834,0.140186915888,0.028776978417,0.442176870748,0.309523809524,0.719101123596,0.027027027027,0.347826086957,0.816666666667,0.227272727273,2024,0.4,14,0.347826086957,0,1.0,0
2415,2024-07-14,0.049382716049,0.015060240964,0.054380664653,0.121495327103,0.035971223022,0.340136054422,0.238095238095,0.719101123596,0.027027027027,0.304347826087,0.855555555556,0.242424242424,2024,0.4,14,0.304347826087,0,1.0,0
2416,2024-07-14,0.049382716049,0.021084337349,0.063444108761,0.140186915888,0.021582733813,0.374149659864,0.261904761905,0.730337078652,0.054054054054,0.304347826087,0.825,0.181818181818,2024,0.4,14,0.260869565217,0,1.0,0
2417,2024-07-14,0.049382716049,0.018072289157,0.060422960725,0.130841121495,0.028776978417,0.278911564626,0.190476190476,0.730337078652,0.054054054054,0.304347826087,0.844444444444,0.166666666667,2024,0.4,14,0.173913043478,0,1.0,0
2418,2024-07-14,0.049382716049,0.024096385542,0.07250755287,0.14953271028,0.021582733813,0.367346938776,0.25,0.741573033708,0.054054054054,0.260869565217,0.85,0.181818181818,2024,0.4,14,0.130434782609,0,1.0,0
2419,2024-07-14,0.049382716049,0.027108433735,0.066465256798,0.121495327103,0.035971223022,0.183673469388,0.142857142857,0.752808988764,0.054054054054,0.260869565217,0.780555555556,0.151515151515,2024,0.4,14,0.04347826087,0,1.0,0
2420,2024-07-14,0.074074074074,0.036144578313,0.075528700906,0.121495327103,0.035971223022,0.374149659864,0.285714285714,0.76404494382,0.054054054054,0.260869565217,0.825,0.166666666667,2024,0.4,14,0.0,0,1.0,0
2421,2024-07-14,0.074074074074,0.048192771084,0.081570996979,0.102803738318,0.064748201439,0.170068027211,0.130952380952,0.730337078652,0.054054054054,0.304347826087,0.9,0.121212121212,2024,0.4,14,0.086956521739,0,1.0,0
2422,2024-07-14,0.098765432099,0.081325301205,0.129909365559,0.14953271028,0.071942446043,0.272108843537,0.238095238095,0.685393258427,0.054054054054,0.347826086957,0.797222222222,0.106060606061,2024,0.4,14,0.217391304348,0,1.0,0
2423,2024-07-14,0.074074074074,0.042168674699,0.078549848943,0.121495327103,0.136690647482,0.360544217687,0.345238095238,0.629213483146,0.108108108108,0.434782608696,0.844444444444,0.151515151515,2024,0.4,14,0.521739130435,0,1.0,0
2424,2024-07-14,0.074074074074,0.027108433735,0.069486404834,0.130841121495,0.237410071942,0.394557823129,0.345238095238,0.561797752809,0.135135135135,0.478260869565,0.988888888889,0.136363636364,2024,0.4,14,0.695652173913,0,0.99,0
2425,2024-07-14,0.049382716049,0.018072289157,0.054380664653,0.11214953271,0.330935251799,0.380952380952,0.309523809524,0.460674157303,0.081081081081,0.565217391304,0.094444444444,0.181818181818,2024,0.4,14,0.782608695652,0,0.96,0
2426,2024-07-14,0.049382716049,0.009036144578,0.033232628399,0.07476635514,0.374100719424,0.394557823129,0.333333333333,0.415730337079,0.054054054054,0.608695652174,0.994444444444,0.19696969697,2024,0.4,14,0.913043478261,0,0.99,0
2427,2024-07-14,0.049382716049,0.006024096386,0.02416918429,0.056074766355,0.388489208633,0.30612244898,0.25,0.359550561798,0.027027027027,0.695652173913,0.941666666667,0.166666666667,2024,0.4,14,1.0,0,1.0,0
2428,2024-07-14,0.049382716049,0.009036144578,0.033232628399,0.07476635514,0.338129496403,0.204081632653,0.130952380952,0.38202247191,0.027027027027,0.652173913043,0.888888888889,0.19696969697,2024,0.4,14,0.95652173913,0,1.0,0
2429,2024-07-14,0.074074074074,0.009036144578,0.033232628399,0.07476635514,0.294964028777,0.163265306122,0.107142857143,0.449438202247,0.027027027027,0.608695652174,0.961111111111,0.30303030303,2024,0.4,14,0.869565217391,0,0.98,0
2430,2024-07-14,0.074074074074,,,,0.187050359712,0.21768707483,0.142857142857,0.831460674157,,0.304347826087,0.458333333333,0.151515151515,2024,0.4,14,0.826086956522,0,0.99,0
2431,2024-07-14,0.098765432099,,,,0.165467625899,,,0.921348314607,,0.217391304348,0.913888888889,0.242424242424,2024,0.4,14,0.739130434783,0,0.97,0
2432,2024-07-14,0.123456790123,,,,0.158273381295,,,0.932584269663,,0.217391304348,0.75,0.19696969697,2024,0.4,14,0.652173913043,0,0.99,0
2433,2024-07-14,0.148148148148,,,,0.129496402878,,,0.898876404494,,0.217391304348,0.694444444444,0.106060606061,2024,0.4,14,0.608695652174,0,1.0,0
2434,2024-07-14,0.197530864198,,,,0.086330935252,,,0.921348314607,,0.260869565217,0.663888888889,0.060606060606,2024,0.4,14,0.565217391304,0,0.99,0
2435,2024-07-14,0.246913580247,,,,0.021582733813,,,0.932584269663,,0.260869565217,0.561111111111,0.030303030303,2024,0.4,14,0.478260869565,0,1.0,0
2436,2024-07-14,0.271604938272,,,,0.014388489209,,,0.932584269663,,0.260869565217,0.616666666667,0.015151515152,2024,0.4,14,0.434782608696,0,1.0,0
2437,2024-07-15,0.296296296296,0.111445783133,0.26586102719,0.476635514019,0.014388489209,0.340136054422,0.369047619048,0.76404494382,0.108108108108,0.347826086957,0.802777777778,0.121212121212,2024,0.4,15,0.391304347826,0,1.0,0
2438,2024-07-15,,,,,,,,0.932584269663,,0.260869565217,0.727777777778,0.045454545455,2024,0.4,15,0.347826086957,0,1.0,0
2439,2024-07-15,,,,,,,,0.898876404494,,0.260869565217,0.794444444444,0.106060606061,2024,0.4,15,0.304347826087,0,1.0,0
2440,2024-07-15,,,,,,,,0.898876404494,,0.260869565217,0.894444444444,0.121212121212,2024,0.4,15,0.260869565217,0,1.0,0
2441,2024-07-15,,,,,,,,0.898876404494,,0.260869565217,0.863888888889,0.090909090909,2024,0.4,15,0.173913043478,0,1.0,0
2442,2024-07-15,,,,,,,,0.876404494382,,0.260869565217,0.808333333333,0.121212121212,2024,0.4,15,0.130434782609,0,1.0,0
2443,2024-07-15,,,,,,,,0.887640449438,,0.260869565217,0.775,0.090909090909,2024,0.4,15,0.04347826087,0,0.98,0
2444,2024-07-15,,,,,,,,0.887640449438,,0.260869565217,0.855555555556,0.090909090909,2024,0.4,15,0.0,0,1.0,0
2445,2024-07-15,,,,,,,,0.85393258427,,0.260869565217,0.830555555556,0.090909090909,2024,0.4,15,0.086956521739,0,0.96,0
2446,2024-07-15,0.222222222222,0.036144578313,0.057401812689,0.065420560748,0.129496402878,,,0.651685393258,0.324324324324,0.434782608696,0.161111111111,0.121212121212,2024,0.4,15,0.695652173913,0,0.97,0
2447,2024-07-15,0.123456790123,0.03313253012,0.114803625378,0.252336448598,0.294964028777,,,0.584269662921,0.027027027027,0.478260869565,0.197222222222,0.166666666667,2024,0.4,15,0.782608695652,0,0.95,0
2448,2024-07-15,0.123456790123,0.018072289157,0.081570996979,0.196261682243,0.431654676259,,,0.550561797753,0.027027027027,0.521739130435,0.127777777778,0.166666666667,2024,0.4,15,0.913043478261,0,0.91,0
2449,2024-07-15,0.098765432099,0.009036144578,0.054380664653,0.140186915888,0.561151079137,0.408163265306,0.583333333333,0.460674157303,0.027027027027,0.608695652174,0.180555555556,0.151515151515,2024,0.4,15,1.0,0,0.89,0
2450,2024-07-15,0.172839506173,0.021084337349,0.090634441088,0.214953271028,0.388489208633,0.34693877551,0.452380952381,0.38202247191,0.027027027027,0.608695652174,0.577777777778,0.242424242424,2024,0.4,15,0.95652173913,0,0.91,0
2451,2024-07-15,0.197530864198,0.039156626506,0.135951661631,0.299065420561,0.158273381295,0.265306122449,0.309523809524,0.483146067416,0.0,0.521739130435,0.555555555556,0.19696969697,2024,0.4,15,0.869565217391,0,0.91,0
2452,2024-07-15,0.172839506173,0.024096385542,0.111782477341,0.271028037383,0.223021582734,0.136054421769,0.166666666667,0.415730337079,0.027027027027,0.565217391304,0.397222222222,0.121212121212,2024,0.4,15,0.826086956522,0,0.95,0
2453,2024-07-15,0.222222222222,0.048192771084,0.187311178248,0.429906542056,0.179856115108,0.149659863946,0.154761904762,0.561797752809,0.108108108108,0.478260869565,0.858333333333,0.287878787879,2024,0.4,15,0.739130434783,0,0.96,0
2454,2024-07-15,0.246913580247,0.063253012048,0.21752265861,0.467289719626,0.086330935252,0.333333333333,0.404761904762,0.629213483146,0.216216216216,0.434782608696,0.913888888889,0.212121212121,2024,0.4,15,0.652173913043,0,0.97,0
2455,2024-07-15,0.222222222222,0.051204819277,0.178247734139,0.392523364486,0.129496402878,0.319727891156,0.392857142857,0.662921348315,0.189189189189,0.391304347826,0.886111111111,0.166666666667,2024,0.4,15,0.608695652174,0,0.97,0
2456,2024-07-15,0.222222222222,0.093373493976,0.256797583082,0.504672897196,0.043165467626,0.292517006803,0.404761904762,0.674157303371,0.135135135135,0.391304347826,0.205555555556,0.075757575758,2024,0.4,15,0.565217391304,0,0.99,0
2457,2024-07-15,0.197530864198,0.129518072289,0.287009063444,0.485981308411,0.021582733813,0.326530612245,0.404761904762,0.696629213483,0.108108108108,0.347826086957,0.230555555556,0.106060606061,2024,0.4,15,0.478260869565,0,1.0,0
2458,2024-07-15,0.246913580247,0.084337349398,0.226586102719,0.439252336449,0.021582733813,0.319727891156,0.345238095238,0.741573033708,0.054054054054,0.347826086957,0.908333333333,0.060606060606,2024,0.4,15,0.434782608696,0,1.0,0
2459,2024-07-16,0.222222222222,0.05421686747,0.208459214502,0.476635514019,0.007194244604,0.30612244898,0.321428571429,0.685393258427,0.027027027027,0.347826086957,0.813888888889,0.106060606061,2024,0.4,16,0.391304347826,0,1.0,0
2460,2024-07-16,0.320987654321,0.114457831325,0.262839879154,0.457943925234,0.014388489209,0.387755102041,0.428571428571,0.76404494382,0.108108108108,0.304347826087,0.827777777778,0.121212121212,2024,0.4,16,0.347826086957,0,1.0,0
2461,2024-07-16,0.320987654321,0.129518072289,0.268882175227,0.429906542056,0.014388489209,0.408163265306,0.440476190476,0.786516853933,0.081081081081,0.304347826087,0.272222222222,0.030303030303,2024,0.4,16,0.304347826087,0,1.0,0
2462,2024-07-16,0.37037037037,0.19578313253,0.329305135952,0.401869158879,0.014388489209,0.408163265306,0.488095238095,0.831460674157,0.081081081081,0.260869565217,0.094444444444,0.075757575758,2024,0.4,16,0.260869565217,0,1.0,0
2463,2024-07-16,0.271604938272,0.132530120482,0.247734138973,0.355140186916,0.014388489209,0.401360544218,0.464285714286,0.865168539326,0.027027027027,0.260869565217,0.263888888889,0.030303030303,2024,0.4,16,0.173913043478,0,1.0,0
2464,2024-07-16,0.271604938272,0.180722891566,0.280966767372,0.299065420561,0.014388489209,0.421768707483,0.5,0.898876404494,0.027027027027,0.217391304348,0.891666666667,0.060606060606,2024,0.4,16,0.130434782609,0,1.0,0
2465,2024-07-16,0.271604938272,0.174698795181,0.262839879154,0.271028037383,0.014388489209,0.408163265306,0.47619047619,0.842696629213,0.054054054054,0.217391304348,0.983333333333,0.060606060606,2024,0.4,16,0.04347826087,0,1.0,0
2466,2024-07-16,0.37037037037,0.307228915663,0.401812688822,0.280373831776,0.014388489209,0.380952380952,0.440476190476,0.876404494382,0.081081081081,0.217391304348,0.2,0.045454545455,2024,0.4,16,0.0,0,0.99,0
2467,2024-07-16,0.296296296296,0.334337349398,0.471299093656,0.429906542056,0.021582733813,0.503401360544,0.571428571429,0.865168539326,0.351351351351,0.260869565217,0.211111111111,0.106060606061,2024,0.4,16,0.086956521739,0,0.89,0
2468,2024-07-16,0.246913580247,0.201807228916,0.33836858006,0.429906542056,0.05035971223,0.585034013605,0.75,0.775280898876,0.297297297297,0.347826086957,0.211111111111,0.090909090909,2024,0.4,16,0.217391304348,0,0.96,0
2469,2024-07-16,0.222222222222,0.111445783133,0.238670694864,0.392523364486,0.136690647482,0.52380952381,0.654761904762,0.685393258427,0.243243243243,0.434782608696,0.236111111111,0.121212121212,2024,0.4,16,0.521739130435,0,0.92,0
2470,2024-07-16,0.222222222222,0.060240963855,0.172205438066,0.336448598131,0.258992805755,0.455782312925,0.583333333333,0.550561797753,0.135135135135,0.521739130435,0.147222222222,0.106060606061,2024,0.4,16,0.695652173913,0,0.97,0
2471,2024-07-16,0.197530864198,0.039156626506,0.12084592145,0.252336448598,0.352517985612,0.43537414966,0.571428571429,0.438202247191,0.081081081081,0.565217391304,0.027777777778,0.151515151515,2024,0.4,16,0.782608695652,0,0.87,0
2472,2024-07-16,0.197530864198,0.024096385542,0.090634441088,0.196261682243,0.496402877698,0.197278911565,0.25,0.404494382022,0.054054054054,0.608695652174,0.211111111111,0.181818181818,2024,0.4,16,0.913043478261,0,0.96,0
2473,2024-07-16,0.049382716049,0.003012048193,0.033232628399,0.084112149533,0.446043165468,0.170068027211,0.154761904762,0.370786516854,,0.652173913043,0.177777777778,0.181818181818,2024,0.4,16,1.0,0,0.9,0
2474,2024-07-16,0.024691358025,0.006024096386,0.027190332326,0.065420560748,0.467625899281,0.224489795918,0.238095238095,0.303370786517,,0.695652173913,0.055555555556,0.136363636364,2024,0.4,16,0.95652173913,0,0.92,0
2475,2024-07-16,0.049382716049,0.009036144578,0.063444108761,0.168224299065,0.446043165468,0.061224489796,0.083333333333,0.325842696629,0.027027027027,0.695652173913,0.111111111111,0.166666666667,2024,0.4,16,0.869565217391,0,0.96,0
2476,2024-07-16,0.049382716049,0.015060240964,0.081570996979,0.205607476636,0.294964028777,0.102040816327,0.071428571429,0.415730337079,0.054054054054,0.652173913043,0.119444444444,0.287878787879,2024,0.4,16,0.826086956522,0,0.97,0
2477,2024-07-16,0.024691358025,0.015060240964,0.078549848943,0.196261682243,0.251798561151,0.333333333333,0.392857142857,0.415730337079,0.054054054054,0.608695652174,0.105555555556,0.19696969697,2024,0.4,16,0.739130434783,0,0.92,0
2478,2024-07-16,0.098765432099,0.021084337349,0.102719033233,0.252336448598,0.237410071942,0.142857142857,0.130952380952,0.561797752809,0.054054054054,0.521739130435,0.747222222222,0.227272727273,2024,0.4,16,0.652173913043,0,0.98,0
2479,2024-07-16,0.123456790123,0.018072289157,0.108761329305,0.280373831776,0.237410071942,0.231292517007,0.261904761905,0.606741573034,0.054054054054,0.478260869565,0.716666666667,0.181818181818,2024,0.4,16,0.608695652174,0,0.97,0
2480,2024-07-16,0.172839506173,0.021084337349,0.14501510574,0.373831775701,0.172661870504,0.176870748299,0.22619047619,0.584269662921,0.027027027027,0.434782608696,0.719444444444,0.090909090909,2024,0.4,16,0.565217391304,0,0.99,0
2481,2024-07-16,0.222222222222,0.024096385542,0.190332326284,0.514018691589,0.05035971223,,,0.61797752809,0.027027027027,0.434782608696,0.966666666667,0.060606060606,2024,0.4,16,0.478260869565,0,1.0,0
2482,2024-07-16,0.246913580247,0.048192771084,0.214501510574,0.514018691589,0.021582733813,0.326530612245,0.345238095238,0.662921348315,0.027027027027,0.391304347826,0.888888888889,0.121212121212,2024,0.4,16,0.434782608696,0,1.0,0
2483,2024-07-17,0.098765432099,0.015060240964,0.114803625378,0.308411214953,0.107913669065,0.176870748299,0.238095238095,0.842696629213,0.027027027027,0.304347826087,0.75,0.121212121212,2024,0.4,17,0.391304347826,0,1.0,0
2484,2024-07-17,0.197530864198,0.045180722892,0.175226586103,0.411214953271,0.014388489209,0.380952380952,0.452380952381,0.707865168539,0.054054054054,0.347826086957,0.836111111111,0.121212121212,2024,0.4,17,0.347826086957,0,1.0,0
2485,2024-07-17,0.123456790123,0.015060240964,0.105740181269,0.280373831776,0.057553956835,0.258503401361,0.25,0.730337078652,0.027027027027,0.347826086957,0.811111111111,0.121212121212,2024,0.4,17,0.304347826087,0,1.0,0
2486,2024-07-17,0.074074074074,0.009036144578,0.054380664653,0.140186915888,0.143884892086,0.231292517007,0.238095238095,0.719101123596,0.027027027027,0.347826086957,0.838888888889,0.090909090909,2024,0.4,17,0.260869565217,0,1.0,0
2487,2024-07-17,0.049382716049,0.009036144578,0.051359516616,0.130841121495,0.136690647482,0.210884353741,0.25,0.741573033708,0.081081081081,0.347826086957,0.863888888889,0.090909090909,2024,0.4,17,0.173913043478,0,1.0,0
2488,2024-07-17,0.049382716049,0.012048192771,0.075528700906,0.205607476636,0.071942446043,0.21768707483,0.27380952381,0.775280898876,0.108108108108,0.304347826087,0.927777777778,0.075757575758,2024,0.4,17,0.130434782609,0,1.0,0
2489,2024-07-17,0.049382716049,0.015060240964,0.093655589124,0.242990654206,0.05035971223,0.34693877551,0.321428571429,0.76404494382,0.135135135135,0.304347826087,0.136111111111,0.060606060606,2024,0.4,17,0.04347826087,0,1.0,0
2490,2024-07-17,0.049382716049,0.027108433735,0.090634441088,0.205607476636,0.10071942446,0.204081632653,0.25,0.696629213483,0.081081081081,0.347826086957,0.452777777778,0.121212121212,2024,0.4,17,0.0,0,1.0,0
2491,2024-07-17,0.098765432099,0.027108433735,0.09667673716,0.214953271028,0.107913669065,,,0.674157303371,0.081081081081,0.347826086957,0.452777777778,0.106060606061,2024,0.4,17,0.086956521739,0,0.97,0
2492,2024-07-17,0.098765432099,0.036144578313,0.099697885196,0.196261682243,0.136690647482,,,0.640449438202,0.135135135135,0.391304347826,0.45,0.090909090909,2024,0.4,17,0.217391304348,0,0.98,0
2493,2024-07-17,0.098765432099,0.039156626506,0.102719033233,0.196261682243,0.208633093525,,,0.573033707865,0.189189189189,0.434782608696,0.286111111111,0.090909090909,2024,0.4,17,0.521739130435,0,0.93,0
2494,2024-07-17,0.074074074074,0.030120481928,0.099697885196,0.205607476636,0.273381294964,,,0.483146067416,0.162162162162,0.521739130435,0.861111111111,0.121212121212,2024,0.4,17,0.695652173913,0,0.93,0
2495,2024-07-17,,,,,,,,0.415730337079,,0.608695652174,0.077777777778,0.121212121212,2024,0.4,17,0.782608695652,0,0.9,0
2496,2024-07-17,,,,,,,,0.38202247191,,0.652173913043,0.211111111111,0.136363636364,2024,0.4,17,0.913043478261,0,0.92,0
2497,2024-07-17,,,,,,,,0.38202247191,,0.695652173913,0.169444444444,0.151515151515,2024,0.4,17,1.0,0,0.95,0
2498,2024-07-17,,,,,,,,0.359550561798,,0.695652173913,0.169444444444,0.166666666667,2024,0.4,17,0.95652173913,0,0.95,0
2499,2024-07-17,,,,,,,,0.359550561798,,0.695652173913,0.169444444444,0.136363636364,2024,0.4,17,0.869565217391,0,0.96,0
2500,2024-07-17,0.074074074074,0.006024096386,0.069486404834,0.196261682243,0.374100719424,,,0.38202247191,0.027027027027,0.695652173913,0.961111111111,0.121212121212,2024,0.4,17,0.826086956522,0,0.97,0
2501,2024-07-17,0.098765432099,0.03313253012,0.108761329305,0.233644859813,0.201438848921,,,0.786516853933,0.027027027027,0.347826086957,0.169444444444,0.227272727273,2024,0.4,17,0.739130434783,0,0.92,0
2502,2024-07-17,0.271604938272,0.048192771084,0.19335347432,0.448598130841,0.115107913669,,,0.921348314607,0.027027027027,0.304347826087,0.830555555556,0.227272727273,2024,0.4,17,0.652173913043,0,0.94,0
2503,2024-07-17,0.172839506173,0.030120481928,0.126888217523,0.299065420561,0.158273381295,,,0.842696629213,0.054054054054,0.347826086957,0.819444444444,0.227272727273,2024,0.4,17,0.608695652174,0,0.98,0
2504,2024-07-17,0.123456790123,0.024096385542,0.114803625378,0.280373831776,0.165467625899,0.142857142857,0.202380952381,0.85393258427,0.054054054054,0.304347826087,0.858333333333,0.272727272727,2024,0.4,17,0.565217391304,0,1.0,0
2505,2024-07-17,0.123456790123,0.030120481928,0.123867069486,0.289719626168,0.151079136691,0.142857142857,0.202380952381,0.842696629213,0.027027027027,0.304347826087,0.908333333333,0.212121212121,2024,0.4,17,0.478260869565,0,1.0,0
2506,2024-07-17,0.172839506173,0.03313253012,0.157099697885,0.383177570093,0.064748201439,0.142857142857,0.202380952381,0.85393258427,0.027027027027,0.304347826087,0.902777777778,0.090909090909,2024,0.4,17,0.434782608696,0,1.0,0
2507,2024-07-18,0.123456790123,0.012048192771,0.105740181269,0.289719626168,0.071942446043,,,0.943820224719,0.0,0.260869565217,0.680555555556,0.045454545455,2024,0.4,18,0.391304347826,0,1.0,0
2508,2024-07-18,0.049382716049,0.006024096386,0.060422960725,0.168224299065,0.187050359712,0.176870748299,0.25,0.831460674157,0.054054054054,0.304347826087,0.766666666667,0.136363636364,2024,0.4,18,0.347826086957,0,1.0,0
2509,2024-07-18,0.024691358025,0.003012048193,0.027190332326,0.07476635514,0.215827338129,0.12925170068,0.166666666667,0.831460674157,0.027027027027,0.304347826087,0.825,0.136363636364,2024,0.4,18,0.304347826087,0,1.0,0
2510,2024-07-18,0.049382716049,0.006024096386,0.075528700906,0.224299065421,0.086330935252,0.108843537415,0.154761904762,0.876404494382,0.027027027027,0.304347826087,0.908333333333,0.090909090909,2024,0.4,18,0.260869565217,0,1.0,0
2511,2024-07-18,0.049382716049,0.003012048193,0.07250755287,0.214953271028,0.079136690647,0.190476190476,0.25,0.887640449438,0.027027027027,0.304347826087,0.977777777778,0.045454545455,2024,0.4,18,0.173913043478,0,1.0,0
2512,2024-07-18,0.074074074074,0.006024096386,0.075528700906,0.224299065421,0.064748201439,0.204081632653,0.261904761905,0.898876404494,0.027027027027,0.304347826087,0.997222222222,0.060606060606,2024,0.4,18,0.130434782609,0,1.0,0
2513,2024-07-18,0.074074074074,0.015060240964,0.081570996979,0.214953271028,0.057553956835,0.197278911565,0.27380952381,0.921348314607,0.027027027027,0.304347826087,0.347222222222,0.090909090909,2024,0.4,18,0.04347826087,0,1.0,0
2514,2024-07-18,0.148148148148,0.069277108434,0.160120845921,0.280373831776,0.014388489209,0.21768707483,0.297619047619,0.966292134831,0.027027027027,0.260869565217,0.575,0.060606060606,2024,0.4,18,0.0,0,0.98,0
2515,2024-07-18,0.197530864198,0.093373493976,0.184290030211,0.280373831776,0.028776978417,0.170068027211,0.261904761905,0.955056179775,0.027027027027,0.260869565217,0.677777777778,0.060606060606,2024,0.4,18,0.086956521739,0,0.92,0
2516,2024-07-18,0.172839506173,0.075301204819,0.160120845921,0.261682242991,0.079136690647,0.183673469388,0.285714285714,0.887640449438,0.027027027027,0.347826086957,0.544444444444,0.090909090909,2024,0.4,18,0.217391304348,0,0.93,0
2517,2024-07-18,0.123456790123,0.039156626506,0.102719033233,0.205607476636,0.151079136691,,,0.797752808989,0.027027027027,0.391304347826,0.408333333333,0.075757575758,2024,0.4,18,0.521739130435,0,0.96,0
2518,2024-07-18,0.074074074074,0.018072289157,0.069486404834,0.158878504673,0.26618705036,,,0.707865168539,0.0,0.434782608696,0.347222222222,0.121212121212,2024,0.4,18,0.695652173913,0,0.94,0
2519,2024-07-18,0.098765432099,0.027108433735,0.093655589124,0.205607476636,0.302158273381,0.156462585034,0.25,0.640449438202,0.0,0.478260869565,0.233333333333,0.151515151515,2024,0.4,18,0.782608695652,0,0.94,0
2520,2024-07-18,0.024691358025,0.006024096386,0.021148036254,0.046728971963,0.41726618705,0.170068027211,0.214285714286,0.516853932584,0.0,0.565217391304,0.352777777778,0.166666666667,2024,0.4,18,0.913043478261,0,0.97,0
2521,2024-07-18,0.024691358025,0.006024096386,0.018126888218,0.03738317757,0.395683453237,0.115646258503,0.130952380952,0.47191011236,0.0,0.608695652174,0.405555555556,0.151515151515,2024,0.4,18,1.0,0,0.87,0
2522,2024-07-18,0.024691358025,0.009036144578,0.033232628399,0.07476635514,0.338129496403,0.081632653061,0.083333333333,0.494382022472,0.0,0.608695652174,0.363888888889,0.151515151515,2024,0.4,18,0.95652173913,0,0.96,0
2523,2024-07-18,0.024691358025,0.009036144578,0.030211480363,0.065420560748,0.36690647482,0.312925170068,0.238095238095,0.47191011236,0.0,0.608695652174,0.341666666667,0.151515151515,2024,0.4,18,0.869565217391,0,0.97,0
2524,2024-07-18,0.049382716049,0.012048192771,0.051359516616,0.121495327103,0.280575539568,0.251700680272,0.154761904762,0.516853932584,0.027027027027,0.608695652174,0.280555555556,0.227272727273,2024,0.4,18,0.826086956522,0,0.93,0
2525,2024-07-18,0.098765432099,0.045180722892,0.138972809668,0.280373831776,0.143884892086,0.448979591837,0.392857142857,0.674157303371,0.027027027027,0.478260869565,0.002777777778,0.318181818182,2024,0.4,18,0.739130434783,0,0.99,0
2526,2024-07-18,0.123456790123,0.027108433735,0.126888217523,0.308411214953,0.151079136691,0.544217687075,0.630952380952,0.797752808989,0.027027027027,0.347826086957,0.869444444444,0.318181818182,2024,0.4,18,0.652173913043,0,0.94,0
2527,2024-07-18,0.148148148148,0.027108433735,0.129909365559,0.317757009346,0.136690647482,0.163265306122,0.166666666667,0.887640449438,0.027027027027,0.304347826087,0.783333333333,0.227272727273,2024,0.4,18,0.608695652174,0,0.88,0
2528,2024-07-18,0.123456790123,0.021084337349,0.102719033233,0.261682242991,0.158273381295,,,0.921348314607,0.027027027027,0.260869565217,0.780555555556,0.166666666667,2024,0.4,18,0.565217391304,0,0.96,0
2529,2024-07-18,0.172839506173,0.018072289157,0.117824773414,0.308411214953,0.10071942446,,,0.955056179775,0.027027027027,0.260869565217,0.608333333333,0.136363636364,2024,0.4,18,0.478260869565,0,0.97,0
2530,2024-07-18,0.172839506173,0.018072289157,0.126888217523,0.336448598131,0.079136690647,,,0.955056179775,0.027027027027,0.260869565217,0.602777777778,0.121212121212,2024,0.4,18,0.434782608696,0,1.0,0
2531,2024-07-19,0.320987654321,0.156626506024,0.29003021148,0.411214953271,0.0,0.367346938776,0.404761904762,0.876404494382,0.027027027027,0.304347826087,0.783333333333,0.121212121212,2024,0.4,19,0.391304347826,0,1.0,0
2532,2024-07-19,0.098765432099,0.006024096386,0.084592145015,0.242990654206,0.093525179856,,,0.932584269663,0.0,0.260869565217,0.969444444444,0.030303030303,2024,0.4,19,0.347826086957,0,1.0,0
2533,2024-07-19,0.123456790123,0.015060240964,0.09667673716,0.252336448598,0.043165467626,,,0.955056179775,0.0,0.260869565217,0.413888888889,0.045454545455,2024,0.4,19,0.304347826087,0,1.0,0
2534,2024-07-19,0.148148148148,0.030120481928,0.129909365559,0.308411214953,0.021582733813,,,0.955056179775,0.0,0.260869565217,0.480555555556,0.075757575758,2024,0.4,19,0.260869565217,0,1.0,0
2535,2024-07-19,0.123456790123,0.018072289157,0.09667673716,0.242990654206,0.021582733813,,,0.955056179775,0.0,0.260869565217,0.433333333333,0.060606060606,2024,0.4,19,0.173913043478,0,1.0,0
2536,2024-07-19,0.148148148148,0.057228915663,0.138972809668,0.252336448598,0.007194244604,,,0.966292134831,0.0,0.260869565217,0.547222222222,0.075757575758,2024,0.4,19,0.130434782609,0,1.0,0
2537,2024-07-19,0.123456790123,0.042168674699,0.111782477341,0.214953271028,0.028776978417,,,0.943820224719,0.0,0.260869565217,0.588888888889,0.075757575758,2024,0.4,19,0.04347826087,0,1.0,0
2538,2024-07-19,0.246913580247,0.120481927711,0.196374622356,0.233644859813,0.007194244604,,,0.955056179775,0.027027027027,0.260869565217,0.455555555556,0.045454545455,2024,0.4,19,0.0,0,0.99,0
2539,2024-07-19,0.296296296296,0.159638554217,0.244712990937,0.261682242991,0.021582733813,0.197278911565,0.285714285714,0.921348314607,0.027027027027,0.304347826087,0.530555555556,0.090909090909,2024,0.4,19,0.086956521739,0,0.99,0
2540,2024-07-19,0.172839506173,0.075301204819,0.154078549849,0.242990654206,0.10071942446,0.224489795918,0.297619047619,0.831460674157,0.027027027027,0.347826086957,0.469444444444,0.075757575758,2024,0.4,19,0.217391304348,0,0.98,0
2541,2024-07-19,0.123456790123,0.051204819277,0.132930513595,0.261682242991,0.172661870504,0.210884353741,0.297619047619,0.719101123596,0.0,0.434782608696,0.125,0.090909090909,2024,0.4,19,0.521739130435,0,0.97,0
2542,2024-07-19,0.148148148148,0.05421686747,0.151057401813,0.299065420561,0.187050359712,0.210884353741,0.285714285714,0.651685393258,0.027027027027,0.478260869565,0.927777777778,0.181818181818,2024,0.4,19,0.695652173913,0,0.94,0
2543,2024-07-19,0.197530864198,0.057228915663,0.172205438066,0.355140186916,0.194244604317,0.278911564626,0.357142857143,0.662921348315,0.027027027027,0.478260869565,0.897222222222,0.212121212121,2024,0.4,19,0.782608695652,0,0.95,0
2544,2024-07-19,0.148148148148,0.03313253012,0.117824773414,0.261682242991,0.323741007194,0.380952380952,0.511904761905,0.584269662921,0.027027027027,0.521739130435,0.858333333333,0.19696969697,2024,0.4,19,0.913043478261,0,0.81,0
2545,2024-07-19,0.123456790123,0.015060240964,0.105740181269,0.271028037383,0.359712230216,0.299319727891,0.404761904762,0.606741573034,0.027027027027,0.521739130435,0.394444444444,0.181818181818,2024,0.4,19,1.0,0,0.79,0
2546,2024-07-19,0.172839506173,0.027108433735,0.132930513595,0.327102803738,0.172661870504,0.251700680272,0.369047619048,0.898876404494,0.027027027027,0.304347826087,0.438888888889,0.181818181818,2024,0.4,19,0.95652173913,0,0.82,0
2547,2024-07-19,0.296296296296,0.051204819277,0.184290030211,0.411214953271,0.115107913669,0.183673469388,0.27380952381,0.943820224719,0.027027027027,0.304347826087,0.669444444444,0.121212121212,2024,0.4,19,0.869565217391,0,0.81,0
2548,2024-07-19,0.320987654321,0.075301204819,0.223564954683,0.457943925234,0.107913669065,0.238095238095,0.321428571429,0.921348314607,0.0,0.304347826087,0.827777777778,0.075757575758,2024,0.4,19,0.826086956522,0,0.89,0
2549,2024-07-19,0.271604938272,0.060240963855,0.205438066465,0.448598130841,0.093525179856,0.224489795918,0.345238095238,0.921348314607,0.027027027027,0.304347826087,0.819444444444,0.151515151515,2024,0.4,19,0.739130434783,0,0.9,0
2550,2024-07-19,0.296296296296,0.081325301205,0.232628398792,0.467289719626,0.064748201439,0.272108843537,0.369047619048,0.910112359551,0.027027027027,0.304347826087,0.855555555556,0.121212121212,2024,0.4,19,0.652173913043,0,0.91,0
2551,2024-07-19,0.345679012346,0.120481927711,0.280966767372,0.495327102804,0.021582733813,0.224489795918,0.345238095238,0.876404494382,0.027027027027,0.304347826087,0.866666666667,0.075757575758,2024,0.4,19,0.608695652174,0,0.89,0
2552,2024-07-19,0.395061728395,0.171686746988,0.33836858006,0.504672897196,0.007194244604,0.136054421769,0.22619047619,0.865168539326,0.027027027027,0.304347826087,0.908333333333,0.045454545455,2024,0.4,19,0.565217391304,0,0.96,0
2553,2024-07-19,0.469135802469,0.25,0.407854984894,0.485981308411,0.007194244604,0.170068027211,0.202380952381,0.876404494382,0.054054054054,0.304347826087,0.755555555556,0.045454545455,2024,0.4,19,0.478260869565,0,1.0,0
2554,2024-07-19,0.493827160494,0.280120481928,0.441087613293,0.504672897196,0.007194244604,0.285714285714,0.380952380952,0.887640449438,0.054054054054,0.304347826087,0.763888888889,0.075757575758,2024,0.4,19,0.434782608696,0,0.99,0
2555,2024-07-20,0.148148148148,0.015060240964,0.099697885196,0.261682242991,0.05035971223,0.136054421769,0.178571428571,0.955056179775,0.0,0.260869565217,0.530555555556,0.060606060606,2024,0.4,20,0.391304347826,0,1.0,0
2556,2024-07-20,0.148148148148,0.063253012048,0.160120845921,0.299065420561,0.007194244604,0.353741496599,0.357142857143,0.876404494382,0.0,0.304347826087,0.836111111111,0.166666666667,2024,0.4,20,0.347826086957,0,1.0,0
2557,2024-07-20,0.098765432099,0.030120481928,0.105740181269,0.233644859813,0.007194244604,0.238095238095,0.22619047619,0.876404494382,0.0,0.304347826087,0.847222222222,0.136363636364,2024,0.4,20,0.304347826087,0,1.0,0
2558,2024-07-20,0.024691358025,0.015060240964,0.063444108761,0.14953271028,0.035971223022,0.224489795918,0.22619047619,0.831460674157,0.0,0.260869565217,0.816666666667,0.121212121212,2024,0.4,20,0.260869565217,0,1.0,0
2559,2024-07-20,0.024691358025,0.018072289157,0.066465256798,0.14953271028,0.028776978417,0.122448979592,0.107142857143,0.876404494382,0.0,0.260869565217,0.733333333333,0.090909090909,2024,0.4,20,0.173913043478,0,1.0,0
2560,2024-07-20,0.049382716049,0.045180722892,0.099697885196,0.168224299065,0.007194244604,0.163265306122,0.142857142857,0.943820224719,0.0,0.217391304348,0.630555555556,0.045454545455,2024,0.4,20,0.130434782609,0,1.0,0
2561,2024-07-20,0.098765432099,0.072289156627,0.126888217523,0.168224299065,0.007194244604,0.170068027211,0.190476190476,0.966292134831,0.0,0.217391304348,0.616666666667,0.106060606061,2024,0.4,20,0.04347826087,0,1.0,0
2562,2024-07-20,0.123456790123,0.099397590361,0.154078549849,0.168224299065,0.007194244604,0.12925170068,0.154761904762,0.955056179775,0.027027027027,0.217391304348,0.486111111111,0.060606060606,2024,0.4,20,0.0,0,1.0,0
2563,2024-07-20,0.172839506173,0.171686746988,0.232628398792,0.18691588785,0.007194244604,0.136054421769,0.178571428571,0.943820224719,0.027027027027,0.260869565217,0.2,0.060606060606,2024,0.4,20,0.086956521739,0,1.0,0
2564,2024-07-20,0.222222222222,0.246987951807,0.332326283988,0.261682242991,0.014388489209,0.163265306122,0.202380952381,0.910112359551,0.054054054054,0.304347826087,0.552777777778,0.075757575758,2024,0.4,20,0.217391304348,0,1.0,0
2565,2024-07-20,0.172839506173,0.126506024096,0.208459214502,0.252336448598,0.043165467626,0.197278911565,0.25,0.831460674157,0.054054054054,0.347826086957,0.919444444444,0.090909090909,2024,0.4,20,0.521739130435,0,0.99,0
2566,2024-07-20,0.148148148148,0.078313253012,0.172205438066,0.289719626168,0.115107913669,0.238095238095,0.27380952381,0.730337078652,0.027027027027,0.434782608696,0.086111111111,0.090909090909,2024,0.4,20,0.695652173913,0,0.96,0
2567,2024-07-20,0.123456790123,0.069277108434,0.19335347432,0.383177570093,0.179856115108,0.278911564626,0.369047619048,0.662921348315,0.027027027027,0.478260869565,0.141666666667,0.090909090909,2024,0.4,20,0.782608695652,0,0.98,0
2568,2024-07-20,0.074074074074,0.027108433735,0.099697885196,0.233644859813,0.36690647482,0.299319727891,0.404761904762,0.573033707865,0.027027027027,0.521739130435,0.152777777778,0.151515151515,2024,0.4,20,0.913043478261,0,0.92,0
2569,2024-07-20,0.049382716049,0.009036144578,0.051359516616,0.130841121495,0.525179856115,0.210884353741,0.309523809524,0.539325842697,0.027027027027,0.565217391304,0.291666666667,0.19696969697,2024,0.4,20,1.0,0,0.96,0
2570,2024-07-20,0.074074074074,0.006024096386,0.045317220544,0.130841121495,0.532374100719,0.21768707483,0.321428571429,0.584269662921,0.0,0.565217391304,0.363888888889,0.212121212121,2024,0.4,20,0.95652173913,0,0.98,0
2571,2024-07-20,0.049382716049,0.003012048193,0.02416918429,0.065420560748,0.561151079137,0.258503401361,0.333333333333,0.52808988764,0.027027027027,0.565217391304,0.386111111111,0.136363636364,2024,0.4,20,0.869565217391,0,0.99,0
2572,2024-07-20,0.123456790123,0.012048192771,0.090634441088,0.242990654206,0.330935251799,0.224489795918,0.27380952381,0.606741573034,0.027027027027,0.521739130435,0.791666666667,0.227272727273,2024,0.4,20,0.826086956522,0,1.0,0
2573,2024-07-20,0.148148148148,0.027108433735,0.123867069486,0.299065420561,0.179856115108,0.224489795918,0.285714285714,0.741573033708,0.027027027027,0.391304347826,0.838888888889,0.227272727273,2024,0.4,20,0.739130434783,0,1.0,0
2574,2024-07-20,0.172839506173,0.030120481928,0.151057401813,0.373831775701,0.093525179856,0.210884353741,0.285714285714,0.797752808989,0.027027027027,0.347826086957,0.905555555556,0.227272727273,2024,0.4,20,0.652173913043,0,0.96,0
2575,2024-07-20,0.123456790123,0.021084337349,0.105740181269,0.261682242991,0.122302158273,0.170068027211,0.178571428571,0.85393258427,0.0,0.304347826087,0.775,0.166666666667,2024,0.4,20,0.608695652174,0,1.0,0
2576,2024-07-20,0.148148148148,0.030120481928,0.117824773414,0.271028037383,0.086330935252,0.115646258503,0.178571428571,0.876404494382,0.027027027027,0.304347826087,0.719444444444,0.151515151515,2024,0.4,20,0.565217391304,0,0.99,0
2577,2024-07-20,0.148148148148,0.012048192771,0.099697885196,0.271028037383,0.079136690647,0.108843537415,0.142857142857,0.910112359551,0.027027027027,0.304347826087,0.447222222222,0.151515151515,2024,0.4,20,0.478260869565,0,0.98,0
2578,2024-07-20,0.123456790123,0.012048192771,0.093655589124,0.252336448598,0.079136690647,0.142857142857,0.202380952381,0.943820224719,0.0,0.260869565217,0.513888888889,0.106060606061,2024,0.4,20,0.434782608696,0,0.98,0
2579,2024-07-21,0.074074074074,0.012048192771,0.057401812689,0.140186915888,0.064748201439,0.081632653061,0.059523809524,0.752808988764,0.0,0.347826086957,0.852777777778,0.166666666667,2024,0.4,21,0.391304347826,0,1.0,0
2580,2024-07-21,,,,,,0.095238095238,0.154761904762,0.943820224719,,0.260869565217,0.883333333333,0.075757575758,2024,0.4,21,0.347826086957,0,1.0,0
2581,2024-07-21,,,,,,0.142857142857,0.178571428571,0.887640449438,,0.260869565217,0.847222222222,0.136363636364,2024,0.4,21,0.304347826087,0,1.0,0
2582,2024-07-21,,,,,,0.204081632653,0.190476190476,0.887640449438,,0.260869565217,0.863888888889,0.151515151515,2024,0.4,21,0.260869565217,0,1.0,0
2583,2024-07-21,0.098765432099,0.021084337349,0.081570996979,0.18691588785,0.021582733813,0.21768707483,0.22619047619,0.898876404494,0.027027027027,0.260869565217,0.930555555556,0.090909090909,2024,0.4,21,0.173913043478,0,1.0,0
2584,2024-07-21,0.123456790123,0.027108433735,0.093655589124,0.205607476636,0.007194244604,0.163265306122,0.178571428571,0.966292134831,0.027027027027,0.260869565217,0.816666666667,0.090909090909,2024,0.4,21,0.130434782609,0,1.0,0
2585,2024-07-21,0.123456790123,0.03313253012,0.084592145015,0.158878504673,0.007194244604,0.12925170068,0.166666666667,0.943820224719,0.027027027027,0.260869565217,0.897222222222,0.030303030303,2024,0.4,21,0.04347826087,0,1.0,0
2586,2024-07-21,0.172839506173,0.078313253012,0.135951661631,0.18691588785,0.007194244604,0.136054421769,0.154761904762,0.921348314607,0.027027027027,0.260869565217,0.905555555556,0.090909090909,2024,0.4,21,0.0,0,1.0,0
2587,2024-07-21,0.148148148148,0.075301204819,0.123867069486,0.14953271028,0.043165467626,0.12925170068,0.142857142857,0.865168539326,0.027027027027,0.304347826087,0.955555555556,0.121212121212,2024,0.4,21,0.086956521739,0,1.0,0
2588,2024-07-21,0.098765432099,0.042168674699,0.075528700906,0.102803738318,0.107913669065,0.136054421769,0.154761904762,0.752808988764,0.027027027027,0.347826086957,0.847222222222,0.151515151515,2024,0.4,21,0.217391304348,0,1.0,0
2589,2024-07-21,0.098765432099,0.036144578313,0.069486404834,0.102803738318,0.136690647482,0.115646258503,0.130952380952,0.707865168539,0.027027027027,0.391304347826,0.841666666667,0.136363636364,2024,0.4,21,0.521739130435,0,1.0,0
2590,2024-07-21,0.074074074074,0.021084337349,0.04833836858,0.07476635514,0.230215827338,0.163265306122,0.214285714286,0.61797752809,0.0,0.434782608696,0.766666666667,0.151515151515,2024,0.4,21,0.695652173913,0,1.0,0
2591,2024-07-21,0.074074074074,0.012048192771,0.036253776435,0.065420560748,0.323741007194,0.095238095238,0.095238095238,0.539325842697,0.027027027027,0.521739130435,0.761111111111,0.151515151515,2024,0.4,21,0.782608695652,0,1.0,0
2592,2024-07-21,0.074074074074,0.009036144578,0.033232628399,0.065420560748,0.395683453237,0.122448979592,0.142857142857,0.460674157303,0.027027027027,0.565217391304,0.833333333333,0.151515151515,2024,0.4,21,0.913043478261,0,1.0,0
2593,2024-07-21,0.049382716049,0.009036144578,0.033232628399,0.07476635514,0.446043165468,0.08843537415,0.095238095238,0.438202247191,0.0,0.608695652174,0.805555555556,0.151515151515,2024,0.4,21,1.0,0,1.0,0
2594,2024-07-21,0.049382716049,0.012048192771,0.042296072508,0.093457943925,0.402877697842,0.08843537415,0.107142857143,0.438202247191,0.0,0.608695652174,0.938888888889,0.121212121212,2024,0.4,21,0.95652173913,0,0.98,0
2595,2024-07-21,0.049382716049,0.009036144578,0.030211480363,0.07476635514,0.294964028777,0.156462585034,0.22619047619,0.561797752809,0.0,0.565217391304,0.063888888889,0.318181818182,2024,0.4,21,0.869565217391,0,1.0,0
2596,2024-07-21,0.049382716049,0.009036144578,0.030211480363,0.065420560748,0.223021582734,0.115646258503,0.130952380952,0.775280898876,0.027027027027,0.391304347826,0.041666666667,0.30303030303,2024,0.4,21,0.826086956522,0,1.0,0
2597,2024-07-21,0.123456790123,0.024096385542,0.078549848943,0.168224299065,0.151079136691,0.047619047619,0.059523809524,0.797752808989,0.027027027027,0.347826086957,0.791666666667,0.121212121212,2024,0.4,21,0.739130434783,0,1.0,0
2598,2024-07-21,0.148148148148,0.030120481928,0.108761329305,0.242990654206,0.115107913669,0.034013605442,0.047619047619,0.696629213483,0.027027027027,0.434782608696,0.669444444444,0.121212121212,2024,0.4,21,0.652173913043,0,1.0,0
2599,2024-07-21,0.123456790123,0.012048192771,0.078549848943,0.205607476636,0.093525179856,0.068027210884,0.059523809524,0.674157303371,0.027027027027,0.434782608696,0.005555555556,0.151515151515,2024,0.4,21,0.608695652174,0,1.0,0
2600,2024-07-21,0.098765432099,0.015060240964,0.060422960725,0.140186915888,0.079136690647,0.08843537415,0.071428571429,0.696629213483,0.027027027027,0.391304347826,0.002777777778,0.257575757576,2024,0.4,21,0.565217391304,0,0.99,0
2601,2024-07-21,0.074074074074,0.009036144578,0.051359516616,0.130841121495,0.079136690647,0.108843537415,0.083333333333,0.707865168539,0.0,0.391304347826,0.022222222222,0.227272727273,2024,0.4,21,0.478260869565,0,1.0,0
2602,2024-07-21,0.074074074074,0.012048192771,0.051359516616,0.121495327103,0.086330935252,0.068027210884,0.035714285714,0.719101123596,0.0,0.391304347826,0.977777777778,0.166666666667,2024,0.4,21,0.434782608696,0,1.0,0
2603,2024-07-22,0.345679012346,0.14156626506,0.256797583082,0.345794392523,0.007194244604,0.136054421769,0.119047619048,0.85393258427,0.027027027027,0.304347826087,0.438888888889,0.030303030303,2024,0.4,22,0.391304347826,0,1.0,0
2604,2024-07-22,0.049382716049,0.006024096386,0.036253776435,0.093457943925,0.10071942446,0.12925170068,0.154761904762,0.775280898876,0.0,0.347826086957,0.888888888889,0.181818181818,2024,0.4,22,0.347826086957,0,1.0,0
2605,2024-07-22,0.024691358025,0.003012048193,0.012084592145,0.028037383178,0.143884892086,0.095238095238,0.083333333333,0.786516853933,0.0,0.304347826087,0.95,0.166666666667,2024,0.4,22,0.304347826087,0,1.0,0
2606,2024-07-22,0.024691358025,0.006024096386,0.030211480363,0.07476635514,0.093525179856,0.047619047619,0.02380952381,0.820224719101,0.0,0.304347826087,0.894444444444,0.121212121212,2024,0.4,22,0.260869565217,0,1.0,0
2607,2024-07-22,0.024691358025,0.006024096386,0.039274924471,0.102803738318,0.071942446043,0.068027210884,0.071428571429,0.831460674157,0.0,0.260869565217,0.827777777778,0.151515151515,2024,0.4,22,0.173913043478,0,1.0,0
2608,2024-07-22,0.024691358025,0.009036144578,0.039274924471,0.093457943925,0.086330935252,0.074829931973,0.059523809524,0.831460674157,0.0,0.260869565217,0.855555555556,0.166666666667,2024,0.4,22,0.130434782609,0,1.0,0
2609,2024-07-22,0.074074074074,0.030120481928,0.084592145015,0.158878504673,0.043165467626,0.061224489796,0.047619047619,0.808988764045,0.027027027027,0.260869565217,0.833333333333,0.151515151515,2024,0.4,22,0.04347826087,0,1.0,0
2610,2024-07-22,0.098765432099,0.057228915663,0.123867069486,0.205607476636,0.021582733813,0.095238095238,0.107142857143,0.808988764045,0.027027027027,0.260869565217,0.916666666667,0.106060606061,2024,0.4,22,0.0,0,0.99,0
2611,2024-07-22,0.123456790123,0.078313253012,0.148036253776,0.205607476636,0.021582733813,0.136054421769,0.154761904762,0.797752808989,0.027027027027,0.304347826087,0.244444444444,0.075757575758,2024,0.4,22,0.086956521739,0,0.98,0
2612,2024-07-22,0.148148148148,0.084337349398,0.151057401813,0.205607476636,0.028776978417,0.156462585034,0.166666666667,0.797752808989,0.027027027027,0.304347826087,0.361111111111,0.106060606061,2024,0.4,22,0.217391304348,0,0.96,0
2613,2024-07-22,0.148148148148,0.081325301205,0.14501510574,0.196261682243,0.05035971223,0.142857142857,0.130952380952,0.808988764045,0.027027027027,0.304347826087,0.369444444444,0.151515151515,2024,0.4,22,0.521739130435,0,0.96,0
2614,2024-07-22,0.148148148148,0.072289156627,0.148036253776,0.233644859813,0.093525179856,0.204081632653,0.22619047619,0.786516853933,0.027027027027,0.347826086957,0.325,0.106060606061,2024,0.4,22,0.695652173913,0,0.97,0
2615,2024-07-22,0.123456790123,0.051204819277,0.126888217523,0.233644859813,0.194244604317,0.204081632653,0.25,0.640449438202,0.027027027027,0.478260869565,0.091666666667,0.136363636364,2024,0.4,22,0.782608695652,0,0.98,0
2616,2024-07-22,0.074074074074,0.042168674699,0.105740181269,0.196261682243,0.230215827338,0.204081632653,0.261904761905,0.61797752809,0.027027027027,0.478260869565,0.147222222222,0.212121212121,2024,0.4,22,0.913043478261,0,0.98,0
2617,2024-07-22,0.049382716049,0.015060240964,0.051359516616,0.11214953271,0.359712230216,0.197278911565,0.214285714286,0.550561797753,0.027027027027,0.521739130435,0.244444444444,0.181818181818,2024,0.4,22,1.0,0,0.92,0
2618,2024-07-22,0.098765432099,0.018072289157,0.060422960725,0.130841121495,0.136690647482,0.170068027211,0.214285714286,0.752808988764,0.027027027027,0.391304347826,0.472222222222,0.287878787879,2024,0.4,22,0.95652173913,0,0.94,0
2619,2024-07-22,0.148148148148,0.045180722892,0.102719033233,0.177570093458,0.079136690647,0.081632653061,0.071428571429,0.820224719101,0.027027027027,0.347826086957,0.577777777778,0.151515151515,2024,0.4,22,0.869565217391,0,0.97,0
2620,2024-07-22,0.172839506173,0.051204819277,0.12084592145,0.214953271028,0.079136690647,0.068027210884,0.095238095238,0.865168539326,0.027027027027,0.304347826087,0.844444444444,0.106060606061,2024,0.4,22,0.826086956522,0,0.91,0
2621,2024-07-22,0.222222222222,0.08734939759,0.178247734139,0.280373831776,0.057553956835,0.108843537415,0.166666666667,0.898876404494,0.027027027027,0.304347826087,0.822222222222,0.136363636364,2024,0.4,22,0.739130434783,0,1.0,0
2622,2024-07-22,0.197530864198,0.045180722892,0.141993957704,0.299065420561,0.064748201439,0.12925170068,0.142857142857,0.842696629213,0.054054054054,0.304347826087,0.486111111111,0.045454545455,2024,0.4,22,0.652173913043,0,1.0,0
2623,2024-07-22,0.246913580247,0.051204819277,0.178247734139,0.392523364486,0.021582733813,0.108843537415,0.119047619048,0.842696629213,0.027027027027,0.347826086957,0.444444444444,0.060606060606,2024,0.4,22,0.608695652174,0,0.96,0
2624,2024-07-22,0.271604938272,0.069277108434,0.196374622356,0.392523364486,0.007194244604,0.12925170068,0.154761904762,0.820224719101,0.027027027027,0.304347826087,0.452777777778,0.060606060606,2024,0.4,22,0.565217391304,0,1.0,0
2625,2024-07-22,0.345679012346,0.111445783133,0.232628398792,0.373831775701,0.007194244604,0.136054421769,0.142857142857,0.85393258427,0.027027027027,0.304347826087,0.472222222222,0.060606060606,2024,0.4,22,0.478260869565,0,1.0,0
2626,2024-07-22,0.37037037037,0.123493975904,0.238670694864,0.355140186916,0.0,0.197278911565,0.238095238095,0.865168539326,0.027027027027,0.304347826087,0.383333333333,0.060606060606,2024,0.4,22,0.434782608696,0,1.0,0
2627,2024-07-23,0.197530864198,0.036144578313,0.138972809668,0.317757009346,0.007194244604,0.12925170068,0.190476190476,0.966292134831,0.0,0.260869565217,0.388888888889,0.060606060606,2024,0.4,23,0.391304347826,0,1.0,0
2628,2024-07-23,0.41975308642,0.30421686747,0.416918429003,0.345794392523,0.007194244604,0.149659863946,0.142857142857,0.910112359551,0.054054054054,0.304347826087,0.063888888889,0.075757575758,2024,0.4,23,0.347826086957,0,1.0,0
2629,2024-07-23,0.271604938272,0.19578313253,0.280966767372,0.261682242991,0.0,0.238095238095,0.22619047619,0.910112359551,0.027027027027,0.304347826087,0.355555555556,0.075757575758,2024,0.4,23,0.304347826087,0,1.0,0
2630,2024-07-23,0.197530864198,0.072289156627,0.138972809668,0.205607476636,0.007194244604,0.170068027211,0.178571428571,0.898876404494,0.0,0.260869565217,0.488888888889,0.075757575758,2024,0.4,23,0.260869565217,0,1.0,0
2631,2024-07-23,0.148148148148,0.036144578313,0.093655589124,0.177570093458,0.007194244604,0.12925170068,0.142857142857,0.921348314607,0.0,0.260869565217,0.544444444444,0.075757575758,2024,0.4,23,0.173913043478,0,1.0,0
2632,2024-07-23,0.148148148148,0.069277108434,0.123867069486,0.168224299065,0.007194244604,0.142857142857,0.178571428571,0.921348314607,0.027027027027,0.260869565217,0.477777777778,0.060606060606,2024,0.4,23,0.130434782609,0,1.0,0
2633,2024-07-23,0.172839506173,0.084337349398,0.135951661631,0.14953271028,0.007194244604,0.115646258503,0.107142857143,0.932584269663,0.027027027027,0.260869565217,0.461111111111,0.075757575758,2024,0.4,23,0.04347826087,0,1.0,0
2634,2024-07-23,0.246913580247,0.156626506024,0.205438066465,0.14953271028,0.007194244604,0.156462585034,0.178571428571,0.921348314607,0.027027027027,0.260869565217,0.566666666667,0.075757575758,2024,0.4,23,0.0,0,1.0,0
2635,2024-07-23,0.320987654321,0.19578313253,0.262839879154,0.214953271028,0.021582733813,0.142857142857,0.142857142857,0.876404494382,0.054054054054,0.304347826087,0.583333333333,0.075757575758,2024,0.4,23,0.086956521739,0,0.91,0
2636,2024-07-23,0.222222222222,0.093373493976,0.181268882175,0.271028037383,0.079136690647,0.210884353741,0.238095238095,0.797752808989,0.027027027027,0.347826086957,0.355555555556,0.075757575758,2024,0.4,23,0.217391304348,0,0.97,0
2637,2024-07-23,0.148148148148,0.05421686747,0.123867069486,0.214953271028,0.158273381295,0.197278911565,0.238095238095,0.696629213483,0.027027027027,0.434782608696,0.277777777778,0.090909090909,2024,0.4,23,0.521739130435,0,0.96,0
2638,2024-07-23,0.123456790123,0.027108433735,0.087613293051,0.18691588785,0.251798561151,0.163265306122,0.202380952381,0.595505617978,0.0,0.478260869565,0.311111111111,0.136363636364,2024,0.4,23,0.695652173913,0,0.93,0
2639,2024-07-23,0.074074074074,0.021084337349,0.069486404834,0.158878504673,0.338129496403,0.142857142857,0.154761904762,0.539325842697,0.027027027027,0.565217391304,0.177777777778,0.151515151515,2024,0.4,23,0.782608695652,0,0.98,0
2640,2024-07-23,0.074074074074,0.009036144578,0.045317220544,0.11214953271,0.410071942446,0.176870748299,0.22619047619,0.47191011236,0.027027027027,0.608695652174,0.283333333333,0.151515151515,2024,0.4,23,0.913043478261,0,0.98,0
2641,2024-07-23,0.148148148148,0.021084337349,0.087613293051,0.205607476636,0.31654676259,0.142857142857,0.178571428571,0.505617977528,0.0,0.608695652174,0.561111111111,0.19696969697,2024,0.4,23,1.0,0,0.97,0
2642,2024-07-23,0.148148148148,0.024096385542,0.093655589124,0.224299065421,0.244604316547,0.136054421769,0.142857142857,0.539325842697,0.0,0.565217391304,0.547222222222,0.166666666667,2024,0.4,23,0.95652173913,0,0.98,0
2643,2024-07-23,0.197530864198,0.042168674699,0.123867069486,0.252336448598,0.179856115108,0.136054421769,0.178571428571,0.629213483146,0.0,0.478260869565,0.6,0.212121212121,2024,0.4,23,0.869565217391,0,0.98,0
2644,2024-07-23,0.197530864198,0.036144578313,0.12084592145,0.261682242991,0.201438848921,0.142857142857,0.166666666667,0.584269662921,0.0,0.521739130435,0.672222222222,0.121212121212,2024,0.4,23,0.826086956522,0,0.98,0
2645,2024-07-23,0.123456790123,0.015060240964,0.09667673716,0.252336448598,0.223021582734,0.136054421769,0.119047619048,0.595505617978,0.054054054054,0.521739130435,0.105555555556,0.19696969697,2024,0.4,23,0.739130434783,0,0.96,0
2646,2024-07-23,0.098765432099,0.012048192771,0.075528700906,0.205607476636,0.165467625899,0.170068027211,0.142857142857,0.797752808989,0.054054054054,0.391304347826,0.063888888889,0.287878787879,2024,0.4,23,0.652173913043,0,0.93,0
2647,2024-07-23,0.123456790123,0.027108433735,0.117824773414,0.280373831776,0.10071942446,0.21768707483,0.238095238095,0.921348314607,0.027027027027,0.304347826087,0.127777777778,0.227272727273,2024,0.4,23,0.608695652174,0,0.92,0
2648,2024-07-23,0.123456790123,0.009036144578,0.093655589124,0.261682242991,0.115107913669,0.08843537415,0.107142857143,0.955056179775,0.0,0.260869565217,0.025,0.090909090909,2024,0.4,23,0.565217391304,0,0.93,0
2649,2024-07-23,0.123456790123,0.018072289157,0.099697885196,0.252336448598,0.064748201439,0.102040816327,0.166666666667,0.955056179775,0.0,0.260869565217,0.222222222222,0.015151515152,2024,0.4,23,0.478260869565,0,0.98,0
2650,2024-07-23,0.172839506173,0.024096385542,0.12084592145,0.299065420561,0.021582733813,0.095238095238,0.130952380952,0.966292134831,0.027027027027,0.260869565217,0.475,0.030303030303,2024,0.4,23,0.434782608696,0,1.0,0
2651,2024-07-24,0.098765432099,0.012048192771,0.093655589124,0.252336448598,0.028776978417,0.142857142857,0.202380952381,0.842696629213,0.027027027027,0.347826086957,0.841666666667,0.151515151515,2024,0.4,24,0.391304347826,0,1.0,0
2652,2024-07-24,0.197530864198,0.060240963855,0.178247734139,0.364485981308,0.0,0.136054421769,0.202380952381,0.977528089888,0.027027027027,0.260869565217,0.275,0.060606060606,2024,0.4,24,0.347826086957,0,1.0,0
2653,2024-07-24,0.246913580247,0.126506024096,0.2416918429,0.355140186916,0.0,0.122448979592,0.178571428571,0.977528089888,0.027027027027,0.260869565217,0.377777777778,0.030303030303,2024,0.4,24,0.304347826087,0,1.0,0
2654,2024-07-24,0.222222222222,0.10843373494,0.220543806647,0.345794392523,0.007194244604,0.190476190476,0.297619047619,0.977528089888,0.027027027027,0.260869565217,0.463888888889,0.015151515152,2024,0.4,24,0.260869565217,0,1.0,0
2655,2024-07-24,0.222222222222,0.090361445783,0.190332326284,0.308411214953,0.0,0.210884353741,0.333333333333,0.966292134831,0.027027027027,0.260869565217,0.363888888889,0.030303030303,2024,0.4,24,0.173913043478,0,1.0,0
2656,2024-07-24,0.197530864198,0.084337349398,0.172205438066,0.271028037383,0.007194244604,0.224489795918,0.345238095238,0.977528089888,0.027027027027,0.260869565217,0.388888888889,0.015151515152,2024,0.4,24,0.130434782609,0,0.96,0
2657,2024-07-24,0.197530864198,0.102409638554,0.184290030211,0.252336448598,0.007194244604,0.197278911565,0.297619047619,0.977528089888,0.027027027027,0.260869565217,0.075,0.045454545455,2024,0.4,24,0.04347826087,0,0.99,0
2658,2024-07-24,0.222222222222,0.174698795181,0.2416918429,0.205607476636,0.0,0.204081632653,0.297619047619,0.955056179775,0.027027027027,0.304347826087,0.280555555556,0.060606060606,2024,0.4,24,0.0,0,1.0,0
2659,2024-07-24,0.222222222222,0.177710843373,0.2416918429,0.196261682243,0.014388489209,0.183673469388,0.22619047619,0.932584269663,0.027027027027,0.304347826087,0.016666666667,0.060606060606,2024,0.4,24,0.086956521739,0,0.94,0
2660,2024-07-24,0.148148148148,0.090361445783,0.151057401813,0.18691588785,0.05035971223,0.190476190476,0.238095238095,0.876404494382,0.027027027027,0.347826086957,0.036111111111,0.121212121212,2024,0.4,24,0.217391304348,0,0.97,0
2661,2024-07-24,0.148148148148,0.048192771084,0.108761329305,0.18691588785,0.129496402878,0.244897959184,0.333333333333,0.76404494382,0.027027027027,0.434782608696,0.027777777778,0.121212121212,2024,0.4,24,0.521739130435,0,0.98,0
2662,2024-07-24,0.222222222222,0.072289156627,0.187311178248,0.355140186916,0.136690647482,0.21768707483,0.297619047619,0.696629213483,0.027027027027,0.478260869565,0.902777777778,0.121212121212,2024,0.4,24,0.695652173913,0,0.95,0
2663,2024-07-24,0.172839506173,0.042168674699,0.151057401813,0.336448598131,0.26618705036,0.408163265306,0.547619047619,0.629213483146,0.027027027027,0.521739130435,0.972222222222,0.136363636364,2024,0.4,24,0.782608695652,0,0.98,0
2664,2024-07-24,0.148148148148,0.018072289157,0.099697885196,0.252336448598,0.460431654676,0.428571428571,0.571428571429,0.573033707865,0.027027027027,0.565217391304,0.030555555556,0.151515151515,2024,0.4,24,0.913043478261,0,0.96,0
2665,2024-07-24,0.074074074074,0.006024096386,0.04833836858,0.130841121495,0.640287769784,0.421768707483,0.583333333333,0.539325842697,0.027027027027,0.608695652174,0.105555555556,0.166666666667,2024,0.4,24,1.0,0,0.99,0
2666,2024-07-24,0.098765432099,0.006024096386,0.063444108761,0.177570093458,0.575539568345,0.319727891156,0.428571428571,0.494382022472,0.027027027027,0.652173913043,0.091666666667,0.166666666667,2024,0.4,24,0.95652173913,0,0.96,0
2667,2024-07-24,0.074074074074,0.012048192771,0.063444108761,0.158878504673,0.374100719424,0.278911564626,0.369047619048,0.561797752809,0.027027027027,0.608695652174,0.238888888889,0.257575757576,2024,0.4,24,0.869565217391,0,0.94,0
2668,2024-07-24,0.098765432099,0.009036144578,0.057401812689,0.14953271028,0.215827338129,,,0.640449438202,0.027027027027,0.478260869565,0.322222222222,0.166666666667,2024,0.4,24,0.826086956522,0,0.95,0
2669,2024-07-24,0.246913580247,0.057228915663,0.19335347432,0.411214953271,0.136690647482,0.224489795918,0.321428571429,0.662921348315,0.054054054054,0.478260869565,0.697222222222,0.121212121212,2024,0.4,24,0.739130434783,0,0.97,0
2670,2024-07-24,0.271604938272,0.045180722892,0.19335347432,0.457943925234,0.086330935252,0.21768707483,0.261904761905,0.707865168539,0.081081081081,0.434782608696,0.808333333333,0.151515151515,2024,0.4,24,0.652173913043,0,0.96,0
2671,2024-07-24,0.197530864198,0.03313253012,0.154078549849,0.373831775701,0.086330935252,0.285714285714,0.380952380952,0.730337078652,0.054054054054,0.391304347826,0.788888888889,0.19696969697,2024,0.4,24,0.608695652174,0,1.0,0
2672,2024-07-24,0.148148148148,0.021084337349,0.12084592145,0.308411214953,0.079136690647,0.231292517007,0.261904761905,0.786516853933,0.027027027027,0.391304347826,0.8,0.242424242424,2024,0.4,24,0.565217391304,0,1.0,0
2673,2024-07-24,0.123456790123,0.015060240964,0.084592145015,0.224299065421,0.079136690647,0.190476190476,0.27380952381,0.842696629213,0.027027027027,0.347826086957,0.802777777778,0.227272727273,2024,0.4,24,0.478260869565,0,1.0,0
2674,2024-07-24,0.074074074074,0.012048192771,0.07250755287,0.18691588785,0.071942446043,0.156462585034,0.214285714286,0.85393258427,0.027027027027,0.347826086957,0.858333333333,0.181818181818,2024,0.4,24,0.434782608696,0,1.0,0
2675,2024-07-25,0.123456790123,0.012048192771,0.12084592145,0.336448598131,0.10071942446,0.278911564626,0.404761904762,0.820224719101,0.027027027027,0.304347826087,0.716666666667,0.090909090909,2024,0.4,25,0.391304347826,0,1.0,0
2676,2024-07-25,0.098765432099,0.030120481928,0.123867069486,0.280373831776,0.007194244604,0.142857142857,0.190476190476,0.842696629213,0.027027027027,0.347826086957,0.902777777778,0.121212121212,2024,0.4,25,0.347826086957,0,1.0,0
2677,2024-07-25,0.098765432099,0.036144578313,0.117824773414,0.261682242991,0.007194244604,0.149659863946,0.142857142857,0.865168539326,0.027027027027,0.347826086957,0.977777777778,0.075757575758,2024,0.4,25,0.304347826087,0,1.0,0
2678,2024-07-25,0.074074074074,0.009036144578,0.078549848943,0.205607476636,0.021582733813,0.142857142857,0.154761904762,0.865168539326,0.0,0.347826086957,0.319444444444,0.030303030303,2024,0.4,25,0.260869565217,0,1.0,0
2679,2024-07-25,0.098765432099,0.018072289157,0.099697885196,0.252336448598,0.007194244604,0.170068027211,0.22619047619,0.85393258427,0.027027027027,0.347826086957,0.636111111111,0.075757575758,2024,0.4,25,0.173913043478,0,1.0,0
2680,2024-07-25,0.123456790123,0.024096385542,0.09667673716,0.224299065421,0.007194244604,0.12925170068,0.130952380952,0.865168539326,0.027027027027,0.347826086957,0.827777777778,0.060606060606,2024,0.4,25,0.130434782609,0,1.0,0
2681,2024-07-25,0.148148148148,0.045180722892,0.114803625378,0.214953271028,0.007194244604,0.142857142857,0.154761904762,0.865168539326,0.027027027027,0.304347826087,0.933333333333,0.090909090909,2024,0.4,25,0.04347826087,0,1.0,0
2682,2024-07-25,0.148148148148,0.120481927711,0.199395770393,0.233644859813,0.007194244604,0.176870748299,0.202380952381,0.876404494382,0.027027027027,0.347826086957,0.980555555556,0.060606060606,2024,0.4,25,0.0,0,1.0,0
2683,2024-07-25,0.197530864198,0.159638554217,0.235649546828,0.233644859813,0.007194244604,0.21768707483,0.238095238095,0.876404494382,0.054054054054,0.347826086957,0.097222222222,0.030303030303,2024,0.4,25,0.086956521739,0,0.97,0
2684,2024-07-25,0.197530864198,0.19578313253,0.29003021148,0.289719626168,0.007194244604,0.272108843537,0.297619047619,0.85393258427,0.054054054054,0.347826086957,0.3,0.060606060606,2024,0.4,25,0.217391304348,0,0.86,0
2685,2024-07-25,0.246913580247,0.183734939759,0.283987915408,0.308411214953,0.028776978417,0.299319727891,0.345238095238,0.820224719101,0.054054054054,0.391304347826,0.027777777778,0.075757575758,2024,0.4,25,0.521739130435,0,0.96,0
2686,2024-07-25,0.246913580247,0.117469879518,0.253776435045,0.420560747664,0.086330935252,0.34693877551,0.380952380952,0.719101123596,0.054054054054,0.478260869565,0.2,0.075757575758,2024,0.4,25,0.695652173913,0,0.99,0
2687,2024-07-25,0.172839506173,0.045180722892,0.163141993958,0.364485981308,0.280575539568,0.360544217687,0.416666666667,0.573033707865,0.027027027027,0.565217391304,0.155555555556,0.106060606061,2024,0.4,25,0.782608695652,0,0.94,0
2688,2024-07-25,0.123456790123,0.015060240964,0.093655589124,0.242990654206,0.525179856115,0.380952380952,0.488095238095,0.449438202247,0.027027027027,0.608695652174,0.188888888889,0.136363636364,2024,0.4,25,0.913043478261,0,0.98,0
2689,2024-07-25,0.123456790123,0.009036144578,0.087613293051,0.242990654206,0.676258992806,0.340136054422,0.452380952381,0.415730337079,0.027027027027,0.652173913043,0.030555555556,0.151515151515,2024,0.4,25,1.0,0,0.97,0
2690,2024-07-25,0.074074074074,0.006024096386,0.069486404834,0.196261682243,0.726618705036,0.414965986395,0.595238095238,0.393258426966,0.054054054054,0.695652173913,0.133333333333,0.166666666667,2024,0.4,25,0.95652173913,0,0.95,0
2691,2024-07-25,0.074074074074,0.003012048193,0.045317220544,0.130841121495,0.712230215827,0.258503401361,0.333333333333,0.404494382022,0.081081081081,0.695652173913,0.075,0.19696969697,2024,0.4,25,0.869565217391,0,0.95,0
2692,2024-07-25,0.074074074074,0.006024096386,0.07250755287,0.196261682243,0.546762589928,0.30612244898,0.380952380952,0.449438202247,0.081081081081,0.652173913043,0.172222222222,0.287878787879,2024,0.4,25,0.826086956522,0,0.91,0
2693,2024-07-25,0.098765432099,0.045180722892,0.151057401813,0.327102803738,0.194244604317,0.340136054422,0.380952380952,0.573033707865,0.216216216216,0.478260869565,0.122222222222,0.212121212121,2024,0.4,25,0.739130434783,0,0.93,0
2694,2024-07-29,0.049382716049,0.015060240964,0.054380664653,0.121495327103,0.330935251799,0.102040816327,0.047619047619,0.415730337079,0.027027027027,0.652173913043,0.9,0.227272727273,2024,0.4,29,0.869565217391,0,0.98,0
2695,2024-07-29,0.049382716049,0.015060240964,0.054380664653,0.121495327103,0.287769784173,0.136054421769,0.083333333333,0.516853932584,0.027027027027,0.608695652174,0.930555555556,0.227272727273,2024,0.4,29,0.826086956522,0,0.83,0
2696,2024-07-29,0.074074074074,0.021084337349,0.087613293051,0.205607476636,0.122302158273,0.183673469388,0.190476190476,0.775280898876,0.027027027027,0.434782608696,0.255555555556,0.242424242424,2024,0.4,29,0.739130434783,0,0.82,0
2697,2024-07-29,0.098765432099,0.03313253012,0.105740181269,0.224299065421,0.093525179856,0.136054421769,0.130952380952,0.898876404494,0.027027027027,0.347826086957,0.094444444444,0.19696969697,2024,0.4,29,0.652173913043,0,0.83,0
2698,2024-07-29,0.222222222222,0.078313253012,0.181268882175,0.317757009346,0.028776978417,0.074829931973,0.071428571429,0.910112359551,0.027027027027,0.347826086957,0.702777777778,0.090909090909,2024,0.4,29,0.608695652174,0,0.94,0
2699,2024-07-29,0.172839506173,0.063253012048,0.157099697885,0.289719626168,0.035971223022,0.108843537415,0.142857142857,0.910112359551,0.027027027027,0.304347826087,0.8,0.136363636364,2024,0.4,29,0.565217391304,0,0.94,0
2700,2024-07-29,0.123456790123,0.021084337349,0.108761329305,0.261682242991,0.057553956835,0.12925170068,0.190476190476,0.865168539326,0.027027027027,0.347826086957,0.838888888889,0.136363636364,2024,0.4,29,0.478260869565,0,0.96,0
2701,2024-07-29,0.172839506173,0.069277108434,0.175226586103,0.327102803738,0.007194244604,0.102040816327,0.130952380952,0.876404494382,0.027027027027,0.347826086957,0.925,0.075757575758,2024,0.4,29,0.434782608696,0,1.0,0
2702,2024-07-30,0.37037037037,0.21686746988,0.332326283988,0.355140186916,0.007194244604,0.251700680272,0.297619047619,0.921348314607,0.027027027027,0.347826086957,0.838888888889,0.075757575758,2024,0.4,30,0.391304347826,0,1.0,0
2703,2024-07-30,0.123456790123,0.072289156627,0.166163141994,0.289719626168,0.007194244604,0.149659863946,0.142857142857,0.898876404494,0.027027027027,0.304347826087,0.105555555556,0.075757575758,2024,0.4,30,0.347826086957,0,1.0,0
2704,2024-07-30,0.098765432099,0.048192771084,0.132930513595,0.261682242991,0.007194244604,0.156462585034,0.166666666667,0.921348314607,0.027027027027,0.304347826087,0.969444444444,0.060606060606,2024,0.4,30,0.304347826087,0,1.0,0
2705,2024-07-30,0.098765432099,0.069277108434,0.148036253776,0.242990654206,0.007194244604,0.142857142857,0.166666666667,0.910112359551,0.027027027027,0.347826086957,0.886111111111,0.075757575758,2024,0.4,30,0.260869565217,0,1.0,0
2706,2024-07-30,0.049382716049,0.015060240964,0.075528700906,0.18691588785,0.021582733813,0.183673469388,0.214285714286,0.910112359551,0.027027027027,0.304347826087,0.905555555556,0.136363636364,2024,0.4,30,0.173913043478,0,1.0,0
2707,2024-07-30,0.049382716049,0.012048192771,0.060422960725,0.158878504673,0.021582733813,0.190476190476,0.22619047619,0.910112359551,0.0,0.304347826087,0.941666666667,0.090909090909,2024,0.4,30,0.130434782609,0,1.0,0
2708,2024-07-30,0.074074074074,0.05421686747,0.105740181269,0.158878504673,0.007194244604,0.12925170068,0.154761904762,0.898876404494,0.0,0.304347826087,0.844444444444,0.090909090909,2024,0.4,30,0.04347826087,0,1.0,0
2709,2024-07-30,0.123456790123,0.105421686747,0.157099697885,0.158878504673,0.007194244604,0.115646258503,0.119047619048,0.910112359551,0.027027027027,0.304347826087,0.905555555556,0.090909090909,2024,0.4,30,0.0,0,1.0,0
2710,2024-07-30,0.148148148148,0.126506024096,0.181268882175,0.158878504673,0.021582733813,0.115646258503,0.095238095238,0.876404494382,0.027027027027,0.304347826087,0.788888888889,0.090909090909,2024,0.4,30,0.086956521739,0,0.99,0
2711,2024-07-30,0.098765432099,0.078313253012,0.135951661631,0.177570093458,0.035971223022,0.170068027211,0.166666666667,0.842696629213,0.027027027027,0.347826086957,0.013888888889,0.060606060606,2024,0.4,30,0.217391304348,0,0.96,0
2712,2024-07-30,0.123456790123,0.090361445783,0.154078549849,0.196261682243,0.071942446043,0.142857142857,0.142857142857,0.752808988764,0.027027027027,0.391304347826,0.744444444444,0.090909090909,2024,0.4,30,0.521739130435,0,0.99,0
2713,2024-07-30,0.074074074074,0.036144578313,0.084592145015,0.158878504673,0.187050359712,0.156462585034,0.178571428571,0.640449438202,0.0,0.478260869565,0.925,0.121212121212,2024,0.4,30,0.695652173913,0,0.96,0
2714,2024-07-30,0.098765432099,0.036144578313,0.105740181269,0.214953271028,0.258992805755,0.170068027211,0.178571428571,0.573033707865,0.027027027027,0.521739130435,0.797222222222,0.136363636364,2024,0.4,30,0.782608695652,0,0.97,0
2715,2024-07-30,0.074074074074,0.018072289157,0.090634441088,0.224299065421,0.410071942446,0.224489795918,0.285714285714,0.516853932584,0.027027027027,0.608695652174,0.027777777778,0.151515151515,2024,0.4,30,0.913043478261,0,0.95,0
2716,2024-07-30,0.049382716049,0.006024096386,0.051359516616,0.140186915888,0.58273381295,0.244897959184,0.309523809524,0.494382022472,0.027027027027,0.608695652174,0.066666666667,0.181818181818,2024,0.4,30,1.0,0,0.96,0
2717,2024-07-30,0.024691358025,0.009036144578,0.039274924471,0.093457943925,0.474820143885,0.272108843537,0.333333333333,0.460674157303,0.0,0.652173913043,0.088888888889,0.227272727273,2024,0.4,30,0.95652173913,0,0.94,0
2718,2024-07-30,0.024691358025,0.012048192771,0.060422960725,0.14953271028,0.352517985612,0.142857142857,0.107142857143,0.61797752809,0.0,0.478260869565,0.322222222222,0.257575757576,2024,0.4,30,0.869565217391,0,0.91,0
2719,2024-07-30,0.197530864198,0.05421686747,0.166163141994,0.345794392523,0.129496402878,0.170068027211,0.166666666667,0.932584269663,0.027027027027,0.260869565217,0.897222222222,0.212121212121,2024,0.4,30,0.826086956522,0,0.89,0
2720,2024-07-30,0.246913580247,0.066265060241,0.196374622356,0.411214953271,0.057553956835,0.176870748299,0.22619047619,0.887640449438,0.027027027027,0.304347826087,0.777777777778,0.151515151515,2024,0.4,30,0.739130434783,0,0.92,0
2721,2024-07-30,0.246913580247,0.081325301205,0.202416918429,0.373831775701,0.043165467626,,,0.887640449438,0.027027027027,0.347826086957,0.777777777778,0.151515151515,2024,0.4,30,0.652173913043,0,0.97,0
2722,2024-07-30,0.296296296296,0.096385542169,0.21752265861,0.373831775701,0.014388489209,0.149659863946,0.166666666667,0.876404494382,0.027027027027,0.347826086957,0.661111111111,0.121212121212,2024,0.4,30,0.608695652174,0,0.97,0
2723,2024-07-30,0.246913580247,0.081325301205,0.190332326284,0.336448598131,0.014388489209,0.176870748299,0.190476190476,0.842696629213,0.027027027027,0.347826086957,0.897222222222,0.090909090909,2024,0.4,30,0.565217391304,0,1.0,0
2724,2024-07-30,0.320987654321,0.153614457831,0.26586102719,0.336448598131,0.007194244604,0.204081632653,0.25,0.876404494382,0.027027027027,0.347826086957,0.941666666667,0.075757575758,2024,0.4,30,0.478260869565,0,1.0,0
2725,2024-07-30,0.395061728395,0.262048192771,0.377643504532,0.355140186916,0.007194244604,0.21768707483,0.27380952381,0.898876404494,0.054054054054,0.347826086957,0.916666666667,0.075757575758,2024,0.4,30,0.434782608696,0,1.0,0
2726,2024-07-31,0.098765432099,0.021084337349,0.108761329305,0.271028037383,0.035971223022,0.292517006803,0.297619047619,0.808988764045,0.027027027027,0.347826086957,0.825,0.166666666667,2024,0.4,31,0.391304347826,0,1.0,0
2727,2024-07-31,0.123456790123,0.05421686747,0.126888217523,0.224299065421,0.0,0.224489795918,0.25,0.910112359551,0.0,0.347826086957,0.822222222222,0.136363636364,2024,0.4,31,0.347826086957,0,1.0,0
2728,2024-07-31,0.074074074074,0.030120481928,0.093655589124,0.196261682243,0.007194244604,0.21768707483,0.214285714286,0.910112359551,0.027027027027,0.304347826087,0.855555555556,0.121212121212,2024,0.4,31,0.304347826087,0,1.0,0
2729,2024-07-31,0.049382716049,0.024096385542,0.081570996979,0.177570093458,0.007194244604,0.210884353741,0.202380952381,0.898876404494,0.027027027027,0.304347826087,0.847222222222,0.121212121212,2024,0.4,31,0.260869565217,0,1.0,0
2730,2024-07-31,0.024691358025,0.024096385542,0.078549848943,0.168224299065,0.007194244604,0.210884353741,0.214285714286,0.898876404494,0.027027027027,0.260869565217,0.858333333333,0.121212121212,2024,0.4,31,0.173913043478,0,1.0,0
2731,2024-07-31,0.049382716049,0.051204819277,0.105740181269,0.168224299065,0.007194244604,0.238095238095,0.261904761905,0.898876404494,0.027027027027,0.260869565217,0.880555555556,0.106060606061,2024,0.4,31,0.130434782609,0,1.0,0
2732,2024-08-09,0.222222222222,0.144578313253,0.250755287009,0.327102803738,0.064748201439,0.340136054422,0.321428571429,0.707865168539,0.162162162162,0.391304347826,0.794444444444,0.121212121212,2024,0.5,9,0.521739130435,0,0.99,0
2733,2024-08-09,0.172839506173,0.060240963855,0.157099697885,0.299065420561,0.172661870504,0.394557823129,0.392857142857,0.640449438202,0.162162162162,0.434782608696,0.677777777778,0.090909090909,2024,0.5,9,0.695652173913,0,0.98,0
2734,2024-08-09,0.172839506173,0.036144578313,0.14501510574,0.336448598131,0.287769784173,0.442176870748,0.488095238095,0.550561797753,0.081081081081,0.521739130435,0.888888888889,0.121212121212,2024,0.5,9,0.782608695652,0,0.95,0
2735,2024-08-09,0.049382716049,0.006024096386,0.042296072508,0.11214953271,0.611510791367,0.387755102041,0.464285714286,0.393258426966,0.027027027027,0.608695652174,0.177777777778,0.151515151515,2024,0.5,9,1.0,0,0.92,0
2736,2024-08-09,0.074074074074,0.006024096386,0.051359516616,0.140186915888,0.625899280576,0.238095238095,0.285714285714,0.393258426966,0.027027027027,0.652173913043,0.086111111111,0.181818181818,2024,0.5,9,0.95652173913,0,0.95,0
2737,2024-08-09,0.049382716049,0.006024096386,0.036253776435,0.093457943925,0.539568345324,0.292517006803,0.357142857143,0.370786516854,0.027027027027,0.695652173913,0.005555555556,0.136363636364,2024,0.5,9,0.869565217391,0,0.94,0
2738,2024-08-09,0.049382716049,0.009036144578,0.039274924471,0.102803738318,0.330935251799,0.176870748299,0.166666666667,0.494382022472,0.027027027027,0.608695652174,0.058333333333,0.378787878788,2024,0.5,9,0.826086956522,0,0.94,0
2739,2024-08-09,0.123456790123,0.036144578313,0.090634441088,0.168224299065,0.136690647482,0.30612244898,0.178571428571,0.707865168539,0.027027027027,0.434782608696,0.994444444444,0.287878787879,2024,0.5,9,0.739130434783,0,0.96,0
2740,2024-08-09,0.123456790123,0.042168674699,0.108761329305,0.205607476636,0.107913669065,0.190476190476,0.214285714286,0.651685393258,0.027027027027,0.478260869565,0.061111111111,0.30303030303,2024,0.5,9,0.652173913043,0,0.83,0
2741,2024-08-09,0.098765432099,0.042168674699,0.108761329305,0.205607476636,0.079136690647,0.163265306122,0.154761904762,0.876404494382,0.027027027027,0.304347826087,0.147222222222,0.136363636364,2024,0.5,9,0.608695652174,0,0.93,0
2742,2024-08-09,0.123456790123,0.027108433735,0.09667673716,0.205607476636,0.05035971223,0.115646258503,0.142857142857,0.910112359551,0.027027027027,0.304347826087,0.238888888889,0.106060606061,2024,0.5,9,0.565217391304,0,0.97,0
2743,2024-08-09,0.172839506173,0.03313253012,0.111782477341,0.242990654206,0.043165467626,0.115646258503,0.154761904762,0.876404494382,0.027027027027,0.304347826087,0.730555555556,0.121212121212,2024,0.5,9,0.478260869565,0,0.99,0
2744,2024-08-09,0.148148148148,0.039156626506,0.129909365559,0.280373831776,0.007194244604,0.136054421769,0.202380952381,0.85393258427,0.0,0.304347826087,0.838888888889,0.166666666667,2024,0.5,9,0.434782608696,0,1.0,0
2745,2024-08-10,0.148148148148,0.036144578313,0.132930513595,0.299065420561,0.007194244604,0.197278911565,0.178571428571,0.786516853933,0.027027027027,0.347826086957,0.85,0.151515151515,2024,0.5,10,0.391304347826,0,1.0,0
2746,2024-08-10,0.098765432099,0.036144578313,0.114803625378,0.242990654206,0.007194244604,0.170068027211,0.178571428571,0.786516853933,0.027027027027,0.304347826087,0.866666666667,0.181818181818,2024,0.5,10,0.347826086957,0,1.0,0
2747,2024-08-10,0.074074074074,0.039156626506,0.108761329305,0.214953271028,0.007194244604,0.176870748299,0.154761904762,0.797752808989,0.027027027027,0.260869565217,0.85,0.19696969697,2024,0.5,10,0.304347826087,0,1.0,0
2748,2024-08-10,0.024691358025,0.021084337349,0.075528700906,0.168224299065,0.014388489209,0.21768707483,0.214285714286,0.786516853933,0.027027027027,0.217391304348,0.847222222222,0.212121212121,2024,0.5,10,0.260869565217,0,1.0,0
2749,2024-08-10,0.024691358025,0.018072289157,0.066465256798,0.14953271028,0.014388489209,0.210884353741,0.25,0.786516853933,0.027027027027,0.217391304348,0.838888888889,0.212121212121,2024,0.5,10,0.173913043478,0,1.0,0
2750,2024-08-10,0.074074074074,0.027108433735,0.07250755287,0.14953271028,0.014388489209,0.156462585034,0.166666666667,0.797752808989,0.027027027027,0.217391304348,0.875,0.136363636364,2024,0.5,10,0.130434782609,0,1.0,0
2751,2024-08-10,0.098765432099,0.05421686747,0.105740181269,0.158878504673,0.014388489209,0.149659863946,0.119047619048,0.775280898876,0.027027027027,0.217391304348,0.847222222222,0.151515151515,2024,0.5,10,0.04347826087,0,1.0,0
2752,2024-08-10,0.123456790123,0.135542168675,0.190332326284,0.168224299065,0.007194244604,0.176870748299,0.178571428571,0.797752808989,0.054054054054,0.217391304348,0.883333333333,0.166666666667,2024,0.5,10,0.0,0,1.0,0
2753,2024-08-10,0.148148148148,0.135542168675,0.187311178248,0.158878504673,0.014388489209,0.21768707483,0.22619047619,0.786516853933,0.054054054054,0.217391304348,0.880555555556,0.19696969697,2024,0.5,10,0.086956521739,0,1.0,0
2754,2024-08-10,0.123456790123,0.105421686747,0.151057401813,0.140186915888,0.035971223022,0.210884353741,0.190476190476,0.741573033708,0.054054054054,0.260869565217,0.863888888889,0.166666666667,2024,0.5,10,0.217391304348,0,0.98,0
2755,2024-08-10,0.074074074074,0.05421686747,0.090634441088,0.11214953271,0.10071942446,0.244897959184,0.261904761905,0.662921348315,0.027027027027,0.304347826087,0.919444444444,0.136363636364,2024,0.5,10,0.521739130435,0,1.0,0
2756,2024-08-10,0.074074074074,0.039156626506,0.081570996979,0.130841121495,0.165467625899,0.21768707483,0.22619047619,0.584269662921,0.027027027027,0.391304347826,0.975,0.121212121212,2024,0.5,10,0.695652173913,0,0.98,0
2757,2024-08-10,0.098765432099,0.036144578313,0.09667673716,0.18691588785,0.223021582734,0.142857142857,0.154761904762,0.550561797753,0.027027027027,0.434782608696,0.933333333333,0.166666666667,2024,0.5,10,0.782608695652,0,0.98,0
2758,2024-08-10,0.049382716049,0.015060240964,0.051359516616,0.11214953271,0.352517985612,0.278911564626,0.285714285714,0.52808988764,0.027027027027,0.521739130435,0.011111111111,0.121212121212,2024,0.5,10,0.913043478261,0,0.98,0
2759,2024-08-10,0.049382716049,0.012048192771,0.054380664653,0.121495327103,0.381294964029,0.21768707483,0.27380952381,0.516853932584,0.027027027027,0.521739130435,0.136111111111,0.121212121212,2024,0.5,10,1.0,0,0.96,0
2760,2024-08-10,0.098765432099,0.009036144578,0.057401812689,0.14953271028,0.345323741007,0.190476190476,0.202380952381,0.539325842697,0.0,0.521739130435,0.488888888889,0.121212121212,2024,0.5,10,0.95652173913,0,0.98,0
2761,2024-08-10,0.148148148148,0.018072289157,0.099697885196,0.252336448598,0.41726618705,0.197278911565,0.202380952381,0.516853932584,0.027027027027,0.565217391304,0.541666666667,0.181818181818,2024,0.5,10,0.869565217391,0,0.99,0
2762,2024-08-10,0.123456790123,0.009036144578,0.07250755287,0.196261682243,0.503597122302,0.258503401361,0.297619047619,0.47191011236,0.027027027027,0.565217391304,0.497222222222,0.136363636364,2024,0.5,10,0.826086956522,0,1.0,0
2763,2024-08-10,0.074074074074,0.003012048193,0.054380664653,0.158878504673,0.453237410072,0.258503401361,0.25,0.483146067416,0.054054054054,0.565217391304,0.369444444444,0.121212121212,2024,0.5,10,0.739130434783,0,1.0,0
2764,2024-08-10,0.172839506173,0.006024096386,0.111782477341,0.327102803738,0.280575539568,0.204081632653,0.25,0.640449438202,0.027027027027,0.521739130435,0.05,0.166666666667,2024,0.5,10,0.652173913043,0,0.99,0
2765,2024-08-10,0.197530864198,0.03313253012,0.172205438066,0.429906542056,0.043165467626,0.333333333333,0.392857142857,0.707865168539,0.027027027027,0.434782608696,0.875,0.181818181818,2024,0.5,10,0.608695652174,0,0.99,0
2766,2024-08-10,0.148148148148,0.030120481928,0.14501510574,0.355140186916,0.057553956835,0.251700680272,0.261904761905,0.707865168539,0.027027027027,0.391304347826,0.883333333333,0.166666666667,2024,0.5,10,0.565217391304,0,0.97,0
2767,2024-08-10,0.148148148148,0.024096385542,0.135951661631,0.345794392523,0.043165467626,0.224489795918,0.22619047619,0.707865168539,0.054054054054,0.391304347826,0.833333333333,0.136363636364,2024,0.5,10,0.478260869565,0,1.0,0
2768,2024-08-10,0.148148148148,0.03313253012,0.14501510574,0.336448598131,0.007194244604,0.156462585034,0.154761904762,0.752808988764,0.054054054054,0.391304347826,0.833333333333,0.151515151515,2024,0.5,10,0.434782608696,0,1.0,0
2769,2024-08-11,0.098765432099,0.021084337349,0.087613293051,0.205607476636,0.028776978417,,,0.85393258427,0.027027027027,0.260869565217,0.013888888889,0.075757575758,2024,0.5,11,0.391304347826,0,1.0,0
2770,2024-08-11,0.098765432099,0.024096385542,0.093655589124,0.205607476636,0.021582733813,0.21768707483,0.214285714286,0.797752808989,0.027027027027,0.347826086957,0.825,0.166666666667,2024,0.5,11,0.347826086957,0,1.0,0
2771,2024-08-11,0.074074074074,0.015060240964,0.066465256798,0.168224299065,0.043165467626,0.170068027211,0.130952380952,0.808988764045,0.027027027027,0.304347826087,0.841666666667,0.212121212121,2024,0.5,11,0.304347826087,0,1.0,0
2772,2024-08-11,0.074074074074,0.021084337349,0.081570996979,0.18691588785,0.014388489209,0.197278911565,0.202380952381,0.842696629213,0.027027027027,0.304347826087,0.886111111111,0.181818181818,2024,0.5,11,0.260869565217,0,1.0,0
2773,2024-08-11,0.074074074074,0.018072289157,0.069486404834,0.158878504673,0.014388489209,0.170068027211,0.178571428571,0.865168539326,0.108108108108,0.304347826087,0.830555555556,0.181818181818,2024,0.5,11,0.173913043478,0,1.0,0
2774,2024-08-11,0.049382716049,0.012048192771,0.051359516616,0.121495327103,0.043165467626,0.231292517007,0.309523809524,0.85393258427,0.135135135135,0.304347826087,0.863888888889,0.212121212121,2024,0.5,11,0.130434782609,0,1.0,0
2775,2024-08-11,0.098765432099,0.015060240964,0.04833836858,0.102803738318,0.05035971223,0.238095238095,0.333333333333,0.865168539326,0.054054054054,0.304347826087,0.872222222222,0.19696969697,2024,0.5,11,0.04347826087,0,1.0,0
2776,2024-08-11,0.074074074074,0.027108433735,0.066465256798,0.121495327103,0.035971223022,0.136054421769,0.142857142857,0.842696629213,0.027027027027,0.304347826087,0.844444444444,0.151515151515,2024,0.5,11,0.0,0,1.0,0
2777,2024-08-11,0.098765432099,0.045180722892,0.081570996979,0.121495327103,0.043165467626,0.190476190476,0.202380952381,0.831460674157,0.027027027027,0.304347826087,0.877777777778,0.136363636364,2024,0.5,11,0.086956521739,0,1.0,0
2778,2024-08-11,0.123456790123,0.060240963855,0.099697885196,0.121495327103,0.057553956835,0.183673469388,0.214285714286,0.808988764045,0.054054054054,0.347826086957,0.830555555556,0.106060606061,2024,0.5,11,0.217391304348,0,1.0,0
2779,2024-08-11,0.098765432099,0.042168674699,0.07250755287,0.093457943925,0.093525179856,0.156462585034,0.178571428571,0.76404494382,0.054054054054,0.347826086957,0.816666666667,0.090909090909,2024,0.5,11,0.521739130435,0,1.0,0
2780,2024-08-11,0.074074074074,0.03313253012,0.07250755287,0.11214953271,0.143884892086,0.156462585034,0.202380952381,0.707865168539,0.054054054054,0.391304347826,0.005555555556,0.090909090909,2024,0.5,11,0.695652173913,0,1.0,0
2781,2024-08-11,0.049382716049,0.018072289157,0.051359516616,0.102803738318,0.273381294964,0.210884353741,0.27380952381,0.595505617978,0.027027027027,0.478260869565,0.138888888889,0.106060606061,2024,0.5,11,0.782608695652,0,1.0,0
2782,2024-08-11,0.074074074074,0.012048192771,0.057401812689,0.140186915888,0.36690647482,0.183673469388,0.22619047619,0.52808988764,0.027027027027,0.565217391304,0.044444444444,0.090909090909,2024,0.5,11,0.913043478261,0,1.0,0
2783,2024-08-11,0.074074074074,0.006024096386,0.045317220544,0.121495327103,0.517985611511,0.224489795918,0.27380952381,0.483146067416,0.027027027027,0.608695652174,0.105555555556,0.151515151515,2024,0.5,11,1.0,0,1.0,0
2784,2024-08-11,0.098765432099,0.012048192771,0.075528700906,0.196261682243,0.503597122302,0.170068027211,0.202380952381,0.561797752809,0.027027027027,0.565217391304,0.227777777778,0.151515151515,2024,0.5,11,0.95652173913,0,1.0,0
2785,2024-08-11,0.098765432099,0.012048192771,0.07250755287,0.177570093458,0.280575539568,0.251700680272,0.309523809524,0.674157303371,0.027027027027,0.478260869565,0.158333333333,0.19696969697,2024,0.5,11,0.869565217391,0,0.98,0
2786,2024-08-11,0.074074074074,0.012048192771,0.057401812689,0.140186915888,0.223021582734,0.210884353741,0.238095238095,0.662921348315,0.027027027027,0.434782608696,0.072222222222,0.19696969697,2024,0.5,11,0.826086956522,0,1.0,0
2787,2024-08-11,0.148148148148,0.015060240964,0.078549848943,0.196261682243,0.187050359712,0.122448979592,0.142857142857,0.808988764045,0.027027027027,0.391304347826,0.588888888889,0.227272727273,2024,0.5,11,0.739130434783,0,0.98,0
2788,2024-08-11,0.123456790123,0.012048192771,0.063444108761,0.158878504673,0.151079136691,0.12925170068,0.190476190476,0.943820224719,0.027027027027,0.260869565217,0.6,0.166666666667,2024,0.5,11,0.652173913043,0,0.99,0
2789,2024-08-11,0.222222222222,0.039156626506,0.135951661631,0.299065420561,0.05035971223,0.108843537415,0.130952380952,0.943820224719,0.027027027027,0.304347826087,0.636111111111,0.121212121212,2024,0.5,11,0.608695652174,0,1.0,0
2790,2024-08-11,0.246913580247,0.060240963855,0.14501510574,0.261682242991,0.021582733813,,,0.932584269663,0.027027027027,0.304347826087,0.669444444444,0.090909090909,2024,0.5,11,0.565217391304,0,1.0,0
2791,2024-08-11,0.148148148148,0.042168674699,0.111782477341,0.214953271028,0.028776978417,,,0.887640449438,0.027027027027,0.260869565217,0.994444444444,0.121212121212,2024,0.5,11,0.478260869565,0,1.0,0
2792,2024-08-11,0.074074074074,0.012048192771,0.057401812689,0.14953271028,0.071942446043,,,0.865168539326,0.027027027027,0.260869565217,0.030555555556,0.136363636364,2024,0.5,11,0.434782608696,0,0.99,0
2793,2024-08-12,0.098765432099,0.024096385542,0.09667673716,0.224299065421,0.021582733813,0.231292517007,0.178571428571,0.797752808989,0.027027027027,0.347826086957,0.830555555556,0.151515151515,2024,0.5,12,0.391304347826,0,1.0,0
2794,2024-08-12,0.049382716049,0.009036144578,0.060422960725,0.158878504673,0.057553956835,,,0.820224719101,0.027027027027,0.304347826087,0.055555555556,0.136363636364,2024,0.5,12,0.347826086957,0,1.0,0
2795,2024-08-12,0.024691358025,0.0,0.015105740181,0.046728971963,0.165467625899,,,0.842696629213,0.027027027027,0.260869565217,0.05,0.166666666667,2024,0.5,12,0.304347826087,0,1.0,0
2796,2024-08-12,0.0,0.0,0.0,0.0,0.208633093525,,,0.85393258427,0.027027027027,0.260869565217,0.033333333333,0.166666666667,2024,0.5,12,0.260869565217,0,1.0,0
2797,2024-08-12,0.0,0.0,0.0,0.0,0.223021582734,0.054421768707,0.047619047619,0.865168539326,0.027027027027,0.217391304348,0.066666666667,0.136363636364,2024,0.5,12,0.173913043478,0,1.0,0
2798,2024-08-12,0.024691358025,0.030120481928,0.066465256798,0.102803738318,0.136690647482,0.040816326531,0.035714285714,0.85393258427,0.027027027027,0.260869565217,0.166666666667,0.106060606061,2024,0.5,12,0.130434782609,0,1.0,0
2799,2024-08-12,0.049382716049,0.012048192771,0.081570996979,0.214953271028,0.057553956835,0.034013605442,0.035714285714,0.865168539326,0.0,0.260869565217,0.016666666667,0.015151515152,2024,0.5,12,0.04347826087,0,1.0,0
2800,2024-08-12,0.098765432099,0.030120481928,0.102719033233,0.233644859813,0.043165467626,0.047619047619,0.047619047619,0.865168539326,0.027027027027,0.260869565217,0.436111111111,0.060606060606,2024,0.5,12,0.0,0,1.0,0
2801,2024-08-12,0.148148148148,0.060240963855,0.14501510574,0.261682242991,0.028776978417,0.081632653061,0.095238095238,0.865168539326,0.027027027027,0.260869565217,0.469444444444,0.075757575758,2024,0.5,12,0.086956521739,0,0.97,0
2802,2024-08-12,0.172839506173,0.069277108434,0.160120845921,0.280373831776,0.014388489209,0.081632653061,0.071428571429,0.85393258427,0.027027027027,0.304347826087,0.438888888889,0.045454545455,2024,0.5,12,0.217391304348,0,0.98,0
2803,2024-08-12,0.222222222222,0.093373493976,0.184290030211,0.271028037383,0.028776978417,0.108843537415,0.095238095238,0.831460674157,0.027027027027,0.304347826087,0.463888888889,0.090909090909,2024,0.5,12,0.521739130435,0,0.98,0
2804,2024-08-12,0.197530864198,0.096385542169,0.187311178248,0.271028037383,0.043165467626,0.149659863946,0.154761904762,0.786516853933,0.027027027027,0.347826086957,0.480555555556,0.075757575758,2024,0.5,12,0.695652173913,0,0.99,0
2805,2024-08-12,0.172839506173,0.075301204819,0.154078549849,0.242990654206,0.122302158273,0.183673469388,0.166666666667,0.707865168539,0.027027027027,0.391304347826,0.641666666667,0.090909090909,2024,0.5,12,0.782608695652,0,0.99,0
2806,2024-08-12,0.148148148148,0.048192771084,0.135951661631,0.271028037383,0.194244604317,0.210884353741,0.238095238095,0.651685393258,0.027027027027,0.434782608696,0.483333333333,0.106060606061,2024,0.5,12,0.913043478261,0,0.97,0
2807,2024-08-12,0.123456790123,0.021084337349,0.084592145015,0.196261682243,0.223021582734,0.183673469388,0.25,0.662921348315,0.027027027027,0.434782608696,0.461111111111,0.151515151515,2024,0.5,12,1.0,0,0.98,0
2808,2024-08-12,0.098765432099,0.021084337349,0.060422960725,0.121495327103,0.258992805755,0.183673469388,0.214285714286,0.561797752809,0.027027027027,0.521739130435,0.386111111111,0.166666666667,2024,0.5,12,0.95652173913,0,0.95,0
2809,2024-08-12,0.049382716049,0.012048192771,0.030211480363,0.056074766355,0.208633093525,0.156462585034,0.178571428571,0.494382022472,0.027027027027,0.521739130435,0.425,0.181818181818,2024,0.5,12,0.869565217391,0,0.97,0
2810,2024-08-12,0.049382716049,0.015060240964,0.036253776435,0.065420560748,0.187050359712,0.068027210884,0.071428571429,0.47191011236,0.027027027027,0.521739130435,0.430555555556,0.19696969697,2024,0.5,12,0.826086956522,0,0.98,0
2811,2024-08-12,0.074074074074,0.027108433735,0.051359516616,0.07476635514,0.136690647482,0.074829931973,0.059523809524,0.426966292135,0.027027027027,0.565217391304,0.486111111111,0.181818181818,2024,0.5,12,0.739130434783,0,0.94,0
2812,2024-08-12,0.148148148148,0.048192771084,0.099697885196,0.158878504673,0.057553956835,0.074829931973,0.035714285714,0.460674157303,0.027027027027,0.521739130435,0.505555555556,0.166666666667,2024,0.5,12,0.652173913043,0,0.94,0
2813,2024-08-12,0.123456790123,0.03313253012,0.09667673716,0.18691588785,0.043165467626,0.08843537415,0.083333333333,0.505617977528,0.027027027027,0.478260869565,0.466666666667,0.151515151515,2024,0.5,12,0.608695652174,0,0.96,0
2814,2024-08-12,0.197530864198,0.063253012048,0.14501510574,0.252336448598,0.014388489209,0.095238095238,0.071428571429,0.539325842697,0.027027027027,0.434782608696,0.491666666667,0.106060606061,2024,0.5,12,0.565217391304,0,1.0,0
2815,2024-08-12,0.172839506173,0.066265060241,0.151057401813,0.252336448598,0.014388489209,0.122448979592,0.107142857143,0.685393258427,0.027027027027,0.391304347826,0.755555555556,0.090909090909,2024,0.5,12,0.478260869565,0,0.99,0
2816,2024-08-12,0.148148148148,0.066265060241,0.148036253776,0.252336448598,0.007194244604,0.142857142857,0.130952380952,0.786516853933,0.027027027027,0.347826086957,0.863888888889,0.121212121212,2024,0.5,12,0.434782608696,0,0.95,0
2817,2024-08-13,,,,,,0.108843537415,0.119047619048,0.955056179775,,0.260869565217,0.777777777778,0.121212121212,2024,0.5,13,0.391304347826,0,1.0,0
2818,2024-08-13,0.074074074074,0.027108433735,0.105740181269,0.242990654206,0.014388489209,0.183673469388,0.178571428571,0.808988764045,0.027027027027,0.304347826087,0.827777777778,0.151515151515,2024,0.5,13,0.347826086957,0,1.0,0
2819,2024-08-13,0.049382716049,0.021084337349,0.090634441088,0.205607476636,0.035971223022,0.163265306122,0.142857142857,0.808988764045,0.054054054054,0.304347826087,0.841666666667,0.166666666667,2024,0.5,13,0.304347826087,0,1.0,0
2820,2024-08-13,0.049382716049,0.006024096386,0.039274924471,0.102803738318,0.057553956835,0.197278911565,0.214285714286,0.831460674157,0.054054054054,0.304347826087,0.866666666667,0.19696969697,2024,0.5,13,0.260869565217,0,1.0,0
2821,2024-08-13,0.049382716049,0.009036144578,0.07250755287,0.196261682243,0.028776978417,0.142857142857,0.154761904762,0.842696629213,0.027027027027,0.304347826087,0.875,0.151515151515,2024,0.5,13,0.173913043478,0,1.0,0
2822,2024-08-13,0.074074074074,0.021084337349,0.081570996979,0.18691588785,0.014388489209,0.136054421769,0.142857142857,0.865168539326,0.027027027027,0.260869565217,0.861111111111,0.121212121212,2024,0.5,13,0.130434782609,0,1.0,0
2823,2024-08-13,0.098765432099,0.048192771084,0.102719033233,0.168224299065,0.014388489209,0.170068027211,0.190476190476,0.865168539326,0.027027027027,0.260869565217,0.836111111111,0.106060606061,2024,0.5,13,0.04347826087,0,1.0,0
2824,2024-08-13,0.148148148148,0.10843373494,0.175226586103,0.196261682243,0.007194244604,0.197278911565,0.22619047619,0.85393258427,0.027027027027,0.260869565217,0.741666666667,0.121212121212,2024,0.5,13,0.0,0,1.0,0
2825,2024-08-13,0.172839506173,0.135542168675,0.205438066465,0.214953271028,0.021582733813,0.176870748299,0.178571428571,0.831460674157,0.081081081081,0.304347826087,0.802777777778,0.151515151515,2024,0.5,13,0.086956521739,0,0.97,0
2826,2024-08-13,0.172839506173,0.117469879518,0.187311178248,0.214953271028,0.05035971223,0.251700680272,0.25,0.76404494382,0.108108108108,0.347826086957,0.827777777778,0.106060606061,2024,0.5,13,0.217391304348,0,0.99,0
2827,2024-08-13,0.148148148148,0.075301204819,0.148036253776,0.224299065421,0.093525179856,0.231292517007,0.238095238095,0.696629213483,0.081081081081,0.391304347826,0.688888888889,0.090909090909,2024,0.5,13,0.521739130435,0,0.91,0
2828,2024-08-13,0.148148148148,0.075301204819,0.163141993958,0.271028037383,0.151079136691,0.231292517007,0.261904761905,0.629213483146,0.054054054054,0.434782608696,0.036111111111,0.121212121212,2024,0.5,13,0.695652173913,0,0.97,0
2829,2024-08-13,0.098765432099,0.024096385542,0.084592145015,0.18691588785,0.330935251799,0.272108843537,0.297619047619,0.52808988764,0.027027027027,0.521739130435,0.094444444444,0.136363636364,2024,0.5,13,0.782608695652,0,0.98,0
2830,2024-08-13,0.098765432099,0.012048192771,0.066465256798,0.168224299065,0.467625899281,0.176870748299,0.214285714286,0.483146067416,0.027027027027,0.565217391304,0.063888888889,0.151515151515,2024,0.5,13,0.913043478261,0,0.95,0
2831,2024-08-13,0.074074074074,0.009036144578,0.045317220544,0.121495327103,0.489208633094,0.251700680272,0.333333333333,0.449438202247,0.027027027027,0.608695652174,0.022222222222,0.181818181818,2024,0.5,13,1.0,0,0.95,0
2832,2024-08-13,0.074074074074,0.009036144578,0.054380664653,0.140186915888,0.438848920863,0.204081632653,0.202380952381,0.449438202247,0.027027027027,0.608695652174,0.994444444444,0.151515151515,2024,0.5,13,0.95652173913,0,0.92,0
2833,2024-08-13,0.074074074074,0.012048192771,0.051359516616,0.130841121495,0.41726618705,0.170068027211,0.22619047619,0.415730337079,0.027027027027,0.652173913043,0.977777777778,0.136363636364,2024,0.5,13,0.869565217391,0,0.93,0
2834,2024-08-13,0.049382716049,0.012048192771,0.063444108761,0.158878504673,0.251798561151,0.115646258503,0.071428571429,0.483146067416,0.027027027027,0.608695652174,0.030555555556,0.227272727273,2024,0.5,13,0.826086956522,0,0.97,0
2835,2024-08-13,0.098765432099,0.036144578313,0.09667673716,0.18691588785,0.129496402878,0.163265306122,0.071428571429,0.573033707865,0.027027027027,0.521739130435,0.994444444444,0.272727272727,2024,0.5,13,0.739130434783,0,0.91,0
2836,2024-08-13,0.123456790123,0.03313253012,0.09667673716,0.196261682243,0.107913669065,0.210884353741,0.119047619048,0.595505617978,0.027027027027,0.478260869565,0.944444444444,0.287878787879,2024,0.5,13,0.652173913043,0,0.98,0
2837,2024-08-13,0.098765432099,0.021084337349,0.07250755287,0.158878504673,0.10071942446,0.163265306122,0.119047619048,0.707865168539,0.027027027027,0.434782608696,0.994444444444,0.272727272727,2024,0.5,13,0.608695652174,0,0.99,0
2838,2024-08-13,0.098765432099,0.021084337349,0.07250755287,0.14953271028,0.107913669065,0.149659863946,0.142857142857,0.741573033708,0.027027027027,0.391304347826,1.0,0.227272727273,2024,0.5,13,0.565217391304,0,0.97,0
2839,2024-08-13,0.098765432099,0.012048192771,0.060422960725,0.14953271028,0.093525179856,0.156462585034,0.178571428571,0.797752808989,0.027027027027,0.347826086957,0.969444444444,0.106060606061,2024,0.5,13,0.478260869565,0,0.99,0
2840,2024-08-13,0.123456790123,0.024096385542,0.090634441088,0.205607476636,0.057553956835,0.136054421769,0.142857142857,0.921348314607,0.027027027027,0.304347826087,0.725,0.121212121212,2024,0.5,13,0.434782608696,0,0.99,0
2841,2024-08-14,0.123456790123,0.030120481928,0.114803625378,0.261682242991,0.021582733813,0.115646258503,0.190476190476,0.921348314607,0.027027027027,0.304347826087,0.694444444444,0.121212121212,2024,0.5,14,0.391304347826,0,1.0,0
2842,2024-08-14,,,,,,0.163265306122,0.214285714286,0.943820224719,,0.260869565217,0.786111111111,0.136363636364,2024,0.5,14,0.347826086957,0,1.0,0
2843,2024-08-14,,,,,,0.102040816327,0.107142857143,0.955056179775,,0.260869565217,0.852777777778,0.136363636364,2024,0.5,14,0.304347826087,0,1.0,0
2844,2024-08-14,,,,,,0.122448979592,0.119047619048,0.955056179775,,0.217391304348,0.841666666667,0.151515151515,2024,0.5,14,0.260869565217,0,1.0,0
2845,2024-08-14,0.024691358025,0.009036144578,0.054380664653,0.14953271028,0.05035971223,0.136054421769,0.178571428571,0.955056179775,0.027027027027,0.217391304348,0.794444444444,0.136363636364,2024,0.5,14,0.173913043478,0,1.0,0
2846,2024-08-14,0.024691358025,0.012048192771,0.057401812689,0.140186915888,0.043165467626,0.108843537415,0.142857142857,0.943820224719,0.027027027027,0.217391304348,0.802777777778,0.136363636364,2024,0.5,14,0.130434782609,0,1.0,0
2847,2024-08-14,0.074074074074,0.039156626506,0.099697885196,0.18691588785,0.021582733813,0.108843537415,0.119047619048,0.921348314607,0.027027027027,0.217391304348,0.866666666667,0.151515151515,2024,0.5,14,0.04347826087,0,1.0,0
2848,2024-08-14,0.123456790123,0.099397590361,0.166163141994,0.205607476636,0.014388489209,0.115646258503,0.119047619048,0.910112359551,0.027027027027,0.217391304348,0.822222222222,0.121212121212,2024,0.5,14,0.0,0,0.99,0
2849,2024-08-14,0.148148148148,0.111445783133,0.175226586103,0.205607476636,0.021582733813,0.142857142857,0.166666666667,0.876404494382,0.027027027027,0.260869565217,0.827777777778,0.060606060606,2024,0.5,14,0.086956521739,0,0.95,0
2850,2024-08-14,0.148148148148,0.099397590361,0.166163141994,0.214953271028,0.071942446043,0.163265306122,0.190476190476,0.786516853933,0.054054054054,0.304347826087,0.552777777778,0.090909090909,2024,0.5,14,0.217391304348,0,0.99,0
2851,2024-08-14,0.123456790123,0.063253012048,0.123867069486,0.18691588785,0.122302158273,0.176870748299,0.202380952381,0.696629213483,0.054054054054,0.347826086957,0.838888888889,0.121212121212,2024,0.5,14,0.521739130435,0,0.96,0
2852,2024-08-14,0.074074074074,0.03313253012,0.093655589124,0.18691588785,0.187050359712,0.170068027211,0.178571428571,0.674157303371,0.027027027027,0.391304347826,0.133333333333,0.106060606061,2024,0.5,14,0.695652173913,0,0.98,0
2853,2024-08-14,0.098765432099,0.042168674699,0.123867069486,0.252336448598,0.258992805755,0.224489795918,0.25,0.584269662921,0.027027027027,0.478260869565,0.119444444444,0.121212121212,2024,0.5,14,0.782608695652,0,0.94,0
2854,2024-08-14,0.148148148148,0.024096385542,0.114803625378,0.280373831776,0.41726618705,0.244897959184,0.309523809524,0.516853932584,0.027027027027,0.565217391304,0.9,0.121212121212,2024,0.5,14,0.913043478261,0,0.92,0
2855,2024-08-14,0.123456790123,0.009036144578,0.078549848943,0.214953271028,0.661870503597,0.333333333333,0.452380952381,0.460674157303,0.027027027027,0.608695652174,0.036111111111,0.151515151515,2024,0.5,14,1.0,0,0.83,0
2856,2024-08-14,0.098765432099,0.003012048193,0.060422960725,0.168224299065,0.805755395683,0.299319727891,0.380952380952,0.426966292135,0.027027027027,0.652173913043,0.125,0.151515151515,2024,0.5,14,0.95652173913,0,0.97,0
2857,2024-08-14,0.049382716049,0.003012048193,0.04833836858,0.130841121495,0.676258992806,0.30612244898,0.309523809524,0.404494382022,0.027027027027,0.652173913043,0.15,0.166666666667,2024,0.5,14,0.869565217391,0,0.96,0
2858,2024-08-14,0.049382716049,0.003012048193,0.045317220544,0.130841121495,0.525179856115,0.244897959184,0.202380952381,0.426966292135,0.027027027027,0.652173913043,0.355555555556,0.166666666667,2024,0.5,14,0.826086956522,0,0.94,0
2859,2024-08-14,0.098765432099,0.003012048193,0.063444108761,0.18691588785,0.41726618705,0.170068027211,0.202380952381,0.505617977528,0.108108108108,0.565217391304,0.430555555556,0.166666666667,2024,0.5,14,0.739130434783,0,0.92,0
2860,2024-08-14,0.098765432099,0.015060240964,0.09667673716,0.252336448598,0.244604316547,0.21768707483,0.321428571429,0.76404494382,0.135135135135,0.391304347826,0.130555555556,0.272727272727,2024,0.5,14,0.652173913043,0,0.89,0
2861,2024-08-14,0.197530864198,0.030120481928,0.129909365559,0.308411214953,0.10071942446,0.204081632653,0.27380952381,0.966292134831,0.027027027027,0.260869565217,0.011111111111,0.136363636364,2024,0.5,14,0.608695652174,0,0.88,0
2862,2024-08-14,0.246913580247,0.057228915663,0.172205438066,0.355140186916,0.043165467626,0.136054421769,0.178571428571,0.943820224719,0.027027027027,0.304347826087,0.7,0.106060606061,2024,0.5,14,0.565217391304,0,0.95,0
2863,2024-08-14,0.222222222222,0.042168674699,0.16918429003,0.392523364486,0.05035971223,0.108843537415,0.130952380952,0.932584269663,0.027027027027,0.304347826087,0.666666666667,0.106060606061,2024,0.5,14,0.478260869565,0,0.96,0
2864,2024-08-14,0.172839506173,0.036144578313,0.141993957704,0.317757009346,0.05035971223,0.136054421769,0.202380952381,0.932584269663,0.027027027027,0.304347826087,0.608333333333,0.151515151515,2024,0.5,14,0.434782608696,0,0.97,0
2865,2024-08-15,0.074074074074,0.012048192771,0.051359516616,0.121495327103,0.05035971223,0.149659863946,0.107142857143,0.775280898876,0.027027027027,0.347826086957,0.005555555556,0.151515151515,2024,0.5,15,0.391304347826,0,1.0,0
2866,2024-08-15,0.074074074074,0.027108433735,0.084592145015,0.177570093458,0.021582733813,0.08843537415,0.071428571429,0.921348314607,0.027027027027,0.304347826087,0.766666666667,0.090909090909,2024,0.5,15,0.347826086957,0,1.0,0
2867,2024-08-15,0.049382716049,0.024096385542,0.078549848943,0.158878504673,0.014388489209,0.136054421769,0.154761904762,0.910112359551,0.027027027027,0.304347826087,0.777777777778,0.121212121212,2024,0.5,15,0.304347826087,0,1.0,0
2868,2024-08-15,0.024691358025,0.009036144578,0.04833836858,0.121495327103,0.035971223022,0.115646258503,0.119047619048,0.887640449438,0.027027027027,0.304347826087,0.808333333333,0.151515151515,2024,0.5,15,0.260869565217,0,1.0,0
2869,2024-08-15,0.024691358025,0.015060240964,0.060422960725,0.140186915888,0.021582733813,0.08843537415,0.095238095238,0.898876404494,0.027027027027,0.260869565217,0.85,0.151515151515,2024,0.5,15,0.173913043478,0,1.0,0
2870,2024-08-15,0.049382716049,0.030120481928,0.084592145015,0.168224299065,0.007194244604,0.081632653061,0.071428571429,0.921348314607,0.054054054054,0.260869565217,0.841666666667,0.136363636364,2024,0.5,15,0.130434782609,0,1.0,0
2871,2024-08-15,0.074074074074,0.045180722892,0.102719033233,0.177570093458,0.007194244604,0.170068027211,0.202380952381,0.910112359551,0.054054054054,0.260869565217,0.813888888889,0.121212121212,2024,0.5,15,0.04347826087,0,1.0,0
2872,2024-08-15,0.123456790123,0.099397590361,0.157099697885,0.177570093458,0.007194244604,0.12925170068,0.154761904762,0.887640449438,0.054054054054,0.304347826087,0.844444444444,0.136363636364,2024,0.5,15,0.0,0,1.0,0
2873,2024-08-15,0.148148148148,0.102409638554,0.157099697885,0.168224299065,0.021582733813,0.142857142857,0.154761904762,0.865168539326,0.054054054054,0.304347826087,0.908333333333,0.090909090909,2024,0.5,15,0.086956521739,0,0.94,0
2874,2024-08-15,0.148148148148,0.078313253012,0.132930513595,0.168224299065,0.05035971223,0.163265306122,0.178571428571,0.831460674157,0.027027027027,0.347826086957,0.822222222222,0.060606060606,2024,0.5,15,0.217391304348,0,0.95,0
2875,2024-08-15,0.123456790123,0.060240963855,0.117824773414,0.177570093458,0.093525179856,0.149659863946,0.166666666667,0.76404494382,0.027027027027,0.391304347826,0.897222222222,0.090909090909,2024,0.5,15,0.521739130435,0,0.97,0
2876,2024-08-15,0.123456790123,0.048192771084,0.111782477341,0.196261682243,0.158273381295,0.176870748299,0.214285714286,0.674157303371,0.027027027027,0.434782608696,0.786111111111,0.090909090909,2024,0.5,15,0.695652173913,0,0.95,0
2877,2024-08-15,0.098765432099,0.030120481928,0.087613293051,0.177570093458,0.26618705036,0.204081632653,0.22619047619,0.595505617978,0.027027027027,0.521739130435,0.883333333333,0.106060606061,2024,0.5,15,0.782608695652,0,0.97,0
2878,2024-08-15,0.098765432099,0.015060240964,0.069486404834,0.168224299065,0.410071942446,0.163265306122,0.178571428571,0.516853932584,0.027027027027,0.565217391304,0.875,0.166666666667,2024,0.5,15,0.913043478261,0,0.95,0
2879,2024-08-15,0.074074074074,0.009036144578,0.060422960725,0.14953271028,0.517985611511,0.210884353741,0.25,0.47191011236,0.027027027027,0.608695652174,0.880555555556,0.136363636364,2024,0.5,15,1.0,0,0.96,0
2880,2024-08-15,0.074074074074,0.006024096386,0.04833836858,0.130841121495,0.539568345324,0.176870748299,0.202380952381,0.438202247191,0.027027027027,0.652173913043,0.938888888889,0.121212121212,2024,0.5,15,0.95652173913,0,0.94,0
2881,2024-08-15,0.074074074074,0.015060240964,0.075528700906,0.18691588785,0.431654676259,0.170068027211,0.178571428571,0.426966292135,0.027027027027,0.652173913043,0.883333333333,0.136363636364,2024,0.5,15,0.869565217391,0,0.91,0
2882,2024-08-15,0.148148148148,0.024096385542,0.090634441088,0.205607476636,0.187050359712,,,0.719101123596,0.027027027027,0.478260869565,0.844444444444,0.257575757576,2024,0.5,15,0.826086956522,0,0.86,0
2883,2024-08-15,0.172839506173,0.05421686747,0.141993957704,0.271028037383,0.05035971223,0.108843537415,0.107142857143,0.85393258427,0.054054054054,0.391304347826,0.786111111111,0.181818181818,2024,0.5,15,0.739130434783,0,0.88,0
2884,2024-08-15,0.320987654321,0.123493975904,0.223564954683,0.308411214953,0.007194244604,0.122448979592,0.130952380952,0.85393258427,0.054054054054,0.391304347826,0.636111111111,0.121212121212,2024,0.5,15,0.652173913043,0,0.9,0
2885,2024-08-15,0.395061728395,0.150602409639,0.253776435045,0.317757009346,0.007194244604,0.163265306122,0.154761904762,0.831460674157,0.054054054054,0.391304347826,0.45,0.060606060606,2024,0.5,15,0.608695652174,0,0.99,0
2886,2024-08-15,0.197530864198,0.039156626506,0.132930513595,0.289719626168,0.05035971223,0.176870748299,0.190476190476,0.797752808989,0.027027027027,0.391304347826,0.397222222222,0.045454545455,2024,0.5,15,0.565217391304,0,1.0,0
2887,2024-08-15,0.197530864198,0.057228915663,0.141993957704,0.261682242991,0.028776978417,0.149659863946,0.154761904762,0.786516853933,0.027027027027,0.391304347826,0.405555555556,0.075757575758,2024,0.5,15,0.478260869565,0,1.0,0
2888,2024-08-15,0.197530864198,0.090361445783,0.151057401813,0.18691588785,0.021582733813,0.136054421769,0.130952380952,0.831460674157,0.027027027027,0.347826086957,0.080555555556,0.106060606061,2024,0.5,15,0.434782608696,0,1.0,0
2889,2024-08-16,0.074074074074,0.111445783133,0.196374622356,0.252336448598,0.007194244604,0.081632653061,0.119047619048,0.966292134831,0.027027027027,0.260869565217,0.233333333333,0.090909090909,2024,0.5,16,0.391304347826,0,1.0,0
2890,2024-08-16,0.074074074074,0.030120481928,0.084592145015,0.168224299065,0.021582733813,0.142857142857,0.119047619048,0.842696629213,0.027027027027,0.304347826087,0.788888888889,0.136363636364,2024,0.5,16,0.347826086957,0,1.0,0
2891,2024-08-16,0.049382716049,0.015060240964,0.07250755287,0.177570093458,0.021582733813,0.115646258503,0.107142857143,0.85393258427,0.027027027027,0.304347826087,0.797222222222,0.151515151515,2024,0.5,16,0.304347826087,0,1.0,0
2892,2024-08-16,0.049382716049,0.012048192771,0.063444108761,0.158878504673,0.021582733813,0.122448979592,0.119047619048,0.85393258427,0.027027027027,0.304347826087,0.808333333333,0.121212121212,2024,0.5,16,0.260869565217,0,1.0,0
2893,2024-08-16,0.024691358025,0.021084337349,0.081570996979,0.177570093458,0.014388489209,0.170068027211,0.166666666667,0.85393258427,0.054054054054,0.260869565217,0.783333333333,0.121212121212,2024,0.5,16,0.173913043478,0,1.0,0
2894,2024-08-16,0.049382716049,0.027108433735,0.087613293051,0.18691588785,0.014388489209,0.115646258503,0.095238095238,0.85393258427,0.054054054054,0.260869565217,0.811111111111,0.121212121212,2024,0.5,16,0.130434782609,0,1.0,0
2895,2024-08-16,0.098765432099,0.078313253012,0.138972809668,0.18691588785,0.007194244604,0.122448979592,0.107142857143,0.876404494382,0.054054054054,0.260869565217,0.897222222222,0.075757575758,2024,0.5,16,0.04347826087,0,1.0,0
2896,2024-08-16,0.148148148148,0.147590361446,0.214501510574,0.196261682243,0.007194244604,0.183673469388,0.166666666667,0.865168539326,0.054054054054,0.304347826087,0.819444444444,0.090909090909,2024,0.5,16,0.0,0,0.98,0
2897,2024-08-16,0.148148148148,0.165662650602,0.223564954683,0.18691588785,0.014388489209,0.197278911565,0.190476190476,0.865168539326,0.054054054054,0.304347826087,0.9,0.075757575758,2024,0.5,16,0.086956521739,0,0.97,0
2898,2024-08-16,0.123456790123,0.135542168675,0.202416918429,0.205607476636,0.028776978417,0.224489795918,0.214285714286,0.797752808989,0.081081081081,0.347826086957,0.125,0.090909090909,2024,0.5,16,0.217391304348,0,0.9,0
2899,2024-08-16,0.172839506173,0.120481927711,0.202416918429,0.252336448598,0.064748201439,0.176870748299,0.178571428571,0.707865168539,0.054054054054,0.434782608696,0.886111111111,0.090909090909,2024,0.5,16,0.521739130435,0,0.93,0
2900,2024-08-16,0.074074074074,0.039156626506,0.099697885196,0.18691588785,0.201438848921,0.149659863946,0.130952380952,0.61797752809,0.027027027027,0.478260869565,0.25,0.151515151515,2024,0.5,16,0.695652173913,0,0.94,0
2901,2024-08-16,0.024691358025,0.015060240964,0.033232628399,0.056074766355,0.251798561151,0.163265306122,0.190476190476,0.516853932584,0.027027027027,0.521739130435,0.286111111111,0.136363636364,2024,0.5,16,0.782608695652,0,0.88,0
2902,2024-08-16,0.0,0.012048192771,0.021148036254,0.03738317757,0.287769784173,0.108843537415,0.130952380952,0.438202247191,0.027027027027,0.608695652174,0.266666666667,0.136363636364,2024,0.5,16,0.913043478261,0,0.94,0
2903,2024-08-16,0.024691358025,0.009036144578,0.033232628399,0.07476635514,0.424460431655,0.034013605442,0.011904761905,0.415730337079,0.027027027027,0.652173913043,0.219444444444,0.166666666667,2024,0.5,16,1.0,0,0.91,0
2904,2024-08-16,0.024691358025,0.009036144578,0.030211480363,0.07476635514,0.402877697842,0.074829931973,0.071428571429,0.404494382022,0.027027027027,0.695652173913,0.194444444444,0.166666666667,2024,0.5,16,0.95652173913,0,0.95,0
2905,2024-08-16,0.123456790123,0.030120481928,0.093655589124,0.196261682243,0.172661870504,0.08843537415,0.047619047619,0.707865168539,0.054054054054,0.478260869565,0.516666666667,0.272727272727,2024,0.5,16,0.869565217391,0,0.9,0
2906,2024-08-16,0.148148148148,0.03313253012,0.105740181269,0.224299065421,0.064748201439,0.136054421769,0.154761904762,0.797752808989,0.054054054054,0.391304347826,0.411111111111,0.090909090909,2024,0.5,16,0.826086956522,0,0.94,0
2907,2024-08-16,0.222222222222,0.078313253012,0.178247734139,0.308411214953,0.043165467626,0.115646258503,0.154761904762,0.76404494382,0.054054054054,0.391304347826,0.905555555556,0.19696969697,2024,0.5,16,0.739130434783,0,0.91,0
2908,2024-08-16,0.222222222222,0.045180722892,0.160120845921,0.364485981308,0.079136690647,0.176870748299,0.214285714286,0.842696629213,0.054054054054,0.347826086957,0.844444444444,0.227272727273,2024,0.5,16,0.652173913043,0,0.88,0
2909,2024-08-16,0.148148148148,0.036144578313,0.123867069486,0.271028037383,0.057553956835,0.190476190476,0.25,0.865168539326,0.027027027027,0.304347826087,0.783333333333,0.227272727273,2024,0.5,16,0.608695652174,0,0.81,0
2910,2024-08-16,0.123456790123,0.036144578313,0.111782477341,0.233644859813,0.05035971223,0.122448979592,0.119047619048,0.898876404494,0.027027027027,0.304347826087,0.777777777778,0.136363636364,2024,0.5,16,0.565217391304,0,0.89,0
2911,2024-08-16,0.098765432099,0.021084337349,0.087613293051,0.205607476636,0.057553956835,0.115646258503,0.154761904762,0.966292134831,0.027027027027,0.217391304348,0.027777777778,0.090909090909,2024,0.5,16,0.478260869565,0,0.98,0
2912,2024-08-16,0.123456790123,0.027108433735,0.099697885196,0.224299065421,0.028776978417,0.061224489796,0.095238095238,0.966292134831,0.027027027027,0.260869565217,0.983333333333,0.060606060606,2024,0.5,16,0.434782608696,0,0.97,0
2913,2024-08-17,0.098765432099,0.015060240964,0.07250755287,0.168224299065,0.035971223022,0.095238095238,0.119047619048,0.977528089888,0.027027027027,0.260869565217,0.788888888889,0.136363636364,2024,0.5,17,0.391304347826,0,0.98,0
2914,2024-08-17,0.098765432099,0.051204819277,0.126888217523,0.242990654206,0.021582733813,0.08843537415,0.130952380952,0.977528089888,0.027027027027,0.260869565217,0.416666666667,0.075757575758,2024,0.5,17,0.347826086957,0,0.98,0
2915,2024-08-17,0.074074074074,0.024096385542,0.084592145015,0.18691588785,0.05035971223,0.020408163265,0.011904761905,0.977528089888,0.027027027027,0.217391304348,0.627777777778,0.045454545455,2024,0.5,17,0.304347826087,0,1.0,0
2916,2024-08-17,0.098765432099,0.018072289157,0.084592145015,0.205607476636,0.014388489209,0.068027210884,0.095238095238,0.977528089888,0.027027027027,0.217391304348,0.386111111111,0.015151515152,2024,0.5,17,0.260869565217,0,1.0,0
2917,2024-08-17,0.098765432099,0.027108433735,0.102719033233,0.233644859813,0.014388489209,,,0.966292134831,0.027027027027,0.217391304348,0.602777777778,0.015151515152,2024,0.5,17,0.173913043478,0,1.0,0
2918,2024-08-17,0.148148148148,0.05421686747,0.132930513595,0.242990654206,0.007194244604,0.034013605442,0.047619047619,0.966292134831,0.027027027027,0.217391304348,0.527777777778,0.060606060606,2024,0.5,17,0.130434782609,0,1.0,0
2919,2024-08-17,0.123456790123,0.05421686747,0.123867069486,0.205607476636,0.007194244604,0.108843537415,0.166666666667,0.966292134831,0.027027027027,0.217391304348,0.463888888889,0.045454545455,2024,0.5,17,0.04347826087,0,1.0,0
2920,2024-08-17,0.197530864198,0.10843373494,0.175226586103,0.205607476636,0.007194244604,0.068027210884,0.095238095238,0.966292134831,0.027027027027,0.217391304348,0.502777777778,0.060606060606,2024,0.5,17,0.0,0,1.0,0
2921,2024-08-17,0.222222222222,0.147590361446,0.211480362538,0.18691588785,0.035971223022,0.074829931973,0.095238095238,0.932584269663,0.054054054054,0.260869565217,0.530555555556,0.075757575758,2024,0.5,17,0.086956521739,0,1.0,0
2922,2024-08-17,0.098765432099,0.051204819277,0.099697885196,0.140186915888,0.107913669065,0.081632653061,0.119047619048,0.842696629213,0.027027027027,0.304347826087,0.522222222222,0.075757575758,2024,0.5,17,0.217391304348,0,0.98,0
2923,2024-08-17,0.098765432099,0.045180722892,0.099697885196,0.168224299065,0.158273381295,0.102040816327,0.166666666667,0.741573033708,0.027027027027,0.391304347826,0.061111111111,0.090909090909,2024,0.5,17,0.521739130435,0,0.99,0
2924,2024-08-17,0.098765432099,0.045180722892,0.126888217523,0.252336448598,0.208633093525,0.108843537415,0.142857142857,0.651685393258,0.054054054054,0.434782608696,0.108333333333,0.106060606061,2024,0.5,17,0.695652173913,0,0.97,0
2925,2024-08-17,0.074074074074,0.030120481928,0.099697885196,0.214953271028,0.294964028777,0.190476190476,0.22619047619,0.584269662921,0.054054054054,0.521739130435,0.125,0.121212121212,2024,0.5,17,0.782608695652,0,0.98,0
2926,2024-08-17,0.074074074074,0.015060240964,0.069486404834,0.168224299065,0.424460431655,0.210884353741,0.321428571429,0.539325842697,0.054054054054,0.565217391304,0.113888888889,0.181818181818,2024,0.5,17,0.913043478261,0,0.97,0
2927,2024-08-17,0.049382716049,0.009036144578,0.042296072508,0.11214953271,0.532374100719,0.299319727891,0.464285714286,0.494382022472,0.027027027027,0.608695652174,0.088888888889,0.19696969697,2024,0.5,17,1.0,0,0.95,0
2928,2024-08-17,0.024691358025,0.006024096386,0.042296072508,0.11214953271,0.553956834532,0.21768707483,0.309523809524,0.47191011236,0.054054054054,0.652173913043,0.208333333333,0.19696969697,2024,0.5,17,0.95652173913,0,0.98,0
2929,2024-08-17,0.024691358025,0.009036144578,0.054380664653,0.140186915888,0.446043165468,,,0.47191011236,0.054054054054,0.608695652174,0.213888888889,0.19696969697,2024,0.5,17,0.869565217391,0,0.97,0
2930,2024-08-17,0.197530864198,0.015060240964,0.123867069486,0.336448598131,0.410071942446,,,0.606741573034,0.027027027027,0.521739130435,0.633333333333,0.19696969697,2024,0.5,17,0.826086956522,0,1.0,0
2931,2024-08-17,0.123456790123,0.030120481928,0.087613293051,0.177570093458,0.107913669065,0.258503401361,0.27380952381,0.730337078652,0.027027027027,0.434782608696,0.913888888889,0.257575757576,2024,0.5,17,0.739130434783,0,0.98,0
2932,2024-08-17,0.098765432099,0.03313253012,0.084592145015,0.158878504673,0.071942446043,0.108843537415,0.035714285714,0.865168539326,0.027027027027,0.347826086957,0.933333333333,0.19696969697,2024,0.5,17,0.652173913043,0,0.98,0
2933,2024-08-17,0.123456790123,0.030120481928,0.093655589124,0.196261682243,0.05035971223,0.095238095238,0.107142857143,0.85393258427,0.027027027027,0.347826086957,0.866666666667,0.181818181818,2024,0.5,17,0.608695652174,0,1.0,0
2934,2024-08-17,0.197530864198,0.060240963855,0.138972809668,0.242990654206,0.007194244604,0.102040816327,0.130952380952,0.910112359551,0.027027027027,0.347826086957,0.747222222222,0.151515151515,2024,0.5,17,0.565217391304,0,1.0,0
2935,2024-08-17,0.098765432099,0.030120481928,0.099697885196,0.205607476636,0.021582733813,0.163265306122,0.214285714286,0.932584269663,0.027027027027,0.304347826087,0.783333333333,0.151515151515,2024,0.5,17,0.478260869565,0,0.95,0
2936,2024-08-17,0.098765432099,0.027108433735,0.078549848943,0.168224299065,0.035971223022,0.122448979592,0.166666666667,0.955056179775,0.027027027027,0.260869565217,0.816666666667,0.090909090909,2024,0.5,17,0.434782608696,0,1.0,0
2937,2024-08-18,0.049382716049,0.015060240964,0.057401812689,0.130841121495,0.064748201439,0.136054421769,0.166666666667,0.932584269663,0.0,0.260869565217,0.769444444444,0.166666666667,2024,0.5,18,0.391304347826,0,1.0,0
2938,2024-08-18,0.098765432099,0.030120481928,0.099697885196,0.205607476636,0.007194244604,0.08843537415,0.107142857143,0.977528089888,0.027027027027,0.260869565217,0.880555555556,0.090909090909,2024,0.5,18,0.347826086957,0,0.99,0
2939,2024-08-18,0.123456790123,0.051204819277,0.114803625378,0.196261682243,0.007194244604,0.122448979592,0.178571428571,0.966292134831,0.027027027027,0.260869565217,0.763888888889,0.060606060606,2024,0.5,18,0.304347826087,0,1.0,0
2940,2024-08-18,0.049382716049,0.012048192771,0.063444108761,0.158878504673,0.035971223022,0.102040816327,0.119047619048,0.932584269663,0.027027027027,0.260869565217,0.783333333333,0.151515151515,2024,0.5,18,0.260869565217,0,1.0,0
2941,2024-08-18,0.049382716049,0.012048192771,0.063444108761,0.158878504673,0.021582733813,0.095238095238,0.095238095238,0.943820224719,0.027027027027,0.260869565217,0.877777777778,0.151515151515,2024,0.5,18,0.173913043478,0,1.0,0
2942,2024-08-18,0.098765432099,0.021084337349,0.075528700906,0.168224299065,0.014388489209,0.136054421769,0.154761904762,0.943820224719,0.027027027027,0.217391304348,0.886111111111,0.136363636364,2024,0.5,18,0.130434782609,0,1.0,0
2943,2024-08-18,0.098765432099,0.024096385542,0.075528700906,0.14953271028,0.028776978417,0.122448979592,0.130952380952,0.921348314607,0.027027027027,0.217391304348,0.886111111111,0.106060606061,2024,0.5,18,0.04347826087,0,1.0,0
2944,2024-08-18,0.098765432099,0.05421686747,0.111782477341,0.177570093458,0.014388489209,0.081632653061,0.071428571429,0.910112359551,0.027027027027,0.260869565217,0.811111111111,0.121212121212,2024,0.5,18,0.0,0,1.0,0
2945,2024-08-18,0.123456790123,0.072289156627,0.12084592145,0.158878504673,0.035971223022,0.108843537415,0.119047619048,0.876404494382,0.027027027027,0.260869565217,0.813888888889,0.136363636364,2024,0.5,18,0.086956521739,0,1.0,0
2946,2024-08-18,0.098765432099,0.078313253012,0.126888217523,0.14953271028,0.071942446043,0.12925170068,0.119047619048,0.797752808989,0.054054054054,0.304347826087,0.808333333333,0.166666666667,2024,0.5,18,0.217391304348,0,1.0,0
2947,2024-08-18,0.049382716049,0.036144578313,0.069486404834,0.102803738318,0.172661870504,0.163265306122,0.190476190476,0.719101123596,0.054054054054,0.347826086957,0.847222222222,0.121212121212,2024,0.5,18,0.521739130435,0,1.0,0
2948,2024-08-18,0.074074074074,0.018072289157,0.057401812689,0.121495327103,0.244604316547,0.136054421769,0.166666666667,0.662921348315,0.027027027027,0.434782608696,0.347222222222,0.090909090909,2024,0.5,18,0.695652173913,0,1.0,0
2949,2024-08-18,0.074074074074,0.015060240964,0.057401812689,0.130841121495,0.352517985612,0.183673469388,0.25,0.550561797753,0.027027027027,0.521739130435,0.977777777778,0.121212121212,2024,0.5,18,0.782608695652,0,1.0,0
2950,2024-08-18,0.049382716049,0.009036144578,0.045317220544,0.11214953271,0.453237410072,0.163265306122,0.22619047619,0.505617977528,0.027027027027,0.521739130435,0.188888888889,0.151515151515,2024,0.5,18,0.913043478261,0,1.0,0
2951,2024-08-18,0.024691358025,0.003012048193,0.021148036254,0.046728971963,0.510791366906,0.149659863946,0.190476190476,0.438202247191,0.027027027027,0.565217391304,0.075,0.166666666667,2024,0.5,18,1.0,0,0.99,0
2952,2024-08-18,0.024691358025,0.006024096386,0.021148036254,0.046728971963,0.453237410072,0.142857142857,0.166666666667,0.426966292135,0.027027027027,0.608695652174,0.027777777778,0.136363636364,2024,0.5,18,0.95652173913,0,0.97,0
2953,2024-08-18,0.049382716049,0.009036144578,0.039274924471,0.093457943925,0.482014388489,0.068027210884,0.02380952381,0.415730337079,0.027027027027,0.652173913043,0.988888888889,0.151515151515,2024,0.5,18,0.869565217391,0,1.0,0
2954,2024-08-18,0.024691358025,0.006024096386,0.030211480363,0.07476635514,0.36690647482,,,0.415730337079,0.027027027027,0.652173913043,0.980555555556,0.151515151515,2024,0.5,18,0.826086956522,0,0.99,0
2955,2024-08-18,0.049382716049,0.006024096386,0.030211480363,0.07476635514,0.230215827338,,,0.685393258427,0.027027027027,0.521739130435,0.994444444444,0.257575757576,2024,0.5,18,0.739130434783,0,1.0,0
2956,2024-08-18,0.074074074074,0.012048192771,0.051359516616,0.121495327103,0.122302158273,0.081632653061,0.035714285714,0.775280898876,0.027027027027,0.434782608696,0.005555555556,0.19696969697,2024,0.5,18,0.652173913043,0,1.0,0
2957,2024-08-18,0.074074074074,0.015060240964,0.04833836858,0.102803738318,0.107913669065,0.115646258503,0.119047619048,0.707865168539,0.027027027027,0.434782608696,0.983333333333,0.257575757576,2024,0.5,18,0.608695652174,0,1.0,0
2958,2024-08-18,0.074074074074,0.021084337349,0.060422960725,0.130841121495,0.079136690647,0.122448979592,0.119047619048,0.707865168539,0.027027027027,0.434782608696,0.947222222222,0.19696969697,2024,0.5,18,0.565217391304,0,0.99,0
2959,2024-08-18,0.049382716049,0.012048192771,0.042296072508,0.093457943925,0.107913669065,0.122448979592,0.095238095238,0.696629213483,0.027027027027,0.391304347826,0.95,0.257575757576,2024,0.5,18,0.478260869565,0,1.0,0
2960,2024-08-18,0.049382716049,0.012048192771,0.039274924471,0.093457943925,0.10071942446,0.115646258503,0.107142857143,0.797752808989,0.027027027027,0.347826086957,0.783333333333,0.212121212121,2024,0.5,18,0.434782608696,0,1.0,0
2961,2024-08-19,0.049382716049,0.012048192771,0.054380664653,0.130841121495,,0.176870748299,0.154761904762,0.707865168539,0.027027027027,0.347826086957,0.880555555556,0.166666666667,2024,0.5,19,0.391304347826,0,1.0,0
2962,2024-08-19,0.049382716049,0.009036144578,0.051359516616,0.130841121495,0.064748201439,0.08843537415,0.095238095238,0.910112359551,0.027027027027,0.304347826087,0.780555555556,0.106060606061,2024,0.5,19,0.347826086957,0,1.0,0
2963,2024-08-19,0.024691358025,0.009036144578,0.051359516616,0.130841121495,0.057553956835,0.108843537415,0.130952380952,0.932584269663,0.027027027027,0.260869565217,0.822222222222,0.151515151515,2024,0.5,19,0.304347826087,0,1.0,0
2964,2024-08-19,0.024691358025,0.006024096386,0.036253776435,0.093457943925,0.079136690647,0.108843537415,0.130952380952,0.932584269663,0.0,0.260869565217,0.791666666667,0.151515151515,2024,0.5,19,0.260869565217,0,1.0,0
2965,2024-08-19,0.024691358025,0.006024096386,0.036253776435,0.093457943925,0.064748201439,0.08843537415,0.119047619048,0.921348314607,0.027027027027,0.260869565217,0.802777777778,0.121212121212,2024,0.5,19,0.173913043478,0,1.0,0
2966,2024-08-19,0.024691358025,0.009036144578,0.039274924471,0.093457943925,0.071942446043,0.08843537415,0.095238095238,0.887640449438,0.027027027027,0.260869565217,0.777777777778,0.151515151515,2024,0.5,19,0.130434782609,0,1.0,0
2967,2024-08-19,0.049382716049,0.024096385542,0.063444108761,0.121495327103,0.057553956835,0.102040816327,0.130952380952,0.876404494382,0.027027027027,0.260869565217,0.802777777778,0.151515151515,2024,0.5,19,0.04347826087,0,1.0,0
2968,2024-08-19,0.123456790123,0.08734939759,0.151057401813,0.196261682243,0.014388489209,0.142857142857,0.166666666667,0.887640449438,0.027027027027,0.217391304348,0.855555555556,0.121212121212,2024,0.5,19,0.0,0,1.0,0
2969,2024-08-19,0.148148148148,0.111445783133,0.178247734139,0.205607476636,0.028776978417,0.149659863946,0.154761904762,0.842696629213,0.054054054054,0.260869565217,0.811111111111,0.166666666667,2024,0.5,19,0.086956521739,0,0.96,0
2970,2024-08-19,0.148148148148,0.096385542169,0.157099697885,0.18691588785,0.043165467626,0.190476190476,0.202380952381,0.797752808989,0.054054054054,0.304347826087,0.825,0.121212121212,2024,0.5,19,0.217391304348,0,0.97,0
2971,2024-08-19,0.123456790123,0.081325301205,0.135951661631,0.168224299065,0.079136690647,0.197278911565,0.202380952381,0.741573033708,0.054054054054,0.347826086957,0.863888888889,0.166666666667,2024,0.5,19,0.521739130435,0,0.96,0
2972,2024-08-19,0.098765432099,0.051204819277,0.108761329305,0.168224299065,0.129496402878,0.21768707483,0.22619047619,0.662921348315,0.054054054054,0.434782608696,0.813888888889,0.121212121212,2024,0.5,19,0.695652173913,0,0.97,0
2973,2024-08-19,0.098765432099,0.039156626506,0.105740181269,0.196261682243,0.208633093525,0.244897959184,0.27380952381,0.61797752809,0.054054054054,0.478260869565,0.886111111111,0.136363636364,2024,0.5,19,0.782608695652,0,0.95,0
2974,2024-08-19,0.074074074074,0.015060240964,0.063444108761,0.158878504673,0.36690647482,0.278911564626,0.309523809524,0.539325842697,0.027027027027,0.521739130435,0.094444444444,0.121212121212,2024,0.5,19,0.913043478261,0,0.98,0
2975,2024-08-19,0.098765432099,0.012048192771,0.069486404834,0.18691588785,0.496402877698,0.285714285714,0.333333333333,0.483146067416,0.027027027027,0.565217391304,0.022222222222,0.136363636364,2024,0.5,19,1.0,0,0.96,0
2976,2024-08-19,0.024691358025,0.006024096386,0.027190332326,0.07476635514,0.503597122302,0.278911564626,0.345238095238,0.370786516854,0.027027027027,0.652173913043,0.111111111111,0.151515151515,2024,0.5,19,0.95652173913,0,0.9,0
2977,2024-08-19,0.049382716049,0.015060240964,0.060422960725,0.140186915888,0.410071942446,0.183673469388,0.166666666667,0.337078651685,0.027027027027,0.652173913043,0.975,0.212121212121,2024,0.5,19,0.869565217391,0,0.85,0
2978,2024-08-19,0.024691358025,0.012048192771,0.051359516616,0.121495327103,0.338129496403,0.149659863946,0.142857142857,0.359550561798,0.027027027027,0.652173913043,0.041666666667,0.227272727273,2024,0.5,19,0.826086956522,0,0.94,0
2979,2024-08-19,0.049382716049,0.018072289157,0.063444108761,0.140186915888,0.26618705036,0.136054421769,0.035714285714,0.438202247191,0.027027027027,0.608695652174,0.991666666667,0.257575757576,2024,0.5,19,0.739130434783,0,0.95,0
2980,2024-08-19,0.098765432099,0.03313253012,0.087613293051,0.168224299065,0.129496402878,0.204081632653,0.202380952381,0.505617977528,0.027027027027,0.565217391304,0.980555555556,0.287878787879,2024,0.5,19,0.652173913043,0,0.94,0
2981,2024-08-19,0.074074074074,0.018072289157,0.066465256798,0.14953271028,0.107913669065,0.12925170068,0.071428571429,0.561797752809,0.027027027027,0.521739130435,0.016666666667,0.30303030303,2024,0.5,19,0.608695652174,0,1.0,0
2982,2024-08-19,0.074074074074,0.024096385542,0.075528700906,0.158878504673,0.071942446043,0.190476190476,0.154761904762,0.606741573034,0.027027027027,0.434782608696,0.975,0.242424242424,2024,0.5,19,0.565217391304,0,0.95,0
2983,2024-08-19,0.049382716049,0.018072289157,0.057401812689,0.11214953271,0.093525179856,0.190476190476,0.142857142857,0.629213483146,0.027027027027,0.391304347826,0.955555555556,0.227272727273,2024,0.5,19,0.478260869565,0,1.0,0
2984,2024-08-19,0.049382716049,0.012048192771,0.051359516616,0.121495327103,0.093525179856,0.156462585034,0.130952380952,0.662921348315,0.027027027027,0.391304347826,0.863888888889,0.181818181818,2024,0.5,19,0.434782608696,0,0.97,0
2985,2024-08-20,0.074074074074,0.009036144578,0.054380664653,0.130841121495,0.086330935252,0.102040816327,0.083333333333,0.719101123596,0.0,0.304347826087,0.938888888889,0.136363636364,2024,0.5,20,0.391304347826,0,1.0,0
2986,2024-08-20,,,,,,0.176870748299,0.130952380952,0.730337078652,,0.304347826087,0.908333333333,0.136363636364,2024,0.5,20,0.347826086957,0,1.0,0
2987,2024-08-20,,,,,,0.156462585034,0.119047619048,0.730337078652,,0.304347826087,0.808333333333,0.090909090909,2024,0.5,20,0.304347826087,0,1.0,0
2988,2024-08-20,,,,,,0.122448979592,0.130952380952,0.752808988764,,0.304347826087,0.952777777778,0.121212121212,2024,0.5,20,0.260869565217,0,1.0,0
2989,2024-08-20,0.024691358025,0.0,0.006042296073,0.009345794393,0.165467625899,0.108843537415,0.107142857143,0.752808988764,0.027027027027,0.304347826087,0.066666666667,0.151515151515,2024,0.5,20,0.173913043478,0,1.0,0
2990,2024-08-20,0.024691358025,0.0,0.015105740181,0.03738317757,0.151079136691,0.061224489796,0.071428571429,0.76404494382,0.027027027027,0.304347826087,0.041666666667,0.121212121212,2024,0.5,20,0.130434782609,0,1.0,0
2991,2024-08-20,0.074074074074,0.024096385542,0.078549848943,0.158878504673,0.05035971223,0.12925170068,0.142857142857,0.797752808989,0.027027027027,0.260869565217,0.919444444444,0.136363636364,2024,0.5,20,0.04347826087,0,1.0,0
2992,2024-08-20,0.098765432099,0.048192771084,0.108761329305,0.18691588785,0.028776978417,0.149659863946,0.166666666667,0.797752808989,0.027027027027,0.304347826087,0.852777777778,0.181818181818,2024,0.5,20,0.0,0,0.98,0
2993,2024-08-20,0.123456790123,0.072289156627,0.123867069486,0.158878504673,0.057553956835,0.163265306122,0.142857142857,0.775280898876,0.027027027027,0.304347826087,0.830555555556,0.19696969697,2024,0.5,20,0.086956521739,0,0.98,0
2994,2024-08-20,0.148148148148,0.105421686747,0.175226586103,0.214953271028,0.071942446043,0.197278911565,0.190476190476,0.719101123596,0.054054054054,0.347826086957,0.836111111111,0.166666666667,2024,0.5,20,0.217391304348,0,0.95,0
2995,2024-08-20,0.098765432099,0.05421686747,0.108761329305,0.168224299065,0.151079136691,0.292517006803,0.25,0.629213483146,0.027027027027,0.391304347826,0.958333333333,0.121212121212,2024,0.5,20,0.521739130435,0,0.96,0
2996,2024-08-20,0.074074074074,0.03313253012,0.081570996979,0.158878504673,0.230215827338,0.156462585034,0.130952380952,0.494382022472,0.027027027027,0.478260869565,0.036111111111,0.166666666667,2024,0.5,20,0.695652173913,0,0.97,0
2997,2024-08-20,0.024691358025,0.012048192771,0.036253776435,0.07476635514,0.323741007194,0.21768707483,0.214285714286,0.438202247191,0.027027027027,0.521739130435,0.075,0.166666666667,2024,0.5,20,0.782608695652,0,0.97,0
2998,2024-08-20,0.024691358025,0.015060240964,0.036253776435,0.07476635514,0.381294964029,0.231292517007,0.27380952381,0.38202247191,0.027027027027,0.608695652174,0.116666666667,0.151515151515,2024,0.5,20,0.913043478261,0,0.97,0
2999,2024-08-20,0.049382716049,0.018072289157,0.045317220544,0.084112149533,0.345323741007,0.122448979592,0.130952380952,0.359550561798,0.027027027027,0.652173913043,0.938888888889,0.181818181818,2024,0.5,20,1.0,0,0.96,0
3000,2024-08-20,0.024691358025,0.015060240964,0.04833836858,0.093457943925,0.309352517986,0.068027210884,0.047619047619,0.359550561798,0.027027027027,0.652173913043,0.033333333333,0.242424242424,2024,0.5,20,0.95652173913,0,0.94,0
3001,2024-08-20,0.074074074074,0.021084337349,0.060422960725,0.121495327103,0.273381294964,0.081632653061,0.107142857143,0.370786516854,0.027027027027,0.652173913043,0.941666666667,0.257575757576,2024,0.5,20,0.869565217391,0,0.92,0
3002,2024-08-20,0.123456790123,0.027108433735,0.078549848943,0.158878504673,0.251798561151,0.136054421769,0.083333333333,0.460674157303,0.054054054054,0.608695652174,0.894444444444,0.378787878788,2024,0.5,20,0.826086956522,0,0.96,0
3003,2024-08-20,0.123456790123,0.036144578313,0.09667673716,0.18691588785,0.143884892086,0.183673469388,0.095238095238,0.494382022472,0.027027027027,0.565217391304,0.969444444444,0.272727272727,2024,0.5,20,0.739130434783,0,0.98,0
3004,2024-08-20,0.074074074074,0.021084337349,0.075528700906,0.168224299065,0.143884892086,0.149659863946,0.119047619048,0.516853932584,0.027027027027,0.565217391304,0.025,0.333333333333,2024,0.5,20,0.652173913043,0,0.94,0
3005,2024-08-20,0.098765432099,0.021084337349,0.075528700906,0.168224299065,0.115107913669,0.183673469388,0.190476190476,0.662921348315,0.027027027027,0.434782608696,0.033333333333,0.257575757576,2024,0.5,20,0.608695652174,0,0.96,0
3006,2024-08-20,0.098765432099,0.024096385542,0.078549848943,0.168224299065,0.079136690647,0.170068027211,0.119047619048,0.629213483146,0.027027027027,0.391304347826,0.986111111111,0.227272727273,2024,0.5,20,0.565217391304,0,1.0,0
3007,2024-08-20,0.074074074074,0.018072289157,0.060422960725,0.121495327103,0.107913669065,0.163265306122,0.107142857143,0.662921348315,0.027027027027,0.391304347826,0.975,0.166666666667,2024,0.5,20,0.478260869565,0,0.98,0
3008,2024-08-20,0.049382716049,0.006024096386,0.036253776435,0.093457943925,0.122302158273,0.081632653061,0.035714285714,0.696629213483,0.027027027027,0.347826086957,0.008333333333,0.166666666667,2024,0.5,20,0.434782608696,0,1.0,0
3009,2024-08-21,0.098765432099,0.015060240964,0.084592145015,0.214953271028,0.071942446043,0.170068027211,0.178571428571,0.786516853933,0.027027027027,0.260869565217,0.883333333333,0.166666666667,2024,0.5,21,0.391304347826,0,1.0,0
3010,2024-08-21,0.049382716049,0.009036144578,0.051359516616,0.130841121495,0.079136690647,0.122448979592,0.083333333333,0.741573033708,0.027027027027,0.304347826087,0.908333333333,0.121212121212,2024,0.5,21,0.347826086957,0,1.0,0
3011,2024-08-21,0.049382716049,0.012048192771,0.057401812689,0.140186915888,0.064748201439,0.156462585034,0.142857142857,0.76404494382,0.0,0.304347826087,0.886111111111,0.166666666667,2024,0.5,21,0.304347826087,0,1.0,0
3012,2024-08-21,0.024691358025,0.009036144578,0.042296072508,0.11214953271,0.079136690647,0.149659863946,0.083333333333,0.775280898876,0.027027027027,0.304347826087,0.85,0.166666666667,2024,0.5,21,0.260869565217,0,1.0,0
3013,2024-08-21,0.049382716049,0.006024096386,0.036253776435,0.093457943925,0.086330935252,0.197278911565,0.202380952381,0.797752808989,0.027027027027,0.260869565217,0.838888888889,0.151515151515,2024,0.5,21,0.173913043478,0,1.0,0
3014,2024-08-21,0.074074074074,0.012048192771,0.057401812689,0.140186915888,0.05035971223,0.115646258503,0.095238095238,0.842696629213,0.027027027027,0.260869565217,0.869444444444,0.151515151515,2024,0.5,21,0.130434782609,0,1.0,0
3015,2024-08-21,0.098765432099,0.036144578313,0.09667673716,0.18691588785,0.028776978417,0.156462585034,0.142857142857,0.842696629213,0.027027027027,0.217391304348,0.822222222222,0.136363636364,2024,0.5,21,0.04347826087,0,1.0,0
3016,2024-08-21,0.123456790123,0.075301204819,0.14501510574,0.214953271028,0.014388489209,0.210884353741,0.214285714286,0.842696629213,0.027027027027,0.260869565217,0.844444444444,0.166666666667,2024,0.5,21,0.0,0,1.0,0
3017,2024-08-21,0.123456790123,0.075301204819,0.132930513595,0.168224299065,0.05035971223,0.210884353741,0.190476190476,0.831460674157,0.054054054054,0.260869565217,0.908333333333,0.106060606061,2024,0.5,21,0.086956521739,0,0.97,0
3018,2024-08-21,0.123456790123,0.069277108434,0.132930513595,0.196261682243,0.079136690647,0.210884353741,0.202380952381,0.741573033708,0.054054054054,0.304347826087,0.875,0.060606060606,2024,0.5,21,0.217391304348,0,0.97,0
3019,2024-08-21,0.098765432099,0.051204819277,0.108761329305,0.18691588785,0.122302158273,0.163265306122,0.166666666667,0.640449438202,0.027027027027,0.347826086957,0.044444444444,0.106060606061,2024,0.5,21,0.521739130435,0,0.96,0
3020,2024-08-21,0.123456790123,0.039156626506,0.105740181269,0.196261682243,0.208633093525,0.176870748299,0.166666666667,0.573033707865,0.027027027027,0.434782608696,0.963888888889,0.121212121212,2024,0.5,21,0.695652173913,0,0.94,0
3021,2024-08-21,0.074074074074,0.024096385542,0.084592145015,0.18691588785,0.309352517986,0.197278911565,0.178571428571,0.516853932584,0.027027027027,0.478260869565,0.086111111111,0.136363636364,2024,0.5,21,0.782608695652,0,0.95,0
3022,2024-08-21,0.049382716049,0.009036144578,0.030211480363,0.065420560748,0.410071942446,0.265306122449,0.27380952381,0.449438202247,0.027027027027,0.565217391304,0.036111111111,0.151515151515,2024,0.5,21,0.913043478261,0,0.94,0
3023,2024-08-21,0.049382716049,0.009036144578,0.033232628399,0.07476635514,0.388489208633,0.142857142857,0.107142857143,0.438202247191,0.027027027027,0.565217391304,0.991666666667,0.181818181818,2024,0.5,21,1.0,0,0.94,0
3024,2024-08-21,0.024691358025,0.006024096386,0.018126888218,0.046728971963,0.402877697842,0.122448979592,0.107142857143,0.415730337079,0.027027027027,0.608695652174,0.047222222222,0.227272727273,2024,0.5,21,0.95652173913,0,0.95,0
3025,2024-08-21,0.074074074074,0.021084337349,0.057401812689,0.11214953271,0.287769784173,0.142857142857,0.130952380952,0.438202247191,0.027027027027,0.608695652174,0.952777777778,0.348484848485,2024,0.5,21,0.869565217391,0,0.94,0
3026,2024-08-21,0.074074074074,0.012048192771,0.04833836858,0.121495327103,0.237410071942,0.170068027211,0.095238095238,0.730337078652,0.027027027027,0.391304347826,0.269444444444,0.19696969697,2024,0.5,21,0.826086956522,0,0.88,0
3027,2024-08-21,0.246913580247,0.057228915663,0.160120845921,0.327102803738,0.071942446043,0.136054421769,0.107142857143,0.842696629213,0.027027027027,0.347826086957,0.519444444444,0.181818181818,2024,0.5,21,0.739130434783,0,0.92,0
3028,2024-08-21,0.296296296296,0.075301204819,0.190332326284,0.355140186916,0.043165467626,0.142857142857,0.178571428571,0.865168539326,0.027027027027,0.304347826087,0.619444444444,0.166666666667,2024,0.5,21,0.652173913043,0,0.94,0
3029,2024-08-21,0.320987654321,0.105421686747,0.21752265861,0.345794392523,0.021582733813,0.102040816327,0.119047619048,0.921348314607,0.054054054054,0.304347826087,0.722222222222,0.136363636364,2024,0.5,21,0.608695652174,0,0.98,0
3030,2024-08-21,0.222222222222,0.069277108434,0.16918429003,0.308411214953,0.014388489209,0.115646258503,0.130952380952,0.898876404494,0.027027027027,0.304347826087,0.916666666667,0.151515151515,2024,0.5,21,0.565217391304,0,1.0,0
3031,2024-08-21,0.074074074074,0.012048192771,0.054380664653,0.130841121495,0.115107913669,0.108843537415,0.142857142857,0.775280898876,0.027027027027,0.304347826087,0.013888888889,0.212121212121,2024,0.5,21,0.478260869565,0,0.98,0
3032,2024-08-21,0.148148148148,0.039156626506,0.12084592145,0.242990654206,0.05035971223,0.08843537415,0.059523809524,0.76404494382,0.027027027027,0.304347826087,0.888888888889,0.136363636364,2024,0.5,21,0.434782608696,0,1.0,0
3033,2024-08-22,0.074074074074,0.012048192771,0.051359516616,0.121495327103,0.064748201439,0.08843537415,0.107142857143,0.786516853933,0.0,0.304347826087,0.866666666667,0.136363636364,2024,0.5,22,0.391304347826,0,1.0,0
3034,2024-08-22,0.049382716049,0.009036144578,0.057401812689,0.14953271028,0.10071942446,0.156462585034,0.107142857143,0.831460674157,0.027027027027,0.260869565217,0.883333333333,0.166666666667,2024,0.5,22,0.347826086957,0,1.0,0
3035,2024-08-22,0.049382716049,0.009036144578,0.060422960725,0.14953271028,0.093525179856,0.156462585034,0.119047619048,0.842696629213,0.027027027027,0.260869565217,0.875,0.166666666667,2024,0.5,22,0.304347826087,0,1.0,0
3036,2024-08-22,0.024691358025,0.003012048193,0.045317220544,0.121495327103,0.136690647482,0.170068027211,0.178571428571,0.808988764045,0.027027027027,0.260869565217,0.888888888889,0.106060606061,2024,0.5,22,0.260869565217,0,1.0,0
3037,2024-08-22,0.074074074074,0.024096385542,0.084592145015,0.18691588785,0.064748201439,0.12925170068,0.119047619048,0.842696629213,0.027027027027,0.217391304348,0.630555555556,0.030303030303,2024,0.5,22,0.173913043478,0,1.0,0
3038,2024-08-22,0.123456790123,0.051204819277,0.126888217523,0.233644859813,0.021582733813,0.081632653061,0.095238095238,0.887640449438,0.027027027027,0.217391304348,0.705555555556,0.045454545455,2024,0.5,22,0.130434782609,0,1.0,0
3039,2024-08-22,0.172839506173,0.039156626506,0.108761329305,0.214953271028,0.05035971223,0.156462585034,0.154761904762,0.85393258427,0.027027027027,0.217391304348,0.875,0.090909090909,2024,0.5,22,0.04347826087,0,1.0,0
3040,2024-08-22,0.172839506173,0.159638554217,0.253776435045,0.289719626168,0.007194244604,0.12925170068,0.142857142857,0.865168539326,0.054054054054,0.217391304348,0.983333333333,0.060606060606,2024,0.5,22,0.0,0,0.98,0
3041,2024-08-22,0.246913580247,0.213855421687,0.299093655589,0.261682242991,0.028776978417,0.224489795918,0.190476190476,0.842696629213,0.054054054054,0.260869565217,0.141666666667,0.075757575758,2024,0.5,22,0.086956521739,0,0.96,0
3042,2024-08-22,0.148148148148,0.111445783133,0.199395770393,0.271028037383,0.071942446043,0.231292517007,0.214285714286,0.752808988764,0.054054054054,0.304347826087,0.852777777778,0.090909090909,2024,0.5,22,0.217391304348,0,0.94,0
3043,2024-08-22,0.148148148148,0.060240963855,0.138972809668,0.242990654206,0.151079136691,0.183673469388,0.178571428571,0.662921348315,0.027027027027,0.347826086957,0.936111111111,0.121212121212,2024,0.5,22,0.521739130435,0,0.96,0
3044,2024-08-22,0.148148148148,0.060240963855,0.14501510574,0.261682242991,0.172661870504,0.210884353741,0.25,0.584269662921,0.027027027027,0.434782608696,0.858333333333,0.151515151515,2024,0.5,22,0.695652173913,0,0.95,0
3045,2024-08-22,0.098765432099,0.021084337349,0.090634441088,0.214953271028,0.338129496403,0.251700680272,0.285714285714,0.52808988764,0.027027027027,0.478260869565,0.016666666667,0.121212121212,2024,0.5,22,0.782608695652,0,0.98,0
3046,2024-08-22,0.074074074074,0.021084337349,0.075528700906,0.168224299065,0.410071942446,0.272108843537,0.321428571429,0.460674157303,0.027027027027,0.521739130435,0.033333333333,0.136363636364,2024,0.5,22,0.913043478261,0,0.94,0
3047,2024-08-22,0.049382716049,0.006024096386,0.030211480363,0.07476635514,0.474820143885,0.265306122449,0.297619047619,0.426966292135,0.027027027027,0.565217391304,0.052777777778,0.136363636364,2024,0.5,22,1.0,0,0.95,0
3048,2024-08-22,0.049382716049,0.012048192771,0.057401812689,0.140186915888,0.424460431655,0.21768707483,0.261904761905,0.404494382022,0.027027027027,0.608695652174,0.019444444444,0.121212121212,2024,0.5,22,0.95652173913,0,0.96,0
3049,2024-08-22,0.098765432099,0.030120481928,0.087613293051,0.177570093458,0.280575539568,0.204081632653,0.202380952381,0.426966292135,0.027027027027,0.608695652174,0.941666666667,0.257575757576,2024,0.5,22,0.869565217391,0,0.94,0
3050,2024-08-22,0.049382716049,0.018072289157,0.054380664653,0.11214953271,0.223021582734,0.081632653061,0.035714285714,0.516853932584,0.027027027027,0.521739130435,0.047222222222,0.333333333333,2024,0.5,22,0.826086956522,0,0.96,0
3051,2024-08-22,0.049382716049,0.021084337349,0.060422960725,0.121495327103,0.194244604317,,,0.573033707865,0.027027027027,0.478260869565,0.025,0.30303030303,2024,0.5,22,0.739130434783,0,0.93,0
3052,2024-08-22,0.123456790123,0.030120481928,0.087613293051,0.18691588785,0.107913669065,0.095238095238,0.047619047619,0.584269662921,0.027027027027,0.478260869565,0.994444444444,0.19696969697,2024,0.5,22,0.652173913043,0,0.9,0
3053,2024-08-22,0.123456790123,0.036144578313,0.102719033233,0.205607476636,0.071942446043,0.115646258503,0.095238095238,0.629213483146,0.027027027027,0.478260869565,0.013888888889,0.257575757576,2024,0.5,22,0.608695652174,0,0.96,0
3054,2024-08-22,0.074074074074,0.012048192771,0.054380664653,0.130841121495,0.093525179856,0.122448979592,0.083333333333,0.662921348315,0.027027027027,0.391304347826,0.038888888889,0.272727272727,2024,0.5,22,0.565217391304,0,0.98,0
3055,2024-08-22,0.074074074074,0.018072289157,0.057401812689,0.121495327103,0.086330935252,0.115646258503,0.071428571429,0.730337078652,0.027027027027,0.347826086957,0.963888888889,0.257575757576,2024,0.5,22,0.478260869565,0,1.0,0
3056,2024-08-22,0.074074074074,0.015060240964,0.051359516616,0.11214953271,0.086330935252,0.12925170068,0.130952380952,0.775280898876,0.027027027027,0.304347826087,0.958333333333,0.19696969697,2024,0.5,22,0.434782608696,0,0.99,0
3057,2024-08-23,0.197530864198,0.08734939759,0.157099697885,0.214953271028,0.007194244604,0.122448979592,0.142857142857,0.910112359551,0.027027027027,0.304347826087,0.905555555556,0.075757575758,2024,0.5,23,0.391304347826,0,1.0,0
3058,2024-08-23,0.074074074074,0.009036144578,0.060422960725,0.158878504673,0.028776978417,0.081632653061,0.047619047619,0.876404494382,0.027027027027,0.304347826087,0.383333333333,0.075757575758,2024,0.5,23,0.347826086957,0,1.0,0
3059,2024-08-23,0.074074074074,0.009036144578,0.066465256798,0.177570093458,0.021582733813,0.102040816327,0.119047619048,0.932584269663,0.027027027027,0.260869565217,0.425,0.090909090909,2024,0.5,23,0.304347826087,0,1.0,0
3060,2024-08-23,0.024691358025,0.009036144578,0.02416918429,0.056074766355,0.115107913669,0.08843537415,0.119047619048,0.85393258427,0.027027027027,0.260869565217,0.072222222222,0.121212121212,2024,0.5,23,0.260869565217,0,1.0,0
3061,2024-08-23,0.024691358025,0.0,0.021148036254,0.056074766355,0.10071942446,0.074829931973,0.095238095238,0.808988764045,0.027027027027,0.260869565217,0.036111111111,0.106060606061,2024,0.5,23,0.173913043478,0,1.0,0
3062,2024-08-23,0.049382716049,0.015060240964,0.054380664653,0.121495327103,0.043165467626,0.231292517007,0.297619047619,0.752808988764,0.027027027027,0.260869565217,0.808333333333,0.121212121212,2024,0.5,23,0.130434782609,0,1.0,0
3063,2024-08-23,0.074074074074,0.060240963855,0.114803625378,0.168224299065,0.007194244604,0.176870748299,0.190476190476,0.707865168539,0.081081081081,0.260869565217,0.808333333333,0.136363636364,2024,0.5,23,0.04347826087,0,1.0,0
3064,2024-08-23,0.098765432099,0.069277108434,0.123867069486,0.168224299065,0.007194244604,0.210884353741,0.178571428571,0.696629213483,0.054054054054,0.260869565217,0.8,0.151515151515,2024,0.5,23,0.0,0,1.0,0
3065,2024-08-23,0.148148148148,0.147590361446,0.208459214502,0.18691588785,0.021582733813,0.176870748299,0.130952380952,0.696629213483,0.081081081081,0.260869565217,0.833333333333,0.181818181818,2024,0.5,23,0.086956521739,0,0.9,0
3066,2024-08-23,0.148148148148,0.14156626506,0.202416918429,0.18691588785,0.05035971223,0.238095238095,0.190476190476,0.674157303371,0.081081081081,0.304347826087,0.830555555556,0.166666666667,2024,0.5,23,0.217391304348,0,0.92,0
3067,2024-08-23,0.123456790123,0.093373493976,0.163141993958,0.214953271028,0.093525179856,0.258503401361,0.214285714286,0.640449438202,0.054054054054,0.391304347826,0.844444444444,0.106060606061,2024,0.5,23,0.521739130435,0,0.96,0
3068,2024-08-23,0.098765432099,0.045180722892,0.111782477341,0.205607476636,0.201438848921,0.265306122449,0.22619047619,0.584269662921,0.054054054054,0.434782608696,0.222222222222,0.121212121212,2024,0.5,23,0.695652173913,0,0.93,0
3069,2024-08-23,0.098765432099,0.042168674699,0.129909365559,0.280373831776,0.237410071942,0.210884353741,0.22619047619,0.52808988764,0.054054054054,0.478260869565,0.172222222222,0.136363636364,2024,0.5,23,0.782608695652,0,0.97,0
3070,2024-08-23,0.098765432099,0.027108433735,0.12084592145,0.289719626168,0.330935251799,0.251700680272,0.285714285714,0.505617977528,0.054054054054,0.521739130435,0.158333333333,0.106060606061,2024,0.5,23,0.913043478261,0,0.89,0
3071,2024-08-23,0.123456790123,0.012048192771,0.081570996979,0.214953271028,0.525179856115,0.326530612245,0.392857142857,0.449438202247,0.054054054054,0.608695652174,0.183333333333,0.121212121212,2024,0.5,23,1.0,0,0.85,0
3072,2024-08-23,0.098765432099,0.006024096386,0.054380664653,0.14953271028,0.589928057554,0.278911564626,0.392857142857,0.438202247191,0.054054054054,0.608695652174,0.338888888889,0.181818181818,2024,0.5,23,0.95652173913,0,0.89,0
3073,2024-08-23,0.074074074074,0.006024096386,0.036253776435,0.093457943925,0.41726618705,0.210884353741,0.321428571429,0.52808988764,0.027027027027,0.565217391304,0.383333333333,0.19696969697,2024,0.5,23,0.869565217391,0,0.83,0
3074,2024-08-23,0.098765432099,0.03313253012,0.09667673716,0.18691588785,0.122302158273,0.136054421769,0.202380952381,0.741573033708,0.027027027027,0.391304347826,0.044444444444,0.287878787879,2024,0.5,23,0.826086956522,0,0.76,0
3075,2024-08-23,0.172839506173,0.048192771084,0.12084592145,0.224299065421,0.064748201439,0.115646258503,0.119047619048,0.820224719101,0.027027027027,0.347826086957,0.85,0.19696969697,2024,0.5,23,0.739130434783,0,0.66,0
3076,2024-08-23,0.222222222222,0.081325301205,0.172205438066,0.289719626168,0.007194244604,0.115646258503,0.130952380952,0.910112359551,0.027027027027,0.304347826087,0.8,0.212121212121,2024,0.5,23,0.652173913043,0,0.89,0
3077,2024-08-23,0.222222222222,0.072289156627,0.16918429003,0.299065420561,0.021582733813,0.156462585034,0.214285714286,0.887640449438,0.027027027027,0.304347826087,0.936111111111,0.090909090909,2024,0.5,23,0.608695652174,0,0.91,0
3078,2024-08-23,0.222222222222,0.081325301205,0.172205438066,0.280373831776,0.028776978417,0.136054421769,0.178571428571,0.865168539326,0.027027027027,0.304347826087,0.677777777778,0.106060606061,2024,0.5,23,0.565217391304,0,0.97,0
3079,2024-08-23,0.271604938272,0.114457831325,0.211480362538,0.299065420561,0.007194244604,0.102040816327,0.107142857143,0.921348314607,0.027027027027,0.304347826087,0.644444444444,0.090909090909,2024,0.5,23,0.478260869565,0,1.0,0
3080,2024-08-23,0.246913580247,0.090361445783,0.166163141994,0.233644859813,0.007194244604,0.170068027211,0.22619047619,0.921348314607,0.027027027027,0.304347826087,0.744444444444,0.075757575758,2024,0.5,23,0.434782608696,0,1.0,0
3081,2024-08-24,0.098765432099,0.030120481928,0.093655589124,0.196261682243,0.021582733813,0.197278911565,0.142857142857,0.741573033708,0.027027027027,0.347826086957,0.741666666667,0.151515151515,2024,0.5,24,0.391304347826,0,1.0,0
3082,2024-08-24,0.197530864198,0.08734939759,0.160120845921,0.224299065421,0.007194244604,0.170068027211,0.166666666667,0.910112359551,0.027027027027,0.260869565217,0.072222222222,0.060606060606,2024,0.5,24,0.347826086957,0,1.0,0
3083,2024-08-24,0.172839506173,0.048192771084,0.132930513595,0.261682242991,0.007194244604,0.197278911565,0.202380952381,0.910112359551,0.027027027027,0.260869565217,0.983333333333,0.090909090909,2024,0.5,24,0.304347826087,0,1.0,0
3084,2024-08-24,0.148148148148,0.024096385542,0.111782477341,0.271028037383,0.007194244604,0.190476190476,0.190476190476,0.898876404494,0.027027027027,0.260869565217,0.016666666667,0.075757575758,2024,0.5,24,0.260869565217,0,1.0,0
3085,2024-08-24,0.123456790123,0.021084337349,0.093655589124,0.224299065421,0.007194244604,0.163265306122,0.190476190476,0.898876404494,0.027027027027,0.260869565217,0.994444444444,0.060606060606,2024,0.5,24,0.173913043478,0,1.0,0
3086,2024-08-24,0.098765432099,0.036144578313,0.099697885196,0.196261682243,0.007194244604,0.183673469388,0.22619047619,0.898876404494,0.027027027027,0.260869565217,0.513888888889,0.060606060606,2024,0.5,24,0.130434782609,0,1.0,0
3087,2024-08-24,0.123456790123,0.05421686747,0.108761329305,0.177570093458,0.021582733813,0.149659863946,0.166666666667,0.876404494382,0.027027027027,0.260869565217,0.772222222222,0.106060606061,2024,0.5,24,0.04347826087,0,1.0,0
3088,2024-08-24,0.148148148148,0.096385542169,0.157099697885,0.18691588785,0.007194244604,0.285714285714,0.380952380952,0.898876404494,0.027027027027,0.260869565217,0.886111111111,0.090909090909,2024,0.5,24,0.0,0,1.0,0
3089,2024-08-24,0.148148148148,0.174698795181,0.232628398792,0.168224299065,0.007194244604,0.176870748299,0.166666666667,0.921348314607,0.054054054054,0.260869565217,0.161111111111,0.136363636364,2024,0.5,24,0.086956521739,0,1.0,0
3090,2024-08-24,0.123456790123,0.08734939759,0.135951661631,0.14953271028,0.035971223022,0.183673469388,0.178571428571,0.85393258427,0.054054054054,0.304347826087,0.077777777778,0.090909090909,2024,0.5,24,0.217391304348,0,1.0,0
3091,2024-08-24,0.123456790123,0.069277108434,0.129909365559,0.18691588785,0.093525179856,0.170068027211,0.190476190476,0.76404494382,0.027027027027,0.391304347826,0.211111111111,0.090909090909,2024,0.5,24,0.521739130435,0,0.99,0
3092,2024-08-24,0.148148148148,0.05421686747,0.132930513595,0.252336448598,0.143884892086,0.210884353741,0.25,0.674157303371,0.054054054054,0.434782608696,0.855555555556,0.121212121212,2024,0.5,24,0.695652173913,0,1.0,0
3093,2024-08-24,0.098765432099,0.018072289157,0.078549848943,0.18691588785,0.294964028777,0.278911564626,0.333333333333,0.640449438202,0.027027027027,0.434782608696,0.119444444444,0.090909090909,2024,0.5,24,0.782608695652,0,0.98,0
3094,2024-08-24,0.098765432099,0.009036144578,0.057401812689,0.14953271028,0.460431654676,0.278911564626,0.357142857143,0.539325842697,0.027027027027,0.521739130435,0.025,0.106060606061,2024,0.5,24,0.913043478261,0,0.93,0
3095,2024-08-24,0.098765432099,0.006024096386,0.045317220544,0.121495327103,0.589928057554,0.272108843537,0.357142857143,0.483146067416,0.027027027027,0.565217391304,0.013888888889,0.151515151515,2024,0.5,24,1.0,0,0.95,0
3096,2024-08-24,0.074074074074,0.006024096386,0.039274924471,0.11214953271,0.58273381295,0.272108843537,0.357142857143,0.426966292135,0.027027027027,0.608695652174,0.069444444444,0.166666666667,2024,0.5,24,0.95652173913,0,0.97,0
3097,2024-08-24,0.074074074074,0.009036144578,0.045317220544,0.11214953271,0.474820143885,0.204081632653,0.285714285714,0.393258426966,0.027027027027,0.652173913043,0.016666666667,0.181818181818,2024,0.5,24,0.869565217391,0,0.97,0
3098,2024-08-24,0.098765432099,0.006024096386,0.054380664653,0.158878504673,0.41726618705,0.170068027211,0.190476190476,0.449438202247,0.027027027027,0.608695652174,0.397222222222,0.242424242424,2024,0.5,24,0.826086956522,0,0.99,0
3099,2024-08-24,0.123456790123,0.015060240964,0.081570996979,0.214953271028,0.273381294964,0.190476190476,0.119047619048,0.494382022472,0.027027027027,0.521739130435,0.247222222222,0.19696969697,2024,0.5,24,0.739130434783,0,1.0,0
3100,2024-08-24,0.148148148148,0.027108433735,0.093655589124,0.214953271028,0.165467625899,0.12925170068,0.130952380952,0.887640449438,0.027027027027,0.304347826087,0.994444444444,0.181818181818,2024,0.5,24,0.652173913043,0,0.99,0
3101,2024-08-24,0.395061728395,0.123493975904,0.250755287009,0.401869158879,0.028776978417,0.142857142857,0.166666666667,0.797752808989,0.054054054054,0.391304347826,0.838888888889,0.075757575758,2024,0.5,24,0.608695652174,0,0.98,0
3102,2024-08-24,0.320987654321,0.096385542169,0.214501510574,0.364485981308,0.014388489209,0.183673469388,0.22619047619,0.842696629213,0.027027027027,0.391304347826,0.361111111111,0.030303030303,2024,0.5,24,0.565217391304,0,0.99,0
3103,2024-08-24,0.222222222222,0.072289156627,0.163141993958,0.280373831776,0.014388489209,0.204081632653,0.261904761905,0.820224719101,0.054054054054,0.347826086957,0.005555555556,0.106060606061,2024,0.5,24,0.478260869565,0,0.98,0
3104,2024-08-24,0.148148148148,0.042168674699,0.105740181269,0.196261682243,0.021582733813,0.224489795918,0.238095238095,0.775280898876,0.027027027027,0.347826086957,0.880555555556,0.121212121212,2024,0.5,24,0.434782608696,0,1.0,0
3105,2024-08-25,0.049382716049,0.009036144578,0.045317220544,0.11214953271,0.071942446043,0.142857142857,0.130952380952,0.707865168539,0.027027027027,0.347826086957,0.844444444444,0.19696969697,2024,0.5,25,0.391304347826,0,1.0,0
3106,2024-08-25,0.049382716049,0.015060240964,0.063444108761,0.14953271028,0.043165467626,0.251700680272,0.214285714286,0.730337078652,0.027027027027,0.347826086957,0.822222222222,0.151515151515,2024,0.5,25,0.347826086957,0,1.0,0
3107,2024-08-25,0.049382716049,0.006024096386,0.039274924471,0.102803738318,0.079136690647,0.258503401361,0.261904761905,0.752808988764,0.027027027027,0.304347826087,0.836111111111,0.136363636364,2024,0.5,25,0.304347826087,0,1.0,0
3108,2024-08-25,0.074074074074,0.021084337349,0.060422960725,0.121495327103,0.05035971223,0.149659863946,0.130952380952,0.786516853933,0.027027027027,0.304347826087,0.9,0.090909090909,2024,0.5,25,0.260869565217,0,1.0,0
3109,2024-08-25,0.074074074074,0.027108433735,0.069486404834,0.140186915888,0.014388489209,0.197278911565,0.154761904762,0.865168539326,0.027027027027,0.260869565217,0.327777777778,0.090909090909,2024,0.5,25,0.173913043478,0,1.0,0
3110,2024-08-25,0.098765432099,0.051204819277,0.093655589124,0.121495327103,0.007194244604,0.210884353741,0.202380952381,0.887640449438,0.054054054054,0.217391304348,0.369444444444,0.060606060606,2024,0.5,25,0.130434782609,0,1.0,0
3111,2024-08-25,0.123456790123,0.078313253012,0.117824773414,0.121495327103,0.007194244604,0.210884353741,0.178571428571,0.910112359551,0.108108108108,0.217391304348,0.408333333333,0.075757575758,2024,0.5,25,0.04347826087,0,1.0,0
3112,2024-08-25,0.123456790123,0.072289156627,0.114803625378,0.130841121495,0.007194244604,0.244897959184,0.22619047619,0.898876404494,0.324324324324,0.260869565217,0.436111111111,0.060606060606,2024,0.5,25,0.0,0,1.0,0
3113,2024-08-25,0.123456790123,0.093373493976,0.132930513595,0.130841121495,0.014388489209,0.258503401361,0.27380952381,0.876404494382,0.405405405405,0.260869565217,0.3,0.106060606061,2024,0.5,25,0.086956521739,0,1.0,0
3114,2024-08-25,0.123456790123,0.075301204819,0.12084592145,0.140186915888,0.05035971223,0.265306122449,0.27380952381,0.820224719101,0.27027027027,0.304347826087,0.283333333333,0.106060606061,2024,0.5,25,0.217391304348,0,1.0,0
3115,2024-08-25,0.098765432099,0.05421686747,0.114803625378,0.18691588785,0.122302158273,0.319727891156,0.357142857143,0.741573033708,0.216216216216,0.347826086957,0.247222222222,0.090909090909,2024,0.5,25,0.521739130435,0,1.0,0
3116,2024-08-25,0.148148148148,0.042168674699,0.129909365559,0.271028037383,0.208633093525,0.408163265306,0.535714285714,0.662921348315,0.189189189189,0.434782608696,0.8,0.090909090909,2024,0.5,25,0.695652173913,0,1.0,0
3117,2024-08-25,0.098765432099,0.012048192771,0.069486404834,0.168224299065,0.424460431655,0.52380952381,0.72619047619,0.550561797753,0.162162162162,0.478260869565,0.069444444444,0.106060606061,2024,0.5,25,0.782608695652,0,1.0,0
3118,2024-08-25,0.074074074074,0.006024096386,0.039274924471,0.102803738318,0.58273381295,0.442176870748,0.619047619048,0.47191011236,0.162162162162,0.565217391304,0.047222222222,0.151515151515,2024,0.5,25,0.913043478261,0,1.0,0
3119,2024-08-25,0.049382716049,0.003012048193,0.02416918429,0.065420560748,0.553956834532,0.360544217687,0.5,0.415730337079,0.081081081081,0.608695652174,0.091666666667,0.151515151515,2024,0.5,25,1.0,0,1.0,0
3120,2024-08-25,0.049382716049,0.003012048193,0.018126888218,0.056074766355,0.568345323741,0.251700680272,0.321428571429,0.359550561798,0.054054054054,0.652173913043,0.05,0.121212121212,2024,0.5,25,0.95652173913,0,1.0,0
3121,2024-08-25,0.049382716049,0.003012048193,0.030211480363,0.084112149533,0.41726618705,0.197278911565,0.27380952381,0.438202247191,0.027027027027,0.608695652174,0.033333333333,0.287878787879,2024,0.5,25,0.869565217391,0,1.0,0
3122,2024-08-25,0.098765432099,0.015060240964,0.069486404834,0.168224299065,0.194244604317,0.265306122449,0.369047619048,0.606741573034,0.054054054054,0.478260869565,0.986111111111,0.212121212121,2024,0.5,25,0.826086956522,0,1.0,0
3123,2024-08-25,0.098765432099,0.015060240964,0.081570996979,0.196261682243,0.172661870504,0.142857142857,0.154761904762,0.584269662921,0.054054054054,0.478260869565,0.333333333333,0.136363636364,2024,0.5,25,0.739130434783,0,1.0,0
3124,2024-08-25,0.123456790123,0.006024096386,0.069486404834,0.18691588785,0.172661870504,0.142857142857,0.119047619048,0.674157303371,0.054054054054,0.434782608696,0.455555555556,0.166666666667,2024,0.5,25,0.652173913043,0,0.99,0
3125,2024-08-25,0.074074074074,0.009036144578,0.063444108761,0.168224299065,0.107913669065,0.149659863946,0.166666666667,0.651685393258,0.027027027027,0.434782608696,0.047222222222,0.166666666667,2024,0.5,25,0.608695652174,0,0.97,0
3126,2024-08-25,0.074074074074,0.012048192771,0.045317220544,0.102803738318,0.079136690647,0.12925170068,0.130952380952,0.696629213483,0.027027027027,0.391304347826,0.986111111111,0.212121212121,2024,0.5,25,0.565217391304,0,1.0,0
3127,2024-08-25,0.074074074074,0.009036144578,0.054380664653,0.140186915888,0.064748201439,0.136054421769,0.107142857143,0.685393258427,0.027027027027,0.391304347826,0.983333333333,0.166666666667,2024,0.5,25,0.478260869565,0,0.99,0
3128,2024-08-25,0.074074074074,0.009036144578,0.054380664653,0.130841121495,0.064748201439,0.142857142857,0.095238095238,0.685393258427,0.027027027027,0.391304347826,0.866666666667,0.181818181818,2024,0.5,25,0.434782608696,0,1.0,0
3129,2024-08-26,0.049382716049,0.012048192771,0.051359516616,0.121495327103,0.035971223022,0.149659863946,0.083333333333,0.685393258427,0.027027027027,0.391304347826,0.833333333333,0.181818181818,2024,0.5,26,0.391304347826,0,1.0,0
3130,2024-08-26,,,,,,0.163265306122,0.130952380952,0.752808988764,,0.304347826087,0.883333333333,0.151515151515,2024,0.5,26,0.347826086957,0,1.0,0
3131,2024-08-26,,,,,,0.190476190476,0.202380952381,0.775280898876,,0.304347826087,0.808333333333,0.151515151515,2024,0.5,26,0.304347826087,0,1.0,0
3132,2024-08-26,,,,,,0.122448979592,0.107142857143,0.797752808989,,0.304347826087,0.875,0.181818181818,2024,0.5,26,0.260869565217,0,1.0,0
3133,2024-08-26,0.049382716049,0.003012048193,0.027190332326,0.07476635514,0.079136690647,0.142857142857,0.142857142857,0.797752808989,0.054054054054,0.304347826087,0.911111111111,0.151515151515,2024,0.5,26,0.173913043478,0,1.0,0
3134,2024-08-26,0.049382716049,0.003012048193,0.021148036254,0.046728971963,0.093525179856,0.149659863946,0.190476190476,0.797752808989,0.054054054054,0.304347826087,0.936111111111,0.075757575758,2024,0.5,26,0.130434782609,0,1.0,0
3135,2024-08-26,0.049382716049,0.018072289157,0.054380664653,0.11214953271,0.043165467626,0.095238095238,0.083333333333,0.797752808989,0.054054054054,0.260869565217,0.952777777778,0.106060606061,2024,0.5,26,0.04347826087,0,1.0,0
3136,2024-08-26,0.148148148148,0.111445783133,0.16918429003,0.177570093458,0.007194244604,0.122448979592,0.107142857143,0.820224719101,0.081081081081,0.260869565217,0.85,0.090909090909,2024,0.5,26,0.0,0,0.96,0
3137,2024-08-26,0.246913580247,0.295180722892,0.356495468278,0.18691588785,0.014388489209,0.204081632653,0.190476190476,0.831460674157,0.108108108108,0.260869565217,0.2,0.106060606061,2024,0.5,26,0.086956521739,0,0.75,0
3138,2024-08-26,0.172839506173,0.171686746988,0.229607250755,0.177570093458,0.035971223022,0.272108843537,0.190476190476,0.775280898876,0.081081081081,0.304347826087,0.227777777778,0.151515151515,2024,0.5,26,0.217391304348,0,0.94,0
3139,2024-08-26,0.172839506173,0.093373493976,0.172205438066,0.242990654206,0.086330935252,0.224489795918,0.154761904762,0.685393258427,0.054054054054,0.391304347826,0.241666666667,0.090909090909,2024,0.5,26,0.521739130435,0,0.96,0
3140,2024-08-26,0.148148148148,0.066265060241,0.151057401813,0.261682242991,0.165467625899,0.272108843537,0.261904761905,0.584269662921,0.054054054054,0.478260869565,0.066666666667,0.121212121212,2024,0.5,26,0.695652173913,0,0.98,0
3141,2024-08-26,0.098765432099,0.027108433735,0.084592145015,0.177570093458,0.302158273381,0.238095238095,0.22619047619,0.494382022472,0.027027027027,0.521739130435,0.116666666667,0.151515151515,2024,0.5,26,0.782608695652,0,0.87,0
3142,2024-08-26,0.049382716049,0.009036144578,0.039274924471,0.084112149533,0.381294964029,0.231292517007,0.25,0.426966292135,0.027027027027,0.565217391304,0.141666666667,0.151515151515,2024,0.5,26,0.913043478261,0,0.95,0
3143,2024-08-26,0.049382716049,0.009036144578,0.036253776435,0.084112149533,0.431654676259,0.190476190476,0.202380952381,0.393258426966,0.027027027027,0.608695652174,0.011111111111,0.151515151515,2024,0.5,26,1.0,0,0.87,0
3144,2024-08-26,0.049382716049,0.012048192771,0.045317220544,0.102803738318,0.402877697842,0.156462585034,0.166666666667,0.348314606742,0.027027027027,0.652173913043,0.047222222222,0.19696969697,2024,0.5,26,0.95652173913,0,0.93,0
3145,2024-08-26,0.074074074074,0.018072289157,0.057401812689,0.121495327103,0.287769784173,0.102040816327,0.02380952381,0.325842696629,0.027027027027,0.695652173913,0.963888888889,0.19696969697,2024,0.5,26,0.869565217391,0,0.92,0
3146,2024-08-26,0.123456790123,0.039156626506,0.102719033233,0.196261682243,0.208633093525,0.136054421769,0.107142857143,0.337078651685,0.027027027027,0.652173913043,0.966666666667,0.166666666667,2024,0.5,26,0.826086956522,0,0.94,0
3147,2024-08-26,0.098765432099,0.027108433735,0.078549848943,0.14953271028,0.215827338129,0.108843537415,0.095238095238,0.370786516854,0.027027027027,0.652173913043,0.972222222222,0.257575757576,2024,0.5,26,0.739130434783,0,0.97,0
3148,2024-08-26,0.049382716049,0.036144578313,0.081570996979,0.140186915888,0.136690647482,0.176870748299,0.095238095238,0.516853932584,0.027027027027,0.565217391304,0.05,0.287878787879,2024,0.5,26,0.652173913043,0,0.97,0
3149,2024-08-26,0.049382716049,0.009036144578,0.042296072508,0.102803738318,0.136690647482,0.170068027211,0.02380952381,0.52808988764,0.027027027027,0.478260869565,0.038888888889,0.30303030303,2024,0.5,26,0.608695652174,0,0.91,0
3150,2024-08-26,0.049382716049,0.012048192771,0.042296072508,0.093457943925,0.10071942446,0.12925170068,0.071428571429,0.573033707865,0.027027027027,0.478260869565,0.038888888889,0.257575757576,2024,0.5,26,0.565217391304,0,0.98,0
3151,2024-08-26,0.074074074074,0.021084337349,0.057401812689,0.121495327103,0.057553956835,0.102040816327,0.083333333333,0.606741573034,0.027027027027,0.434782608696,0.961111111111,0.19696969697,2024,0.5,26,0.478260869565,0,1.0,0
3152,2024-08-26,0.074074074074,0.015060240964,0.057401812689,0.130841121495,0.043165467626,0.149659863946,0.130952380952,0.651685393258,0.027027027027,0.391304347826,0.863888888889,0.181818181818,2024,0.5,26,0.434782608696,0,0.99,0
3153,2024-08-27,0.024691358025,0.006024096386,0.039274924471,0.093457943925,0.086330935252,0.122448979592,0.119047619048,0.719101123596,0.0,0.347826086957,0.969444444444,0.166666666667,2024,0.5,27,0.391304347826,0,1.0,0
3154,2024-08-27,0.024691358025,0.006024096386,0.039274924471,0.102803738318,0.05035971223,0.102040816327,0.035714285714,0.730337078652,0.027027027027,0.347826086957,0.863888888889,0.242424242424,2024,0.5,27,0.347826086957,0,1.0,0
3155,2024-08-27,0.024691358025,0.006024096386,0.030211480363,0.084112149533,0.057553956835,0.251700680272,0.202380952381,0.775280898876,0.027027027027,0.304347826087,0.85,0.19696969697,2024,0.5,27,0.304347826087,0,1.0,0
3156,2024-08-27,0.024691358025,0.003012048193,0.018126888218,0.046728971963,0.079136690647,0.136054421769,0.119047619048,0.786516853933,0.054054054054,0.304347826087,0.880555555556,0.181818181818,2024,0.5,27,0.260869565217,0,1.0,0
3157,2024-08-27,0.024691358025,0.003012048193,0.015105740181,0.03738317757,0.086330935252,0.136054421769,0.107142857143,0.76404494382,0.054054054054,0.304347826087,0.861111111111,0.136363636364,2024,0.5,27,0.173913043478,0,1.0,0
3158,2024-08-27,0.024691358025,0.006024096386,0.021148036254,0.046728971963,0.079136690647,0.149659863946,0.178571428571,0.76404494382,0.027027027027,0.304347826087,0.869444444444,0.075757575758,2024,0.5,27,0.130434782609,0,1.0,0
3159,2024-08-27,0.049382716049,0.021084337349,0.057401812689,0.11214953271,0.028776978417,0.08843537415,0.059523809524,0.775280898876,0.054054054054,0.304347826087,0.086111111111,0.090909090909,2024,0.5,27,0.04347826087,0,1.0,0
3160,2024-08-27,0.074074074074,0.057228915663,0.102719033233,0.140186915888,0.007194244604,0.149659863946,0.154761904762,0.808988764045,0.054054054054,0.260869565217,0.075,0.075757575758,2024,0.5,27,0.0,0,0.94,0
3161,2024-08-27,0.172839506173,0.228915662651,0.29003021148,0.177570093458,0.014388489209,0.108843537415,0.095238095238,0.808988764045,0.081081081081,0.260869565217,0.261111111111,0.136363636364,2024,0.5,27,0.086956521739,0,0.87,0
3162,2024-08-27,0.246913580247,0.222891566265,0.29003021148,0.205607476636,0.021582733813,0.244897959184,0.154761904762,0.786516853933,0.081081081081,0.304347826087,0.147222222222,0.121212121212,2024,0.5,27,0.217391304348,0,0.9,0
3163,2024-08-27,0.148148148148,0.075301204819,0.132930513595,0.168224299065,0.107913669065,0.30612244898,0.202380952381,0.651685393258,0.135135135135,0.391304347826,0.813888888889,0.151515151515,2024,0.5,27,0.521739130435,0,0.89,0
3164,2024-08-27,0.098765432099,0.039156626506,0.087613293051,0.158878504673,0.201438848921,0.251700680272,0.25,0.595505617978,0.108108108108,0.434782608696,0.819444444444,0.151515151515,2024,0.5,27,0.695652173913,0,0.98,0
3165,2024-08-27,0.123456790123,0.024096385542,0.090634441088,0.196261682243,0.31654676259,0.190476190476,0.178571428571,0.516853932584,0.054054054054,0.521739130435,0.05,0.121212121212,2024,0.5,27,0.782608695652,0,0.97,0
3166,2024-08-27,,,,,,0.278911564626,0.285714285714,0.426966292135,,0.565217391304,0.066666666667,0.151515151515,2024,0.5,27,0.913043478261,0,0.94,0
3167,2024-08-27,,,,,,,,0.415730337079,,0.608695652174,0.977777777778,0.166666666667,2024,0.5,27,1.0,0,0.87,0
3168,2024-08-27,,,,,,,,0.415730337079,,0.608695652174,0.916666666667,0.151515151515,2024,0.5,27,0.95652173913,0,0.95,0
3169,2024-09-01,0.222222222222,0.018072289157,0.090634441088,0.224299065421,0.028776978417,0.081632653061,0.119047619048,0.898876404494,0.027027027027,0.347826086957,0.775,0.121212121212,2024,0.6,1,0.391304347826,0,1.0,0
3170,2024-09-01,,,,,,0.142857142857,0.166666666667,0.85393258427,,0.304347826087,0.352777777778,0.045454545455,2024,0.6,1,0.347826086957,0,1.0,0
3171,2024-09-01,,,,,,0.061224489796,0.047619047619,0.910112359551,,0.304347826087,0.430555555556,0.090909090909,2024,0.6,1,0.304347826087,0,1.0,0
3172,2024-09-01,,,,,,0.12925170068,0.202380952381,0.910112359551,,0.304347826087,0.363888888889,0.090909090909,2024,0.6,1,0.260869565217,0,1.0,0
3173,2024-09-01,0.246913580247,0.015060240964,0.102719033233,0.271028037383,0.043165467626,0.176870748299,0.261904761905,0.921348314607,0.027027027027,0.260869565217,0.338888888889,0.075757575758,2024,0.6,1,0.173913043478,0,1.0,0
3174,2024-09-01,0.246913580247,0.021084337349,0.117824773414,0.299065420561,0.014388489209,0.095238095238,0.083333333333,0.910112359551,0.027027027027,0.260869565217,0.422222222222,0.075757575758,2024,0.6,1,0.130434782609,0,1.0,0
3175,2024-09-01,0.222222222222,0.021084337349,0.087613293051,0.205607476636,0.035971223022,0.122448979592,0.166666666667,0.921348314607,0.027027027027,0.260869565217,0.422222222222,0.090909090909,2024,0.6,1,0.04347826087,0,1.0,0
3176,2024-09-01,0.271604938272,0.078313253012,0.160120845921,0.252336448598,0.007194244604,0.122448979592,0.166666666667,0.921348314607,0.027027027027,0.260869565217,0.294444444444,0.045454545455,2024,0.6,1,0.0,0,1.0,0
3177,2024-09-01,0.271604938272,0.123493975904,0.208459214502,0.261682242991,0.021582733813,0.176870748299,0.22619047619,0.898876404494,0.054054054054,0.304347826087,0.113888888889,0.106060606061,2024,0.6,1,0.086956521739,0,1.0,0
3178,2024-09-01,0.222222222222,0.075301204819,0.157099697885,0.242990654206,0.086330935252,0.197278911565,0.238095238095,0.831460674157,0.081081081081,0.347826086957,0.122222222222,0.075757575758,2024,0.6,1,0.217391304348,0,1.0,0
3179,2024-09-01,0.246913580247,0.060240963855,0.141993957704,0.252336448598,0.129496402878,0.149659863946,0.214285714286,0.741573033708,0.054054054054,0.391304347826,0.930555555556,0.090909090909,2024,0.6,1,0.521739130435,0,1.0,0
3180,2024-09-01,0.222222222222,0.03313253012,0.102719033233,0.214953271028,0.208633093525,0.197278911565,0.27380952381,0.674157303371,0.027027027027,0.434782608696,0.005555555556,0.121212121212,2024,0.6,1,0.695652173913,0,1.0,0
3181,2024-09-01,0.172839506173,0.015060240964,0.069486404834,0.168224299065,0.388489208633,0.265306122449,0.404761904762,0.539325842697,0.027027027027,0.521739130435,0.127777777778,0.121212121212,2024,0.6,1,0.782608695652,0,1.0,0
3182,2024-09-01,0.172839506173,0.006024096386,0.054380664653,0.14953271028,0.58273381295,0.224489795918,0.357142857143,0.505617977528,0.027027027027,0.565217391304,0.019444444444,0.166666666667,2024,0.6,1,0.913043478261,0,1.0,0
3183,2024-09-01,0.148148148148,0.003012048193,0.030211480363,0.084112149533,0.654676258993,0.238095238095,0.357142857143,0.449438202247,0.027027027027,0.652173913043,0.086111111111,0.166666666667,2024,0.6,1,1.0,0,0.99,0
3184,2024-09-01,0.123456790123,0.006024096386,0.02416918429,0.056074766355,0.453237410072,0.204081632653,0.27380952381,0.449438202247,0.027027027027,0.652173913043,0.119444444444,0.166666666667,2024,0.6,1,0.95652173913,0,1.0,0
3185,2024-09-01,0.148148148148,0.006024096386,0.039274924471,0.102803738318,0.482014388489,0.074829931973,0.083333333333,0.449438202247,0.027027027027,0.652173913043,0.055555555556,0.136363636364,2024,0.6,1,0.869565217391,0,1.0,0
3186,2024-09-01,0.123456790123,0.006024096386,0.033232628399,0.084112149533,0.41726618705,0.136054421769,0.178571428571,0.426966292135,0.027027027027,0.652173913043,0.122222222222,0.151515151515,2024,0.6,1,0.826086956522,0,1.0,0
3187,2024-09-01,0.123456790123,0.009036144578,0.036253776435,0.084112149533,0.345323741007,0.12925170068,0.178571428571,0.438202247191,0.027027027027,0.652173913043,0.075,0.166666666667,2024,0.6,1,0.739130434783,0,0.98,0
3188,2024-09-01,0.172839506173,0.018072289157,0.063444108761,0.14953271028,0.179856115108,0.136054421769,0.22619047619,0.865168539326,0.027027027027,0.391304347826,0.011111111111,0.151515151515,2024,0.6,1,0.652173913043,0,0.97,0
3189,2024-09-01,0.222222222222,0.021084337349,0.07250755287,0.168224299065,0.079136690647,0.095238095238,0.107142857143,0.910112359551,0.027027027027,0.347826086957,0.983333333333,0.181818181818,2024,0.6,1,0.608695652174,0,0.97,0
3190,2024-09-01,0.222222222222,0.012048192771,0.069486404834,0.177570093458,0.122302158273,0.081632653061,0.107142857143,0.898876404494,0.027027027027,0.347826086957,0.625,0.166666666667,2024,0.6,1,0.565217391304,0,0.88,0
3191,2024-09-01,0.197530864198,0.012048192771,0.069486404834,0.177570093458,0.143884892086,0.115646258503,0.130952380952,0.910112359551,0.027027027027,0.304347826087,0.791666666667,0.090909090909,2024,0.6,1,0.478260869565,0,0.96,0
3192,2024-09-01,0.197530864198,0.012048192771,0.075528700906,0.196261682243,0.10071942446,0.068027210884,0.095238095238,0.887640449438,0.027027027027,0.304347826087,0.841666666667,0.136363636364,2024,0.6,1,0.434782608696,0,0.99,0
3193,2024-09-02,0.246913580247,0.05421686747,0.141993957704,0.271028037383,0.007194244604,0.258503401361,0.261904761905,0.820224719101,0.054054054054,0.347826086957,0.844444444444,0.151515151515,2024,0.6,2,0.391304347826,0,1.0,0
3194,2024-09-02,0.172839506173,0.009036144578,0.075528700906,0.214953271028,0.043165467626,0.190476190476,0.25,0.898876404494,0.027027027027,0.304347826087,0.827777777778,0.121212121212,2024,0.6,2,0.347826086957,0,1.0,0
3195,2024-09-02,0.148148148148,0.009036144578,0.060422960725,0.158878504673,0.028776978417,0.102040816327,0.166666666667,0.943820224719,0.027027027027,0.304347826087,0.85,0.090909090909,2024,0.6,2,0.304347826087,0,1.0,0
3196,2024-09-02,0.123456790123,0.003012048193,0.027190332326,0.07476635514,0.093525179856,0.108843537415,0.095238095238,0.977528089888,0.027027027027,0.260869565217,0.969444444444,0.121212121212,2024,0.6,2,0.260869565217,0,1.0,0
3197,2024-09-02,0.123456790123,0.0,0.006042296073,0.018691588785,0.115107913669,0.122448979592,0.166666666667,1.0,0.027027027027,0.260869565217,0.927777777778,0.060606060606,2024,0.6,2,0.173913043478,0,1.0,0
3198,2024-09-02,0.148148148148,0.009036144578,0.027190332326,0.056074766355,0.10071942446,0.102040816327,0.119047619048,0.988764044944,0.0,0.260869565217,0.875,0.075757575758,2024,0.6,2,0.130434782609,0,1.0,0
3199,2024-09-02,0.197530864198,0.045180722892,0.090634441088,0.140186915888,0.043165467626,0.068027210884,0.095238095238,0.966292134831,0.027027027027,0.260869565217,0.755555555556,0.106060606061,2024,0.6,2,0.04347826087,0,1.0,0
3200,2024-09-02,0.222222222222,0.063253012048,0.117824773414,0.158878504673,0.014388489209,0.149659863946,0.22619047619,0.955056179775,0.054054054054,0.304347826087,0.788888888889,0.106060606061,2024,0.6,2,0.0,0,0.93,0
3201,2024-09-02,0.296296296296,0.111445783133,0.16918429003,0.177570093458,0.014388489209,0.108843537415,0.142857142857,0.943820224719,0.054054054054,0.304347826087,0.822222222222,0.075757575758,2024,0.6,2,0.086956521739,0,0.9,0
3202,2024-09-02,0.271604938272,0.093373493976,0.154078549849,0.18691588785,0.035971223022,0.156462585034,0.202380952381,0.887640449438,0.054054054054,0.347826086957,0.633333333333,0.060606060606,2024,0.6,2,0.217391304348,0,0.93,0
3203,2024-09-02,0.222222222222,0.078313253012,0.138972809668,0.18691588785,0.086330935252,0.149659863946,0.202380952381,0.797752808989,0.054054054054,0.391304347826,0.411111111111,0.075757575758,2024,0.6,2,0.521739130435,0,0.88,0
3204,2024-09-02,0.246913580247,0.051204819277,0.126888217523,0.233644859813,0.143884892086,0.170068027211,0.261904761905,0.719101123596,0.027027027027,0.478260869565,0.863888888889,0.090909090909,2024,0.6,2,0.695652173913,0,0.96,0
3205,2024-09-02,0.246913580247,0.039156626506,0.126888217523,0.271028037383,0.244604316547,0.149659863946,0.166666666667,0.640449438202,0.027027027027,0.521739130435,0.916666666667,0.136363636364,2024,0.6,2,0.782608695652,0,0.9,0
3206,2024-09-02,0.197530864198,0.024096385542,0.105740181269,0.261682242991,0.36690647482,0.244897959184,0.357142857143,0.573033707865,0.027027027027,0.565217391304,0.130555555556,0.121212121212,2024,0.6,2,0.913043478261,0,0.9,0
3207,2024-09-02,0.222222222222,0.012048192771,0.084592145015,0.224299065421,0.525179856115,0.176870748299,0.190476190476,0.516853932584,0.027027027027,0.608695652174,0.027777777778,0.121212121212,2024,0.6,2,1.0,0,0.89,0
3208,2024-09-02,0.172839506173,0.006024096386,0.063444108761,0.177570093458,0.647482014388,0.251700680272,0.404761904762,0.460674157303,0.027027027027,0.652173913043,0.108333333333,0.136363636364,2024,0.6,2,0.95652173913,0,0.86,0
3209,2024-09-02,0.148148148148,0.003012048193,0.042296072508,0.121495327103,0.63309352518,0.197278911565,0.25,0.449438202247,0.027027027027,0.652173913043,0.308333333333,0.19696969697,2024,0.6,2,0.869565217391,0,0.73,0
3210,2024-09-02,0.222222222222,0.018072289157,0.087613293051,0.214953271028,0.244604316547,0.108843537415,0.107142857143,0.606741573034,0.054054054054,0.521739130435,0.491666666667,0.181818181818,2024,0.6,2,0.826086956522,0,0.97,0
3211,2024-09-02,0.222222222222,0.027108433735,0.114803625378,0.271028037383,0.129496402878,0.12925170068,0.202380952381,0.629213483146,0.054054054054,0.521739130435,0.036111111111,0.121212121212,2024,0.6,2,0.739130434783,0,0.92,0
3212,2024-09-02,0.296296296296,0.045180722892,0.16918429003,0.383177570093,0.086330935252,0.204081632653,0.285714285714,0.662921348315,0.054054054054,0.478260869565,0.888888888889,0.166666666667,2024,0.6,2,0.652173913043,0,0.91,0
3213,2024-09-02,0.296296296296,0.045180722892,0.178247734139,0.411214953271,0.057553956835,0.204081632653,0.22619047619,0.730337078652,0.054054054054,0.434782608696,0.847222222222,0.19696969697,2024,0.6,2,0.608695652174,0,0.95,0
3214,2024-09-02,0.271604938272,0.030120481928,0.160120845921,0.411214953271,0.057553956835,0.190476190476,0.214285714286,0.741573033708,0.054054054054,0.391304347826,0.838888888889,0.166666666667,2024,0.6,2,0.565217391304,0,1.0,0
3215,2024-09-02,0.296296296296,0.048192771084,0.181268882175,0.411214953271,0.014388489209,0.204081632653,0.25,0.775280898876,0.054054054054,0.391304347826,0.838888888889,0.136363636364,2024,0.6,2,0.478260869565,0,1.0,0
3216,2024-09-02,0.271604938272,0.042168674699,0.154078549849,0.355140186916,0.007194244604,0.251700680272,0.27380952381,0.786516853933,0.054054054054,0.391304347826,0.802777777778,0.181818181818,2024,0.6,2,0.434782608696,0,1.0,0
3217,2024-09-03,,,,,,,,0.831460674157,,0.347826086957,0.816666666667,0.121212121212,2024,0.6,3,0.391304347826,0,1.0,0
3218,2024-09-03,0.222222222222,0.057228915663,0.141993957704,0.261682242991,0.007194244604,0.312925170068,0.309523809524,0.820224719101,0.054054054054,0.347826086957,0.836111111111,0.136363636364,2024,0.6,3,0.347826086957,0,1.0,0
3219,2024-09-03,0.172839506173,0.012048192771,0.075528700906,0.196261682243,0.064748201439,0.224489795918,0.22619047619,0.808988764045,0.081081081081,0.347826086957,0.847222222222,0.121212121212,2024,0.6,3,0.304347826087,0,1.0,0
3220,2024-09-03,0.148148148148,0.006024096386,0.045317220544,0.121495327103,0.079136690647,0.265306122449,0.285714285714,0.831460674157,0.081081081081,0.347826086957,0.8,0.136363636364,2024,0.6,3,0.260869565217,0,1.0,0
3221,2024-09-03,0.148148148148,0.018072289157,0.063444108761,0.140186915888,0.05035971223,0.149659863946,0.178571428571,0.865168539326,0.216216216216,0.347826086957,0.808333333333,0.106060606061,2024,0.6,3,0.173913043478,0,1.0,0
3222,2024-09-03,0.172839506173,0.021084337349,0.069486404834,0.14953271028,0.021582733813,0.244897959184,0.297619047619,0.876404494382,0.324324324324,0.304347826087,0.783333333333,0.090909090909,2024,0.6,3,0.130434782609,0,1.0,0
3223,2024-09-03,0.197530864198,0.039156626506,0.087613293051,0.14953271028,0.021582733813,0.204081632653,0.27380952381,0.865168539326,0.486486486486,0.347826086957,0.755555555556,0.106060606061,2024,0.6,3,0.04347826087,0,0.99,0
3224,2024-09-03,0.222222222222,0.051204819277,0.102719033233,0.168224299065,0.007194244604,0.204081632653,0.285714285714,0.865168539326,0.459459459459,0.347826086957,0.944444444444,0.060606060606,2024,0.6,3,0.0,0,0.91,0
3225,2024-09-03,0.246913580247,0.084337349398,0.138972809668,0.168224299065,0.021582733813,0.272108843537,0.345238095238,0.85393258427,0.405405405405,0.347826086957,0.913888888889,0.045454545455,2024,0.6,3,0.086956521739,0,0.91,0
3226,2024-09-03,0.296296296296,0.090361445783,0.160120845921,0.205607476636,0.035971223022,0.34693877551,0.404761904762,0.820224719101,0.378378378378,0.391304347826,0.844444444444,0.060606060606,2024,0.6,3,0.217391304348,0,0.92,0
3227,2024-09-03,0.271604938272,0.075301204819,0.157099697885,0.252336448598,0.057553956835,0.367346938776,0.464285714286,0.786516853933,0.243243243243,0.391304347826,0.977777777778,0.075757575758,2024,0.6,3,0.521739130435,0,0.95,0
3228,2024-09-03,0.320987654321,0.078313253012,0.19335347432,0.355140186916,0.115107913669,0.394557823129,0.511904761905,0.730337078652,0.135135135135,0.478260869565,0.936111111111,0.106060606061,2024,0.6,3,0.695652173913,0,0.9,0
3229,2024-09-03,0.271604938272,0.030120481928,0.135951661631,0.327102803738,0.345323741007,0.442176870748,0.559523809524,0.606741573034,0.081081081081,0.521739130435,0.011111111111,0.121212121212,2024,0.6,3,0.782608695652,0,0.91,0
3230,2024-09-03,0.222222222222,0.009036144578,0.075528700906,0.214953271028,0.625899280576,0.43537414966,0.642857142857,0.505617977528,0.054054054054,0.608695652174,0.969444444444,0.136363636364,2024,0.6,3,0.913043478261,0,0.97,0
3231,2024-09-03,0.172839506173,0.003012048193,0.039274924471,0.11214953271,0.784172661871,0.496598639456,0.75,0.426966292135,0.054054054054,0.652173913043,0.088888888889,0.151515151515,2024,0.6,3,1.0,0,0.94,0
3232,2024-09-03,0.123456790123,0.0,0.018126888218,0.056074766355,0.690647482014,0.340136054422,0.452380952381,0.393258426966,0.027027027027,0.695652173913,0.275,0.212121212121,2024,0.6,3,0.95652173913,0,0.96,0
3233,2024-09-03,0.123456790123,0.003012048193,0.015105740181,0.046728971963,0.597122302158,0.231292517007,0.238095238095,0.393258426966,0.054054054054,0.695652173913,0.288888888889,0.151515151515,2024,0.6,3,0.869565217391,0,0.89,0
3234,2024-09-03,0.197530864198,0.003012048193,0.057401812689,0.168224299065,0.424460431655,0.149659863946,0.119047619048,0.516853932584,0.054054054054,0.608695652174,0.4,0.242424242424,2024,0.6,3,0.826086956522,0,0.91,0
3235,2024-09-03,0.246913580247,0.009036144578,0.090634441088,0.261682242991,0.338129496403,0.21768707483,0.285714285714,0.640449438202,0.054054054054,0.521739130435,0.663888888889,0.181818181818,2024,0.6,3,0.739130434783,0,0.93,0
3236,2024-09-03,,,,,,0.231292517007,0.309523809524,0.808988764045,,0.391304347826,0.786111111111,0.30303030303,2024,0.6,3,0.652173913043,0,0.93,0
3237,2024-09-03,0.320987654321,0.024096385542,0.141993957704,,,,,0.876404494382,0.027027027027,0.347826086957,0.797222222222,0.166666666667,2024,0.6,3,0.608695652174,0,0.99,0
3238,2024-09-03,0.37037037037,0.027108433735,0.157099697885,,,,,0.85393258427,0.027027027027,0.347826086957,0.594444444444,0.166666666667,2024,0.6,3,0.565217391304,0,1.0,0
3239,2024-09-03,0.246913580247,0.012048192771,0.090634441088,,,,,0.842696629213,0.027027027027,0.347826086957,0.661111111111,0.181818181818,2024,0.6,3,0.478260869565,0,1.0,0
3240,2024-09-03,0.246913580247,0.018072289157,0.105740181269,,,,,0.831460674157,0.027027027027,0.304347826087,0.755555555556,0.136363636364,2024,0.6,3,0.434782608696,0,1.0,0
3241,2024-09-04,0.148148148148,0.018072289157,0.07250755287,0.168224299065,0.021582733813,0.149659863946,0.130952380952,0.741573033708,0.027027027027,0.391304347826,0.863888888889,0.166666666667,2024,0.6,4,0.391304347826,0,1.0,0
3242,2024-09-04,,,,,,,,0.842696629213,,0.347826086957,0.625,0.106060606061,2024,0.6,4,0.347826086957,0,1.0,0
3243,2024-09-04,,,,,,,,0.842696629213,,0.304347826087,0.619444444444,0.075757575758,2024,0.6,4,0.304347826087,0,1.0,0
3244,2024-09-08,0.148148148148,0.012048192771,0.027190332326,0.046728971963,0.323741007194,0.12925170068,0.154761904762,0.61797752809,0.027027027027,0.304347826087,0.819444444444,0.166666666667,2024,0.6,8,0.782608695652,0,1.0,0
3245,2024-09-08,0.148148148148,0.012048192771,0.033232628399,0.065420560748,0.330935251799,0.108843537415,0.083333333333,0.595505617978,0.027027027027,0.347826086957,0.902777777778,0.181818181818,2024,0.6,8,0.913043478261,0,1.0,0
3246,2024-09-08,0.148148148148,0.015060240964,0.045317220544,0.093457943925,0.31654676259,0.122448979592,0.119047619048,0.573033707865,0.027027027027,0.391304347826,0.925,0.19696969697,2024,0.6,8,1.0,0,1.0,0
3247,2024-09-08,0.172839506173,0.012048192771,0.036253776435,0.084112149533,0.36690647482,0.149659863946,0.178571428571,0.539325842697,0.027027027027,0.434782608696,0.894444444444,0.166666666667,2024,0.6,8,0.95652173913,0,1.0,0
3248,2024-09-08,0.148148148148,0.009036144578,0.027190332326,0.056074766355,0.41726618705,0.156462585034,0.190476190476,0.505617977528,0.027027027027,0.478260869565,0.841666666667,0.181818181818,2024,0.6,8,0.869565217391,0,1.0,0
3249,2024-09-08,0.148148148148,0.006024096386,0.027190332326,0.065420560748,0.424460431655,0.142857142857,0.166666666667,0.505617977528,0.027027027027,0.478260869565,0.841666666667,0.136363636364,2024,0.6,8,0.826086956522,0,1.0,0
3250,2024-09-08,0.148148148148,0.006024096386,0.036253776435,0.093457943925,0.374100719424,0.136054421769,0.166666666667,0.52808988764,0.027027027027,0.478260869565,0.863888888889,0.136363636364,2024,0.6,8,0.739130434783,0,1.0,0
3251,2024-09-08,0.148148148148,0.006024096386,0.045317220544,0.121495327103,0.302158273381,0.136054421769,0.130952380952,0.52808988764,0.027027027027,0.478260869565,0.883333333333,0.136363636364,2024,0.6,8,0.652173913043,0,1.0,0
3252,2024-09-08,0.123456790123,0.003012048193,0.033232628399,0.093457943925,0.251798561151,0.156462585034,0.178571428571,0.516853932584,0.027027027027,0.434782608696,0.05,0.151515151515,2024,0.6,8,0.608695652174,0,1.0,0
3253,2024-09-08,0.123456790123,0.003012048193,0.042296072508,0.121495327103,0.158273381295,0.095238095238,0.071428571429,0.606741573034,0.027027027027,0.391304347826,0.061111111111,0.242424242424,2024,0.6,8,0.565217391304,0,1.0,0
3254,2024-09-08,0.123456790123,0.003012048193,0.039274924471,0.102803738318,0.151079136691,0.12925170068,0.130952380952,0.696629213483,0.027027027027,0.304347826087,0.047222222222,0.19696969697,2024,0.6,8,0.478260869565,0,1.0,0
3255,2024-09-08,0.148148148148,0.006024096386,0.04833836858,0.130841121495,0.129496402878,0.08843537415,0.047619047619,0.696629213483,0.027027027027,0.260869565217,0.9,0.151515151515,2024,0.6,8,0.434782608696,0,1.0,0
3256,2024-09-09,0.345679012346,0.066265060241,0.184290030211,0.364485981308,0.014388489209,0.462585034014,0.488095238095,0.685393258427,0.054054054054,0.391304347826,0.983333333333,0.045454545455,2024,0.6,9,0.391304347826,0,1.0,0
3257,2024-09-09,0.123456790123,0.006024096386,0.036253776435,0.102803738318,0.143884892086,0.122448979592,0.142857142857,0.696629213483,0.027027027027,0.260869565217,0.816666666667,0.166666666667,2024,0.6,9,0.347826086957,0,1.0,0
3258,2024-09-09,0.123456790123,0.003012048193,0.018126888218,0.046728971963,0.187050359712,0.108843537415,0.083333333333,0.719101123596,0.081081081081,0.217391304348,0.85,0.166666666667,2024,0.6,9,0.304347826087,0,1.0,0
3259,2024-09-09,0.123456790123,0.003012048193,0.027190332326,0.07476635514,0.158273381295,0.102040816327,0.083333333333,0.752808988764,0.135135135135,0.217391304348,0.891666666667,0.121212121212,2024,0.6,9,0.260869565217,0,1.0,0
3260,2024-09-09,0.148148148148,0.009036144578,0.066465256798,0.18691588785,0.079136690647,0.183673469388,0.261904761905,0.775280898876,0.378378378378,0.217391304348,0.841666666667,0.106060606061,2024,0.6,9,0.173913043478,0,1.0,0
3261,2024-09-09,0.172839506173,0.012048192771,0.081570996979,0.214953271028,0.043165467626,0.183673469388,0.214285714286,0.797752808989,0.432432432432,0.173913043478,0.886111111111,0.090909090909,2024,0.6,9,0.130434782609,0,1.0,0
3262,2024-09-09,0.222222222222,0.078313253012,0.16918429003,0.280373831776,0.007194244604,0.190476190476,0.238095238095,0.808988764045,0.27027027027,0.173913043478,0.141666666667,0.060606060606,2024,0.6,9,0.04347826087,0,1.0,0
3263,2024-09-09,0.222222222222,0.081325301205,0.154078549849,0.224299065421,0.007194244604,0.210884353741,0.22619047619,0.820224719101,0.108108108108,0.173913043478,0.075,0.090909090909,2024,0.6,9,0.0,0,0.95,0
3264,2024-09-09,0.246913580247,0.105421686747,0.172205438066,0.214953271028,0.021582733813,0.204081632653,0.202380952381,0.808988764045,0.081081081081,0.217391304348,0.088888888889,0.060606060606,2024,0.6,9,0.086956521739,0,0.83,0
3265,2024-09-09,0.320987654321,0.153614457831,0.2416918429,0.261682242991,0.028776978417,0.224489795918,0.190476190476,0.775280898876,0.135135135135,0.217391304348,0.019444444444,0.045454545455,2024,0.6,9,0.217391304348,0,0.93,0
3266,2024-09-09,0.296296296296,0.123493975904,0.226586102719,0.317757009346,0.057553956835,0.299319727891,0.333333333333,0.719101123596,0.216216216216,0.304347826087,0.052777777778,0.090909090909,2024,0.6,9,0.521739130435,0,0.97,0
3267,2024-09-09,0.271604938272,0.081325301205,0.187311178248,0.336448598131,0.115107913669,0.312925170068,0.357142857143,0.674157303371,0.135135135135,0.304347826087,0.336111111111,0.075757575758,2024,0.6,9,0.695652173913,0,0.97,0
3268,2024-09-09,0.246913580247,0.051204819277,0.154078549849,0.317757009346,0.215827338129,0.312925170068,0.297619047619,0.606741573034,0.108108108108,0.391304347826,0.122222222222,0.121212121212,2024,0.6,9,0.782608695652,0,0.99,0
3269,2024-09-09,0.197530864198,0.027108433735,0.108761329305,0.252336448598,0.31654676259,0.34693877551,0.392857142857,0.561797752809,0.054054054054,0.434782608696,0.2,0.166666666667,2024,0.6,9,0.913043478261,0,0.97,0
3270,2024-09-09,0.148148148148,0.009036144578,0.057401812689,0.14953271028,0.330935251799,0.380952380952,0.452380952381,0.561797752809,0.054054054054,0.434782608696,0.244444444444,0.136363636364,2024,0.6,9,1.0,0,0.94,0
3271,2024-09-09,0.148148148148,0.012048192771,0.066465256798,0.177570093458,0.381294964029,0.204081632653,0.25,0.550561797753,0.054054054054,0.478260869565,0.25,0.090909090909,2024,0.6,9,0.95652173913,0,0.95,0
3272,2024-09-09,0.172839506173,0.006024096386,0.07250755287,0.205607476636,0.388489208633,0.299319727891,0.380952380952,0.550561797753,0.054054054054,0.478260869565,0.219444444444,0.121212121212,2024,0.6,9,0.869565217391,0,0.96,0
3273,2024-09-09,0.197530864198,0.009036144578,0.093655589124,0.261682242991,0.381294964029,0.299319727891,0.345238095238,0.539325842697,0.054054054054,0.478260869565,0.227777777778,0.060606060606,2024,0.6,9,0.826086956522,0,0.98,0
3274,2024-09-09,0.246913580247,0.009036144578,0.12084592145,0.345794392523,0.359712230216,0.292517006803,0.369047619048,0.539325842697,0.054054054054,0.521739130435,0.419444444444,0.060606060606,2024,0.6,9,0.739130434783,0,0.95,0
3275,2024-09-09,0.320987654321,0.006024096386,0.160120845921,0.476635514019,0.273381294964,0.319727891156,0.333333333333,0.550561797753,0.054054054054,0.478260869565,0.422222222222,0.060606060606,2024,0.6,9,0.652173913043,0,0.96,0
3276,2024-09-09,0.395061728395,0.003012048193,0.184290030211,0.560747663551,0.244604316547,0.380952380952,0.452380952381,0.595505617978,0.054054054054,0.478260869565,0.469444444444,0.121212121212,2024,0.6,9,0.608695652174,0,0.99,0
3277,2024-09-09,0.395061728395,0.006024096386,0.175226586103,0.523364485981,0.187050359712,0.442176870748,0.488095238095,0.629213483146,0.054054054054,0.434782608696,0.466666666667,0.106060606061,2024,0.6,9,0.565217391304,0,1.0,0
3278,2024-09-09,0.444444444444,0.027108433735,0.226586102719,0.616822429907,0.064748201439,0.462585034014,0.547619047619,0.640449438202,0.054054054054,0.434782608696,0.452777777778,0.090909090909,2024,0.6,9,0.478260869565,0,1.0,0
3279,2024-09-09,0.493827160494,0.096385542169,0.296072507553,0.616822429907,0.014388489209,0.428571428571,0.464285714286,0.674157303371,0.054054054054,0.391304347826,0.080555555556,0.060606060606,2024,0.6,9,0.434782608696,0,1.0,0
3280,2024-09-10,0.246913580247,0.042168674699,0.132930513595,0.271028037383,0.007194244604,0.149659863946,0.130952380952,0.898876404494,0.054054054054,0.347826086957,0.85,0.121212121212,2024,0.6,10,0.391304347826,0,1.0,0
3281,2024-09-10,0.172839506173,0.021084337349,0.090634441088,0.214953271028,0.028776978417,0.333333333333,0.22619047619,0.719101123596,0.027027027027,0.391304347826,0.880555555556,0.121212121212,2024,0.6,10,0.347826086957,0,1.0,0
3282,2024-09-10,0.123456790123,0.006024096386,0.051359516616,0.140186915888,0.064748201439,0.238095238095,0.214285714286,0.730337078652,0.027027027027,0.391304347826,0.858333333333,0.151515151515,2024,0.6,10,0.304347826087,0,1.0,0
3283,2024-09-10,0.123456790123,0.009036144578,0.060422960725,0.158878504673,0.05035971223,0.163265306122,0.142857142857,0.741573033708,0.054054054054,0.347826086957,0.852777777778,0.151515151515,2024,0.6,10,0.260869565217,0,1.0,0
3284,2024-09-10,0.123456790123,0.006024096386,0.042296072508,0.11214953271,0.079136690647,0.170068027211,0.095238095238,0.76404494382,0.054054054054,0.347826086957,0.844444444444,0.136363636364,2024,0.6,10,0.173913043478,0,1.0,0
3285,2024-09-10,0.172839506173,0.021084337349,0.075528700906,0.168224299065,0.035971223022,0.136054421769,0.130952380952,0.775280898876,0.135135135135,0.347826086957,0.838888888889,0.090909090909,2024,0.6,10,0.130434782609,0,1.0,0
3286,2024-09-10,0.197530864198,0.066265060241,0.126888217523,0.18691588785,0.021582733813,0.142857142857,0.095238095238,0.786516853933,0.243243243243,0.347826086957,0.702777777778,0.060606060606,2024,0.6,10,0.04347826087,0,1.0,0
3287,2024-09-10,0.246913580247,0.099397590361,0.166163141994,0.205607476636,0.007194244604,0.190476190476,0.202380952381,0.808988764045,0.216216216216,0.347826086957,0.063888888889,0.060606060606,2024,0.6,10,0.0,0,0.93,0
3288,2024-09-10,0.320987654321,0.117469879518,0.184290030211,0.196261682243,0.007194244604,0.176870748299,0.166666666667,0.865168539326,0.189189189189,0.347826086957,0.4,0.106060606061,2024,0.6,10,0.086956521739,0,0.82,0
3289,2024-09-10,0.37037037037,0.129518072289,0.205438066465,0.233644859813,0.021582733813,0.163265306122,0.154761904762,0.898876404494,0.162162162162,0.304347826087,0.333333333333,0.075757575758,2024,0.6,10,0.217391304348,0,0.94,0
3290,2024-09-10,0.320987654321,0.093373493976,0.181268882175,0.271028037383,0.064748201439,0.210884353741,0.285714285714,0.831460674157,0.189189189189,0.347826086957,0.155555555556,0.075757575758,2024,0.6,10,0.521739130435,0,0.99,0
3291,2024-09-10,0.296296296296,0.075301204819,0.178247734139,0.317757009346,0.151079136691,0.292517006803,0.416666666667,0.719101123596,0.108108108108,0.434782608696,0.086111111111,0.106060606061,2024,0.6,10,0.695652173913,0,0.96,0
3292,2024-09-10,0.246913580247,0.030120481928,0.117824773414,0.271028037383,0.294964028777,0.394557823129,0.571428571429,0.629213483146,0.054054054054,0.521739130435,0.163888888889,0.121212121212,2024,0.6,10,0.782608695652,0,0.97,0
3293,2024-09-10,0.197530864198,0.009036144578,0.060422960725,0.168224299065,0.561151079137,0.285714285714,0.416666666667,0.550561797753,0.054054054054,0.565217391304,0.35,0.136363636364,2024,0.6,10,0.913043478261,0,0.92,0
3294,2024-09-10,0.148148148148,0.003012048193,0.027190332326,0.07476635514,0.510791366906,0.34693877551,0.511904761905,0.505617977528,0.054054054054,0.608695652174,0.330555555556,0.181818181818,2024,0.6,10,1.0,0,0.9,0
3295,2024-09-10,0.148148148148,0.003012048193,0.021148036254,0.056074766355,0.359712230216,0.21768707483,0.25,0.505617977528,0.027027027027,0.608695652174,0.341666666667,0.166666666667,2024,0.6,10,0.95652173913,0,0.89,0
3296,2024-09-10,0.148148148148,0.009036144578,0.02416918429,0.056074766355,0.273381294964,0.115646258503,0.107142857143,0.494382022472,0.027027027027,0.652173913043,0.311111111111,0.227272727273,2024,0.6,10,0.869565217391,0,0.91,0
3297,2024-09-10,0.271604938272,0.012048192771,0.102719033233,0.280373831776,0.352517985612,0.163265306122,0.22619047619,0.595505617978,0.054054054054,0.565217391304,0.913888888889,0.257575757576,2024,0.6,10,0.826086956522,0,0.93,0
3298,2024-09-10,0.345679012346,0.027108433735,0.16918429003,0.439252336449,0.215827338129,0.292517006803,0.392857142857,0.876404494382,0.081081081081,0.391304347826,0.872222222222,0.257575757576,2024,0.6,10,0.739130434783,0,0.9,0
3299,2024-09-10,0.345679012346,0.03313253012,0.154078549849,0.373831775701,0.136690647482,0.414965986395,0.583333333333,0.85393258427,0.081081081081,0.391304347826,0.897222222222,0.212121212121,2024,0.6,10,0.652173913043,0,0.96,0
3300,2024-09-10,0.296296296296,0.024096385542,0.132930513595,0.336448598131,0.079136690647,0.278911564626,0.404761904762,0.831460674157,0.054054054054,0.391304347826,0.955555555556,0.121212121212,2024,0.6,10,0.608695652174,0,0.97,0
3301,2024-09-10,0.271604938272,0.03313253012,0.132930513595,0.299065420561,0.043165467626,0.197278911565,0.238095238095,0.842696629213,0.054054054054,0.391304347826,0.919444444444,0.121212121212,2024,0.6,10,0.565217391304,0,0.95,0
3302,2024-09-10,0.222222222222,0.030120481928,0.093655589124,0.205607476636,0.05035971223,0.176870748299,0.190476190476,0.820224719101,0.054054054054,0.347826086957,0.011111111111,0.121212121212,2024,0.6,10,0.478260869565,0,0.99,0
3303,2024-09-10,0.222222222222,0.030120481928,0.099697885196,0.214953271028,0.035971223022,0.210884353741,0.22619047619,0.85393258427,0.054054054054,0.347826086957,0.872222222222,0.136363636364,2024,0.6,10,0.434782608696,0,1.0,0
3304,2024-09-11,0.246913580247,0.084337349398,0.151057401813,0.196261682243,0.007194244604,0.292517006803,0.321428571429,0.775280898876,0.108108108108,0.391304347826,0.933333333333,0.090909090909,2024,0.6,11,0.391304347826,0,1.0,0
3305,2024-09-11,0.246913580247,0.096385542169,0.178247734139,0.252336448598,0.007194244604,0.163265306122,0.107142857143,0.910112359551,0.054054054054,0.304347826087,0.888888888889,0.090909090909,2024,0.6,11,0.347826086957,0,1.0,0
3306,2024-09-11,0.222222222222,0.057228915663,0.129909365559,0.224299065421,0.007194244604,0.231292517007,0.261904761905,0.887640449438,0.054054054054,0.304347826087,0.85,0.075757575758,2024,0.6,11,0.304347826087,0,1.0,0
3307,2024-09-11,0.222222222222,0.072289156627,0.14501510574,0.214953271028,0.007194244604,0.190476190476,0.238095238095,0.898876404494,0.054054054054,0.304347826087,0.958333333333,0.030303030303,2024,0.6,11,0.260869565217,0,1.0,0
3308,2024-09-11,0.222222222222,0.090361445783,0.154078549849,0.205607476636,0.007194244604,0.183673469388,0.25,0.921348314607,0.054054054054,0.304347826087,0.947222222222,0.090909090909,2024,0.6,11,0.173913043478,0,1.0,0
3309,2024-09-11,0.222222222222,0.111445783133,0.16918429003,0.18691588785,0.007194244604,0.21768707483,0.238095238095,0.932584269663,0.054054054054,0.304347826087,0.980555555556,0.090909090909,2024,0.6,11,0.130434782609,0,1.0,0
3310,2024-09-11,0.197530864198,0.063253012048,0.114803625378,0.158878504673,0.007194244604,0.224489795918,0.25,0.910112359551,0.054054054054,0.260869565217,0.994444444444,0.090909090909,2024,0.6,11,0.04347826087,0,1.0,0
3311,2024-09-11,0.222222222222,0.072289156627,0.123867069486,0.158878504673,0.007194244604,0.115646258503,0.095238095238,0.898876404494,0.054054054054,0.304347826087,0.033333333333,0.090909090909,2024,0.6,11,0.0,0,0.96,0
3312,2024-09-11,0.222222222222,0.090361445783,0.135951661631,0.14953271028,0.021582733813,0.12925170068,0.130952380952,0.876404494382,0.054054054054,0.304347826087,0.072222222222,0.106060606061,2024,0.6,11,0.086956521739,0,0.96,0
3313,2024-09-11,0.246913580247,0.099397590361,0.157099697885,0.177570093458,0.035971223022,0.12925170068,0.142857142857,0.831460674157,0.054054054054,0.347826086957,0.980555555556,0.060606060606,2024,0.6,11,0.217391304348,0,0.99,0
3314,2024-09-11,0.246913580247,0.072289156627,0.148036253776,0.224299065421,0.064748201439,0.136054421769,0.095238095238,0.76404494382,0.054054054054,0.391304347826,0.313888888889,0.075757575758,2024,0.6,11,0.521739130435,0,0.97,0
3315,2024-09-11,0.246913580247,0.05421686747,0.129909365559,0.233644859813,0.151079136691,0.197278911565,0.202380952381,0.685393258427,0.054054054054,0.478260869565,0.433333333333,0.090909090909,2024,0.6,11,0.695652173913,0,0.98,0
3316,2024-09-11,0.197530864198,0.024096385542,0.069486404834,0.140186915888,0.280575539568,0.156462585034,0.154761904762,0.584269662921,0.027027027027,0.565217391304,0.333333333333,0.151515151515,2024,0.6,11,0.782608695652,0,1.0,0
3317,2024-09-11,0.123456790123,0.006024096386,0.021148036254,0.046728971963,0.330935251799,0.265306122449,0.357142857143,0.539325842697,0.027027027027,0.608695652174,0.288888888889,0.19696969697,2024,0.6,11,0.913043478261,0,0.93,0
3318,2024-09-11,0.123456790123,0.006024096386,0.009063444109,0.009345794393,0.287769784173,0.102040816327,0.095238095238,0.494382022472,0.027027027027,0.652173913043,0.327777777778,0.19696969697,2024,0.6,11,1.0,0,0.96,0
3319,2024-09-11,0.123456790123,0.009036144578,0.012084592145,0.009345794393,0.223021582734,0.108843537415,0.095238095238,0.449438202247,0.027027027027,0.652173913043,0.372222222222,0.227272727273,2024,0.6,11,0.95652173913,0,0.95,0
3320,2024-09-11,0.123456790123,0.006024096386,0.009063444109,0.009345794393,0.223021582734,0.08843537415,0.011904761905,0.449438202247,0.027027027027,0.695652173913,0.327777777778,0.287878787879,2024,0.6,11,0.869565217391,0,0.97,0
3321,2024-09-11,0.123456790123,0.009036144578,0.018126888218,0.028037383178,0.187050359712,0.12925170068,0.166666666667,0.505617977528,0.027027027027,0.608695652174,0.3,0.318181818182,2024,0.6,11,0.826086956522,0,0.95,0
3322,2024-09-11,0.148148148148,0.012048192771,0.036253776435,0.07476635514,0.129496402878,0.081632653061,0.011904761905,0.573033707865,0.027027027027,0.565217391304,0.311111111111,0.227272727273,2024,0.6,11,0.739130434783,0,0.97,0
3323,2024-09-11,0.172839506173,0.012048192771,0.051359516616,0.121495327103,0.079136690647,0.122448979592,0.059523809524,0.584269662921,0.027027027027,0.565217391304,0.313888888889,0.121212121212,2024,0.6,11,0.652173913043,0,0.91,0
3324,2024-09-11,0.246913580247,0.030120481928,0.099697885196,0.214953271028,0.021582733813,,,0.640449438202,0.054054054054,0.521739130435,0.183333333333,0.090909090909,2024,0.6,11,0.608695652174,0,0.99,0
3325,2024-09-11,0.246913580247,0.027108433735,0.087613293051,0.18691588785,0.014388489209,0.183673469388,0.154761904762,0.674157303371,0.027027027027,0.478260869565,0.355555555556,0.090909090909,2024,0.6,11,0.565217391304,0,0.96,0
3326,2024-09-11,0.246913580247,0.036144578313,0.117824773414,0.252336448598,0.021582733813,0.122448979592,0.047619047619,0.76404494382,0.081081081081,0.434782608696,0.85,0.166666666667,2024,0.6,11,0.478260869565,0,0.98,0
3327,2024-09-11,0.271604938272,0.057228915663,0.132930513595,0.233644859813,0.007194244604,0.244897959184,0.214285714286,0.797752808989,0.189189189189,0.391304347826,0.883333333333,0.136363636364,2024,0.6,11,0.434782608696,0,1.0,0
3328,2024-09-12,0.246913580247,0.036144578313,0.135951661631,0.308411214953,0.021582733813,0.278911564626,0.321428571429,0.752808988764,0.162162162162,0.434782608696,0.838888888889,0.106060606061,2024,0.6,12,0.391304347826,0,1.0,0
3329,2024-09-12,0.222222222222,0.036144578313,0.099697885196,0.205607476636,0.007194244604,0.204081632653,0.083333333333,0.820224719101,0.135135135135,0.391304347826,0.783333333333,0.090909090909,2024,0.6,12,0.347826086957,0,1.0,0
3330,2024-09-12,0.222222222222,0.045180722892,0.102719033233,0.18691588785,0.0,0.224489795918,0.25,0.932584269663,0.081081081081,0.347826086957,0.297222222222,0.090909090909,2024,0.6,12,0.304347826087,0,1.0,0
3331,2024-09-12,0.148148148148,0.015060240964,0.051359516616,0.11214953271,0.021582733813,0.238095238095,0.345238095238,0.921348314607,0.054054054054,0.304347826087,0.394444444444,0.060606060606,2024,0.6,12,0.260869565217,0,1.0,0
3332,2024-09-12,0.148148148148,0.027108433735,0.063444108761,0.11214953271,0.014388489209,0.108843537415,0.119047619048,0.910112359551,0.054054054054,0.304347826087,0.497222222222,0.075757575758,2024,0.6,12,0.173913043478,0,1.0,0
3333,2024-09-12,0.148148148148,0.018072289157,0.04833836858,0.093457943925,0.007194244604,0.115646258503,0.107142857143,0.921348314607,0.054054054054,0.304347826087,0.411111111111,0.030303030303,2024,0.6,12,0.130434782609,0,1.0,0
3334,2024-09-12,0.222222222222,0.081325301205,0.117824773414,0.11214953271,0.007194244604,0.074829931973,0.071428571429,0.932584269663,0.054054054054,0.260869565217,0.480555555556,0.075757575758,2024,0.6,12,0.04347826087,0,0.98,0
3335,2024-09-12,0.320987654321,0.14156626506,0.181268882175,0.121495327103,0.007194244604,0.108843537415,0.107142857143,0.910112359551,0.054054054054,0.304347826087,0.536111111111,0.060606060606,2024,0.6,12,0.0,0,0.92,0
3336,2024-09-12,0.469135802469,0.225903614458,0.277945619335,0.158878504673,0.014388489209,0.12925170068,0.119047619048,0.876404494382,0.081081081081,0.304347826087,0.402777777778,0.045454545455,2024,0.6,12,0.086956521739,0,0.9,0
3337,2024-09-12,0.345679012346,0.135542168675,0.220543806647,0.261682242991,0.05035971223,0.183673469388,0.130952380952,0.786516853933,0.054054054054,0.391304347826,0.333333333333,0.090909090909,2024,0.6,12,0.217391304348,0,0.95,0
3338,2024-09-12,0.296296296296,0.084337349398,0.166163141994,0.252336448598,0.071942446043,0.210884353741,0.202380952381,0.730337078652,0.054054054054,0.434782608696,0.344444444444,0.090909090909,2024,0.6,12,0.521739130435,0,0.96,0
3339,2024-09-12,0.246913580247,0.045180722892,0.111782477341,0.205607476636,0.194244604317,0.210884353741,0.166666666667,0.651685393258,0.027027027027,0.478260869565,0.302777777778,0.106060606061,2024,0.6,12,0.695652173913,0,0.97,0
3340,2024-09-12,0.197530864198,0.015060240964,0.060422960725,0.140186915888,0.345323741007,0.197278911565,0.214285714286,0.52808988764,0.027027027027,0.565217391304,0.358333333333,0.121212121212,2024,0.6,12,0.782608695652,0,0.94,0
3341,2024-09-12,0.197530864198,0.015060240964,0.07250755287,0.177570093458,0.41726618705,0.251700680272,0.369047619048,0.505617977528,0.027027027027,0.608695652174,0.005555555556,0.121212121212,2024,0.6,12,0.913043478261,0,0.92,0
3342,2024-09-12,0.197530864198,0.009036144578,0.063444108761,0.168224299065,0.546762589928,0.176870748299,0.190476190476,0.449438202247,0.027027027027,0.652173913043,0.227777777778,0.136363636364,2024,0.6,12,1.0,0,0.88,0
3343,2024-09-12,0.197530864198,0.015060240964,0.063444108761,0.14953271028,0.287769784173,0.224489795918,0.285714285714,0.561797752809,0.054054054054,0.608695652174,0.461111111111,0.242424242424,2024,0.6,12,0.95652173913,0,0.91,0
3344,2024-09-12,0.296296296296,0.057228915663,0.138972809668,0.242990654206,0.122302158273,0.115646258503,0.035714285714,0.76404494382,0.135135135135,0.434782608696,0.602777777778,0.242424242424,2024,0.6,12,0.869565217391,0,0.94,0
3345,2024-09-12,0.296296296296,0.045180722892,0.12084592145,0.242990654206,0.158273381295,0.115646258503,0.095238095238,0.707865168539,0.405405405405,0.478260869565,0.775,0.166666666667,2024,0.6,12,0.826086956522,0,0.96,0
3346,2024-09-12,0.320987654321,0.060240963855,0.163141993958,0.317757009346,0.158273381295,0.204081632653,0.285714285714,0.61797752809,0.459459459459,0.521739130435,0.694444444444,0.136363636364,2024,0.6,12,0.739130434783,0,0.97,0
3347,2024-09-12,0.320987654321,0.045180722892,0.163141993958,0.373831775701,0.107913669065,0.163265306122,0.166666666667,0.595505617978,0.459459459459,0.521739130435,0.863888888889,0.121212121212,2024,0.6,12,0.652173913043,0,0.93,0
3348,2024-09-12,0.395061728395,0.144578313253,0.283987915408,0.429906542056,0.014388489209,0.21768707483,0.25,0.651685393258,0.297297297297,0.478260869565,0.861111111111,0.166666666667,2024,0.6,12,0.608695652174,0,0.97,0
3349,2024-09-12,0.296296296296,0.078313253012,0.172205438066,0.289719626168,0.021582733813,0.387755102041,0.404761904762,0.707865168539,0.189189189189,0.478260869565,0.941666666667,0.151515151515,2024,0.6,12,0.565217391304,0,0.98,0
3350,2024-09-12,0.246913580247,0.030120481928,0.105740181269,0.233644859813,0.021582733813,0.244897959184,0.22619047619,0.752808988764,0.081081081081,0.434782608696,0.013888888889,0.106060606061,2024,0.6,12,0.478260869565,0,1.0,0
3351,2024-09-12,0.271604938272,0.042168674699,0.135951661631,0.289719626168,0.021582733813,0.238095238095,0.214285714286,0.730337078652,0.135135135135,0.434782608696,0.958333333333,0.121212121212,2024,0.6,12,0.434782608696,0,1.0,0
3352,2024-09-13,0.172839506173,0.009036144578,0.066465256798,0.168224299065,0.115107913669,0.197278911565,0.27380952381,0.966292134831,0.189189189189,0.260869565217,0.813888888889,0.181818181818,2024,0.6,13,0.391304347826,0,1.0,0
3353,2024-09-13,,,,,,0.272108843537,0.27380952381,0.797752808989,,0.391304347826,0.908333333333,0.106060606061,2024,0.6,13,0.347826086957,0,1.0,0
3354,2024-09-13,,,,,,0.278911564626,0.357142857143,0.786516853933,,0.391304347826,0.847222222222,0.121212121212,2024,0.6,13,0.304347826087,0,1.0,0
3355,2024-09-13,,,,,,0.251700680272,0.27380952381,0.797752808989,,0.391304347826,0.872222222222,0.090909090909,2024,0.6,13,0.260869565217,0,1.0,0
3356,2024-09-13,0.172839506173,0.030120481928,0.081570996979,0.158878504673,0.021582733813,0.285714285714,0.27380952381,0.808988764045,0.135135135135,0.391304347826,0.641666666667,0.060606060606,2024,0.6,13,0.173913043478,0,1.0,0
3357,2024-09-13,0.172839506173,0.015060240964,0.07250755287,0.168224299065,0.021582733813,0.163265306122,0.178571428571,0.887640449438,0.108108108108,0.347826086957,0.455555555556,0.090909090909,2024,0.6,13,0.130434782609,0,1.0,0
3358,2024-09-13,0.197530864198,0.03313253012,0.090634441088,0.18691588785,0.007194244604,0.176870748299,0.261904761905,0.910112359551,0.108108108108,0.347826086957,0.436111111111,0.060606060606,2024,0.6,13,0.04347826087,0,1.0,0
3359,2024-09-13,0.246913580247,0.084337349398,0.154078549849,0.214953271028,0.007194244604,0.163265306122,0.22619047619,0.898876404494,0.135135135135,0.347826086957,0.125,0.090909090909,2024,0.6,13,0.0,0,0.95,0
3360,2024-09-13,0.345679012346,0.16265060241,0.235649546828,0.233644859813,0.014388489209,0.210884353741,0.27380952381,0.977528089888,0.081081081081,0.304347826087,0.111111111111,0.030303030303,2024,0.6,13,0.086956521739,0,0.93,0
3361,2024-09-13,0.41975308642,0.168674698795,0.244712990937,0.233644859813,0.021582733813,0.238095238095,0.357142857143,0.955056179775,0.189189189189,0.347826086957,0.811111111111,0.106060606061,2024,0.6,13,0.217391304348,0,0.95,0
3362,2024-09-13,0.320987654321,0.10843373494,0.190332326284,0.252336448598,0.064748201439,0.265306122449,0.369047619048,0.887640449438,0.27027027027,0.347826086957,0.502777777778,0.136363636364,2024,0.6,13,0.521739130435,0,0.92,0
3363,2024-09-13,0.296296296296,0.084337349398,0.166163141994,0.252336448598,0.115107913669,0.190476190476,0.22619047619,0.786516853933,0.297297297297,0.434782608696,0.572222222222,0.106060606061,2024,0.6,13,0.695652173913,0,0.93,0
3364,2024-09-13,0.271604938272,0.036144578313,0.117824773414,0.252336448598,0.287769784173,0.278911564626,0.404761904762,0.640449438202,0.243243243243,0.565217391304,0.961111111111,0.090909090909,2024,0.6,13,0.782608695652,0,0.92,0
3365,2024-09-13,0.222222222222,0.015060240964,0.087613293051,0.224299065421,0.482014388489,0.319727891156,0.47619047619,0.52808988764,0.189189189189,0.608695652174,0.058333333333,0.121212121212,2024,0.6,13,0.913043478261,0,0.96,0
3366,2024-09-13,0.172839506173,0.006024096386,0.060422960725,0.168224299065,0.676258992806,0.34693877551,0.571428571429,0.449438202247,0.135135135135,0.695652173913,0.211111111111,0.136363636364,2024,0.6,13,1.0,0,0.91,0
3367,2024-09-13,0.222222222222,0.012048192771,0.111782477341,0.317757009346,0.597122302158,0.312925170068,0.416666666667,0.47191011236,0.162162162162,0.652173913043,0.119444444444,0.181818181818,2024,0.6,13,0.95652173913,0,0.93,0
3368,2024-09-13,0.246913580247,0.012048192771,0.102719033233,0.271028037383,0.359712230216,0.387755102041,0.488095238095,0.595505617978,0.162162162162,0.608695652174,0.308333333333,0.212121212121,2024,0.6,13,0.869565217391,0,0.94,0
3369,2024-09-13,0.246913580247,0.006024096386,0.087613293051,0.252336448598,0.345323741007,0.353741496599,0.392857142857,0.595505617978,0.135135135135,0.608695652174,0.294444444444,0.212121212121,2024,0.6,13,0.826086956522,0,0.99,0
3370,2024-09-13,0.222222222222,0.027108433735,0.126888217523,0.308411214953,0.194244604317,0.353741496599,0.428571428571,0.865168539326,0.081081081081,0.391304347826,0.088888888889,0.242424242424,2024,0.6,13,0.739130434783,0,0.89,0
3371,2024-09-13,0.345679012346,0.063253012048,0.16918429003,0.327102803738,0.115107913669,0.238095238095,0.27380952381,0.831460674157,0.108108108108,0.347826086957,0.825,0.166666666667,2024,0.6,13,0.652173913043,0,0.78,0
3372,2024-09-13,0.41975308642,0.069277108434,0.196374622356,0.392523364486,0.071942446043,0.238095238095,0.345238095238,0.775280898876,0.162162162162,0.391304347826,0.658333333333,0.136363636364,2024,0.6,13,0.608695652174,0,0.96,0
3373,2024-09-13,0.41975308642,0.090361445783,0.223564954683,0.411214953271,0.028776978417,0.210884353741,0.297619047619,0.719101123596,0.108108108108,0.391304347826,0.633333333333,0.090909090909,2024,0.6,13,0.565217391304,0,0.97,0
3374,2024-09-13,0.345679012346,0.057228915663,0.172205438066,0.355140186916,0.028776978417,0.21768707483,0.261904761905,0.831460674157,0.081081081081,0.347826086957,0.425,0.106060606061,2024,0.6,13,0.478260869565,0,0.96,0
3375,2024-09-13,0.320987654321,0.045180722892,0.157099697885,0.345794392523,0.014388489209,0.265306122449,0.345238095238,0.955056179775,0.054054054054,0.304347826087,0.338888888889,0.090909090909,2024,0.6,13,0.434782608696,0,1.0,0
3376,2024-09-14,0.148148148148,0.006024096386,0.045317220544,0.130841121495,0.208633093525,0.156462585034,0.22619047619,0.820224719101,0.054054054054,0.391304347826,0.858333333333,0.166666666667,2024,0.6,14,0.391304347826,0,1.0,0
3377,2024-09-14,0.172839506173,0.012048192771,0.069486404834,0.177570093458,0.086330935252,0.08843537415,0.071428571429,0.977528089888,0.108108108108,0.260869565217,0.844444444444,0.121212121212,2024,0.6,14,0.347826086957,0,0.99,0
3378,2024-09-14,0.172839506173,0.009036144578,0.07250755287,0.196261682243,0.071942446043,0.12925170068,0.214285714286,0.966292134831,0.081081081081,0.260869565217,0.483333333333,0.060606060606,2024,0.6,14,0.304347826087,0,1.0,0
3379,2024-09-14,0.197530864198,0.057228915663,0.138972809668,0.252336448598,0.021582733813,0.108843537415,0.107142857143,0.966292134831,0.054054054054,0.260869565217,0.244444444444,0.060606060606,2024,0.6,14,0.260869565217,0,1.0,0
3380,2024-09-14,0.246913580247,0.08734939759,0.178247734139,0.289719626168,0.007194244604,0.136054421769,0.190476190476,0.977528089888,0.054054054054,0.260869565217,0.427777777778,0.045454545455,2024,0.6,14,0.173913043478,0,1.0,0
3381,2024-09-14,0.271604938272,0.102409638554,0.190332326284,0.271028037383,0.007194244604,0.102040816327,0.130952380952,0.977528089888,0.054054054054,0.260869565217,0.394444444444,0.045454545455,2024,0.6,14,0.130434782609,0,1.0,0
3382,2024-09-14,0.320987654321,0.126506024096,0.211480362538,0.252336448598,0.007194244604,0.12925170068,0.166666666667,0.977528089888,0.054054054054,0.260869565217,0.425,0.015151515152,2024,0.6,14,0.04347826087,0,1.0,0
3383,2024-09-14,0.320987654321,0.120481927711,0.196374622356,0.233644859813,0.007194244604,0.170068027211,0.22619047619,0.966292134831,0.054054054054,0.260869565217,0.45,0.045454545455,2024,0.6,14,0.0,0,1.0,0
3384,2024-09-14,0.320987654321,0.111445783133,0.184290030211,0.224299065421,0.028776978417,0.170068027211,0.238095238095,0.932584269663,0.108108108108,0.304347826087,0.461111111111,0.045454545455,2024,0.6,14,0.086956521739,0,1.0,0
3385,2024-09-14,0.345679012346,0.10843373494,0.211480362538,0.308411214953,0.064748201439,0.149659863946,0.22619047619,0.865168539326,0.162162162162,0.347826086957,0.030555555556,0.090909090909,2024,0.6,14,0.217391304348,0,0.99,0
3386,2024-09-14,0.296296296296,0.093373493976,0.220543806647,0.383177570093,0.129496402878,0.190476190476,0.238095238095,0.775280898876,0.108108108108,0.434782608696,0.152777777778,0.106060606061,2024,0.6,14,0.521739130435,0,0.98,0
3387,2024-09-14,0.246913580247,0.060240963855,0.181268882175,0.383177570093,0.215827338129,0.258503401361,0.345238095238,0.685393258427,0.108108108108,0.478260869565,0.2,0.090909090909,2024,0.6,14,0.695652173913,0,0.99,0
3388,2024-09-14,0.222222222222,0.018072289157,0.099697885196,0.242990654206,0.474820143885,0.238095238095,0.321428571429,0.573033707865,0.081081081081,0.565217391304,0.188888888889,0.136363636364,2024,0.6,14,0.782608695652,0,0.99,0
3389,2024-09-14,0.222222222222,0.009036144578,0.078549848943,0.214953271028,0.611510791367,0.258503401361,0.333333333333,0.539325842697,0.054054054054,0.608695652174,0.075,0.151515151515,2024,0.6,14,0.913043478261,0,0.9,0
3390,2024-09-14,0.222222222222,0.006024096386,0.069486404834,0.18691588785,0.798561151079,0.333333333333,0.5,0.460674157303,0.054054054054,0.652173913043,0.177777777778,0.136363636364,2024,0.6,14,1.0,0,0.96,0
3391,2024-09-14,0.172839506173,0.003012048193,0.045317220544,0.130841121495,0.913669064748,0.312925170068,0.452380952381,0.426966292135,0.054054054054,0.695652173913,0.172222222222,0.136363636364,2024,0.6,14,0.95652173913,0,1.0,0
3392,2024-09-14,0.148148148148,0.006024096386,0.063444108761,0.177570093458,0.748201438849,0.224489795918,0.27380952381,0.438202247191,0.054054054054,0.695652173913,0.244444444444,0.19696969697,2024,0.6,14,0.869565217391,0,0.97,0
3393,2024-09-14,0.148148148148,0.012048192771,0.087613293051,0.233644859813,0.539568345324,0.197278911565,0.214285714286,0.449438202247,0.054054054054,0.695652173913,0.197222222222,0.19696969697,2024,0.6,14,0.826086956522,0,0.98,0
3394,2024-09-14,0.197530864198,0.003012048193,0.054380664653,0.158878504673,0.410071942446,0.21768707483,0.261904761905,0.584269662921,0.054054054054,0.608695652174,0.308333333333,0.257575757576,2024,0.6,14,0.739130434783,0,1.0,0
3395,2024-09-14,0.222222222222,0.003012048193,0.063444108761,0.196261682243,0.302158273381,0.272108843537,0.309523809524,0.640449438202,0.054054054054,0.565217391304,0.336111111111,0.166666666667,2024,0.6,14,0.652173913043,0,1.0,0
3396,2024-09-14,0.246913580247,0.006024096386,0.084592145015,0.242990654206,0.26618705036,0.30612244898,0.416666666667,0.629213483146,0.054054054054,0.565217391304,0.761111111111,0.121212121212,2024,0.6,14,0.608695652174,0,0.98,0
3397,2024-09-14,0.246913580247,0.009036144578,0.093655589124,0.261682242991,0.251798561151,0.238095238095,0.27380952381,0.640449438202,0.054054054054,0.521739130435,0.786111111111,0.181818181818,2024,0.6,14,0.565217391304,0,1.0,0
3398,2024-09-14,0.172839506173,0.009036144578,0.063444108761,0.168224299065,0.179856115108,0.299319727891,0.440476190476,0.76404494382,0.054054054054,0.434782608696,0.822222222222,0.272727272727,2024,0.6,14,0.478260869565,0,1.0,0
3399,2024-09-14,0.148148148148,0.003012048193,0.033232628399,0.084112149533,0.244604316547,0.142857142857,0.166666666667,0.820224719101,0.027027027027,0.391304347826,0.797222222222,0.242424242424,2024,0.6,14,0.434782608696,0,1.0,0
3400,2024-09-15,0.246913580247,0.009036144578,0.093655589124,0.261682242991,0.129496402878,0.258503401361,0.392857142857,0.921348314607,0.108108108108,0.304347826087,0.663888888889,0.060606060606,2024,0.6,15,0.391304347826,0,1.0,0
3401,2024-09-15,0.172839506173,0.006024096386,0.075528700906,0.214953271028,0.158273381295,0.136054421769,0.130952380952,0.797752808989,0.054054054054,0.347826086957,0.875,0.166666666667,2024,0.6,15,0.347826086957,0,1.0,0
3402,2024-09-15,0.148148148148,0.009036144578,0.09667673716,0.280373831776,0.107913669065,0.149659863946,0.238095238095,0.797752808989,0.081081081081,0.347826086957,0.858333333333,0.121212121212,2024,0.6,15,0.304347826087,0,1.0,0
3403,2024-09-15,0.172839506173,0.009036144578,0.084592145015,0.233644859813,0.107913669065,,,0.842696629213,0.081081081081,0.347826086957,0.916666666667,0.090909090909,2024,0.6,15,0.260869565217,0,1.0,0
3404,2024-09-15,0.222222222222,0.012048192771,0.09667673716,0.271028037383,0.05035971223,0.122448979592,0.130952380952,0.865168539326,0.054054054054,0.347826086957,0.416666666667,0.060606060606,2024,0.6,15,0.173913043478,0,1.0,0
3405,2024-09-15,0.271604938272,0.066265060241,0.160120845921,0.289719626168,0.007194244604,0.176870748299,0.238095238095,0.887640449438,0.054054054054,0.304347826087,0.308333333333,0.045454545455,2024,0.6,15,0.130434782609,0,1.0,0
3406,2024-09-15,0.246913580247,0.060240963855,0.148036253776,0.280373831776,0.014388489209,0.210884353741,0.25,0.921348314607,0.027027027027,0.304347826087,0.077777777778,0.090909090909,2024,0.6,15,0.04347826087,0,1.0,0
3407,2024-09-15,0.222222222222,0.051204819277,0.126888217523,0.233644859813,0.028776978417,0.258503401361,0.357142857143,0.898876404494,0.054054054054,0.304347826087,0.213888888889,0.090909090909,2024,0.6,15,0.0,0,1.0,0
3408,2024-09-15,0.222222222222,0.042168674699,0.12084592145,0.233644859813,0.05035971223,0.197278911565,0.238095238095,0.85393258427,0.054054054054,0.347826086957,0.358333333333,0.090909090909,2024,0.6,15,0.086956521739,0,1.0,0
3409,2024-09-15,0.246913580247,0.048192771084,0.12084592145,0.224299065421,0.115107913669,0.244897959184,0.321428571429,0.808988764045,0.054054054054,0.391304347826,0.333333333333,0.121212121212,2024,0.6,15,0.217391304348,0,1.0,0
3410,2024-09-15,0.222222222222,0.021084337349,0.075528700906,0.177570093458,0.273381294964,0.299319727891,0.380952380952,0.719101123596,0.054054054054,0.434782608696,0.280555555556,0.090909090909,2024,0.6,15,0.521739130435,0,1.0,0
3411,2024-09-15,0.197530864198,0.018072289157,0.081570996979,0.196261682243,0.374100719424,0.292517006803,0.404761904762,0.61797752809,0.054054054054,0.521739130435,0.252777777778,0.121212121212,2024,0.6,15,0.695652173913,0,1.0,0
3412,2024-09-15,0.197530864198,0.009036144578,0.057401812689,0.140186915888,0.517985611511,0.285714285714,0.452380952381,0.550561797753,0.054054054054,0.565217391304,0.105555555556,0.121212121212,2024,0.6,15,0.782608695652,0,1.0,0
3413,2024-09-15,0.172839506173,0.006024096386,0.042296072508,0.11214953271,0.611510791367,0.231292517007,0.285714285714,0.460674157303,0.054054054054,0.652173913043,0.236111111111,0.151515151515,2024,0.6,15,0.913043478261,0,1.0,0
3414,2024-09-15,0.172839506173,0.006024096386,0.036253776435,0.102803738318,0.618705035971,0.224489795918,0.285714285714,0.415730337079,0.081081081081,0.695652173913,0.966666666667,0.166666666667,2024,0.6,15,1.0,0,1.0,0
3415,2024-09-15,0.123456790123,0.0,0.012084592145,0.03738317757,0.611510791367,0.122448979592,0.095238095238,0.404494382022,0.081081081081,0.695652173913,0.113888888889,0.166666666667,2024,0.6,15,0.95652173913,0,0.96,0
3416,2024-09-15,0.123456790123,0.003012048193,0.021148036254,0.056074766355,0.510791366906,0.210884353741,0.297619047619,0.404494382022,0.081081081081,0.695652173913,0.288888888889,0.19696969697,2024,0.6,15,0.869565217391,0,1.0,0
3417,2024-09-15,0.123456790123,0.003012048193,0.012084592145,0.03738317757,0.410071942446,0.170068027211,0.178571428571,0.438202247191,0.081081081081,0.695652173913,0.319444444444,0.257575757576,2024,0.6,15,0.826086956522,0,0.98,0
3418,2024-09-15,0.148148148148,0.003012048193,0.018126888218,0.046728971963,0.280575539568,0.176870748299,0.190476190476,0.516853932584,0.081081081081,0.608695652174,0.336111111111,0.242424242424,2024,0.6,15,0.739130434783,0,1.0,0
3419,2024-09-15,0.172839506173,0.003012048193,0.04833836858,0.130841121495,0.330935251799,0.197278911565,0.25,0.696629213483,0.108108108108,0.478260869565,0.827777777778,0.30303030303,2024,0.6,15,0.652173913043,0,1.0,0
3420,2024-09-15,0.197530864198,0.006024096386,0.063444108761,0.177570093458,0.251798561151,0.170068027211,0.22619047619,0.820224719101,0.081081081081,0.391304347826,0.85,0.257575757576,2024,0.6,15,0.608695652174,0,0.97,0
3421,2024-09-15,0.172839506173,0.006024096386,0.060422960725,0.177570093458,0.251798561151,0.095238095238,0.083333333333,0.865168539326,0.108108108108,0.347826086957,0.819444444444,0.242424242424,2024,0.6,15,0.565217391304,0,0.99,0
3422,2024-09-15,0.197530864198,0.006024096386,0.07250755287,0.205607476636,0.208633093525,0.210884353741,0.309523809524,0.921348314607,0.081081081081,0.304347826087,0.838888888889,0.19696969697,2024,0.6,15,0.478260869565,0,1.0,0
3423,2024-09-15,0.172839506173,0.006024096386,0.093655589124,0.271028037383,0.158273381295,0.197278911565,0.297619047619,0.932584269663,0.108108108108,0.304347826087,0.85,0.166666666667,2024,0.6,15,0.434782608696,0,1.0,0
3424,2024-09-16,0.197530864198,0.012048192771,0.087613293051,0.242990654206,0.093525179856,0.149659863946,0.178571428571,0.921348314607,0.081081081081,0.260869565217,0.633333333333,0.075757575758,2024,0.6,16,0.391304347826,0,1.0,0
3425,2024-09-16,0.271604938272,0.009036144578,0.093655589124,0.261682242991,0.079136690647,0.319727891156,0.464285714286,0.932584269663,0.081081081081,0.304347826087,0.405555555556,0.015151515152,2024,0.6,16,0.347826086957,0,0.99,0
3426,2024-09-16,0.271604938272,0.018072289157,0.111782477341,0.289719626168,0.064748201439,0.299319727891,0.511904761905,0.910112359551,0.081081081081,0.347826086957,0.288888888889,0.0,2024,0.6,16,0.304347826087,0,1.0,0
3427,2024-09-16,0.320987654321,0.039156626506,0.148036253776,0.327102803738,0.035971223022,0.353741496599,0.52380952381,0.910112359551,0.108108108108,0.304347826087,0.380555555556,0.060606060606,2024,0.6,16,0.260869565217,0,1.0,0
3428,2024-09-16,0.246913580247,0.015060240964,0.12084592145,0.327102803738,0.035971223022,0.43537414966,0.666666666667,0.932584269663,0.081081081081,0.304347826087,0.055555555556,0.075757575758,2024,0.6,16,0.173913043478,0,1.0,0
3429,2024-09-16,0.246913580247,0.015060240964,0.114803625378,0.308411214953,0.021582733813,0.462585034014,0.714285714286,0.921348314607,0.081081081081,0.304347826087,0.077777777778,0.045454545455,2024,0.6,16,0.130434782609,0,1.0,0
3430,2024-09-16,0.296296296296,0.051204819277,0.135951661631,0.261682242991,0.014388489209,0.421768707483,0.619047619048,0.921348314607,0.054054054054,0.304347826087,0.905555555556,0.030303030303,2024,0.6,16,0.04347826087,0,1.0,0
3431,2024-09-16,0.271604938272,0.060240963855,0.12084592145,0.196261682243,0.014388489209,0.408163265306,0.619047619048,0.921348314607,0.054054054054,0.304347826087,0.986111111111,0.075757575758,2024,0.6,16,0.0,0,1.0,0
3432,2024-09-16,0.320987654321,0.105421686747,0.175226586103,0.214953271028,0.021582733813,0.292517006803,0.416666666667,0.932584269663,0.054054054054,0.304347826087,0.986111111111,0.075757575758,2024,0.6,16,0.086956521739,0,1.0,0
3433,2024-09-16,0.296296296296,0.078313253012,0.166163141994,0.271028037383,0.071942446043,0.387755102041,0.559523809524,0.887640449438,0.081081081081,0.347826086957,0.933333333333,0.075757575758,2024,0.6,16,0.217391304348,0,1.0,0
3434,2024-09-16,0.246913580247,0.030120481928,0.111782477341,0.252336448598,0.201438848921,0.530612244898,0.785714285714,0.797752808989,0.081081081081,0.391304347826,0.591666666667,0.045454545455,2024,0.6,16,0.521739130435,0,1.0,0
3435,2024-09-16,0.222222222222,0.018072289157,0.090634441088,0.224299065421,0.359712230216,0.571428571429,0.869047619048,0.696629213483,0.081081081081,0.478260869565,0.841666666667,0.090909090909,2024,0.6,16,0.695652173913,0,1.0,0
3436,2024-09-16,0.148148148148,0.006024096386,0.039274924471,0.102803738318,0.517985611511,0.530612244898,0.833333333333,0.584269662921,0.081081081081,0.565217391304,0.9,0.106060606061,2024,0.6,16,0.782608695652,0,1.0,0
3437,2024-09-16,0.172839506173,0.003012048193,0.030211480363,0.084112149533,0.661870503597,0.374149659864,0.5,0.52808988764,0.081081081081,0.608695652174,0.036111111111,0.136363636364,2024,0.6,16,0.913043478261,0,1.0,0
3438,2024-09-16,0.172839506173,0.003012048193,0.030211480363,0.084112149533,0.769784172662,0.326530612245,0.452380952381,0.483146067416,0.054054054054,0.652173913043,0.063888888889,0.136363636364,2024,0.6,16,1.0,0,1.0,0
3439,2024-09-16,0.148148148148,0.0,0.018126888218,0.056074766355,0.741007194245,0.421768707483,0.678571428571,0.449438202247,0.081081081081,0.695652173913,0.938888888889,0.136363636364,2024,0.6,16,0.95652173913,0,1.0,0
3440,2024-09-16,0.148148148148,0.003012048193,0.033232628399,0.093457943925,0.618705035971,0.387755102041,0.630952380952,0.47191011236,0.081081081081,0.652173913043,0.069444444444,0.151515151515,2024,0.6,16,0.869565217391,0,0.99,0
3441,2024-09-16,0.172839506173,0.003012048193,0.027190332326,0.084112149533,0.539568345324,0.272108843537,0.369047619048,0.516853932584,0.351351351351,0.652173913043,0.944444444444,0.212121212121,2024,0.6,16,0.826086956522,0,1.0,0
3442,2024-09-16,0.148148148148,0.0,0.021148036254,0.065420560748,0.431654676259,0.333333333333,0.511904761905,0.76404494382,0.351351351351,0.434782608696,0.225,0.287878787879,2024,0.6,16,0.739130434783,0,1.0,0
3443,2024-09-16,0.172839506173,0.006024096386,0.060422960725,0.168224299065,0.223021582734,0.224489795918,0.011904761905,0.932584269663,0.216216216216,0.304347826087,0.375,0.181818181818,2024,0.6,16,0.652173913043,0,0.98,0
3444,2024-09-16,0.222222222222,0.012048192771,0.090634441088,0.242990654206,0.194244604317,0.312925170068,0.333333333333,0.932584269663,0.216216216216,0.304347826087,0.683333333333,0.151515151515,2024,0.6,16,0.608695652174,0,1.0,0
3445,2024-09-16,0.197530864198,0.006024096386,0.054380664653,0.158878504673,0.244604316547,0.224489795918,0.345238095238,0.921348314607,0.243243243243,0.304347826087,0.780555555556,0.166666666667,2024,0.6,16,0.565217391304,0,1.0,0
3446,2024-09-16,0.197530864198,0.006024096386,0.060422960725,0.168224299065,0.208633093525,0.231292517007,0.333333333333,0.921348314607,0.243243243243,0.304347826087,0.783333333333,0.060606060606,2024,0.6,16,0.478260869565,0,1.0,0
3447,2024-09-16,0.197530864198,0.006024096386,0.07250755287,0.205607476636,0.143884892086,0.224489795918,0.357142857143,0.921348314607,0.162162162162,0.304347826087,0.794444444444,0.075757575758,2024,0.6,16,0.434782608696,0,1.0,0
3448,2024-09-17,0.271604938272,0.05421686747,0.175226586103,0.373831775701,0.007194244604,0.312925170068,0.321428571429,0.76404494382,0.054054054054,0.391304347826,0.855555555556,0.121212121212,2024,0.6,17,0.391304347826,0,1.0,0
3449,2024-09-17,0.197530864198,0.009036144578,0.07250755287,0.196261682243,0.115107913669,0.163265306122,0.202380952381,0.932584269663,0.081081081081,0.260869565217,0.536111111111,0.075757575758,2024,0.6,17,0.347826086957,0,1.0,0
3450,2024-09-17,0.148148148148,0.0,0.042296072508,0.121495327103,0.172661870504,,,0.932584269663,0.081081081081,0.260869565217,0.480555555556,0.075757575758,2024,0.6,17,0.304347826087,0,1.0,0
3451,2024-09-17,0.172839506173,0.0,0.045317220544,0.140186915888,0.136690647482,0.12925170068,0.166666666667,0.932584269663,0.081081081081,0.260869565217,0.430555555556,0.075757575758,2024,0.6,17,0.260869565217,0,1.0,0
3452,2024-09-17,0.197530864198,0.006024096386,0.084592145015,0.242990654206,0.043165467626,0.197278911565,0.297619047619,0.932584269663,0.081081081081,0.260869565217,0.422222222222,0.045454545455,2024,0.6,17,0.173913043478,0,1.0,0
3453,2024-09-17,0.222222222222,0.018072289157,0.102719033233,0.261682242991,0.021582733813,0.176870748299,0.27380952381,0.943820224719,0.054054054054,0.260869565217,0.386111111111,0.015151515152,2024,0.6,17,0.130434782609,0,1.0,0
3454,2024-09-17,0.395061728395,0.189759036145,0.287009063444,0.299065420561,0.007194244604,0.224489795918,0.345238095238,0.943820224719,0.081081081081,0.260869565217,0.647222222222,0.060606060606,2024,0.6,17,0.04347826087,0,1.0,0
3455,2024-09-17,0.41975308642,0.156626506024,0.250755287009,0.289719626168,0.014388489209,0.21768707483,0.285714285714,0.943820224719,0.054054054054,0.260869565217,0.791666666667,0.045454545455,2024,0.6,17,0.0,0,0.96,0
3456,2024-09-17,0.41975308642,0.144578313253,0.226586102719,0.252336448598,0.028776978417,0.244897959184,0.357142857143,0.955056179775,0.081081081081,0.304347826087,0.905555555556,0.060606060606,2024,0.6,17,0.086956521739,0,0.83,0
3457,2024-09-17,0.345679012346,0.117469879518,0.21752265861,0.308411214953,0.05035971223,0.272108843537,0.404761904762,0.910112359551,0.108108108108,0.391304347826,0.055555555556,0.106060606061,2024,0.6,17,0.217391304348,0,0.9,0
3458,2024-09-17,0.320987654321,0.10843373494,0.232628398792,0.383177570093,0.093525179856,0.333333333333,0.452380952381,0.741573033708,0.108108108108,0.478260869565,0.463888888889,0.075757575758,2024,0.6,17,0.521739130435,0,0.98,0
3459,2024-09-17,0.296296296296,0.060240963855,0.19335347432,0.411214953271,0.194244604317,0.387755102041,0.511904761905,0.595505617978,0.108108108108,0.608695652174,0.272222222222,0.060606060606,2024,0.6,17,0.695652173913,0,0.96,0
3460,2024-09-17,0.246913580247,0.030120481928,0.141993957704,0.345794392523,0.36690647482,0.462585034014,0.678571428571,0.47191011236,0.108108108108,0.695652173913,0.133333333333,0.121212121212,2024,0.6,17,0.782608695652,0,0.97,0
3461,2024-09-17,0.197530864198,0.015060240964,0.090634441088,0.233644859813,0.561151079137,0.448979591837,0.666666666667,0.415730337079,0.108108108108,0.739130434783,0.130555555556,0.136363636364,2024,0.6,17,0.913043478261,0,0.91,0
3462,2024-09-17,0.172839506173,0.009036144578,0.07250755287,0.196261682243,0.719424460432,0.319727891156,0.345238095238,0.415730337079,0.135135135135,0.739130434783,0.255555555556,0.181818181818,2024,0.6,17,1.0,0,0.83,0
3463,2024-09-17,0.172839506173,0.003012048193,0.04833836858,0.140186915888,0.647482014388,0.401360544218,0.535714285714,0.404494382022,0.135135135135,0.695652173913,0.302777777778,0.257575757576,2024,0.6,17,0.95652173913,0,0.84,0
3464,2024-09-17,0.148148148148,0.006024096386,0.051359516616,0.140186915888,0.388489208633,0.30612244898,0.321428571429,0.426966292135,0.081081081081,0.608695652174,0.319444444444,0.166666666667,2024,0.6,17,0.869565217391,0,0.96,0
3465,2024-09-17,0.172839506173,0.027108433735,0.108761329305,0.252336448598,0.201438848921,0.102040816327,0.071428571429,0.516853932584,0.054054054054,0.565217391304,0.091666666667,0.227272727273,2024,0.6,17,0.826086956522,0,0.95,0
3466,2024-09-17,0.172839506173,0.018072289157,0.087613293051,0.214953271028,0.237410071942,0.210884353741,0.178571428571,0.595505617978,0.054054054054,0.478260869565,0.038888888889,0.166666666667,2024,0.6,17,0.739130434783,0,0.94,0
3467,2024-09-17,0.296296296296,0.030120481928,0.141993957704,0.345794392523,0.151079136691,0.176870748299,0.178571428571,0.651685393258,0.054054054054,0.478260869565,0.841666666667,0.151515151515,2024,0.6,17,0.652173913043,0,0.89,0
3468,2024-09-17,0.320987654321,0.048192771084,0.190332326284,0.439252336449,0.043165467626,0.210884353741,0.22619047619,0.696629213483,0.054054054054,0.434782608696,0.852777777778,0.136363636364,2024,0.6,17,0.608695652174,0,0.96,0
3469,2024-09-17,0.296296296296,0.042168674699,0.175226586103,0.411214953271,0.05035971223,0.244897959184,0.261904761905,0.707865168539,0.054054054054,0.434782608696,0.805555555556,0.136363636364,2024,0.6,17,0.565217391304,0,1.0,0
3470,2024-09-17,0.345679012346,0.042168674699,0.175226586103,0.411214953271,0.028776978417,0.285714285714,0.333333333333,0.741573033708,0.054054054054,0.434782608696,0.847222222222,0.121212121212,2024,0.6,17,0.478260869565,0,1.0,0
3471,2024-09-17,0.320987654321,0.072289156627,0.205438066465,0.411214953271,0.014388489209,0.285714285714,0.333333333333,0.752808988764,0.054054054054,0.391304347826,0.880555555556,0.166666666667,2024,0.6,17,0.434782608696,0,1.0,0
3472,2024-09-18,0.172839506173,0.012048192771,0.060422960725,0.14953271028,0.143884892086,0.231292517007,0.25,0.76404494382,0.027027027027,0.391304347826,0.675,0.121212121212,2024,0.6,18,0.391304347826,0,1.0,0
3473,2024-09-18,0.271604938272,0.057228915663,0.16918429003,0.345794392523,0.007194244604,0.319727891156,0.297619047619,0.775280898876,0.054054054054,0.347826086957,0.877777777778,0.045454545455,2024,0.6,18,0.347826086957,0,1.0,0
3474,2024-09-18,0.246913580247,0.051204819277,0.151057401813,0.308411214953,0.014388489209,0.272108843537,0.285714285714,0.808988764045,0.054054054054,0.347826086957,0.833333333333,0.106060606061,2024,0.6,18,0.304347826087,0,1.0,0
3475,2024-09-18,0.222222222222,0.015060240964,0.099697885196,0.261682242991,0.014388489209,0.285714285714,0.297619047619,0.808988764045,0.054054054054,0.347826086957,0.777777777778,0.090909090909,2024,0.6,18,0.260869565217,0,1.0,0
3476,2024-09-18,0.197530864198,0.036144578313,0.117824773414,0.252336448598,0.007194244604,0.238095238095,0.22619047619,0.831460674157,0.054054054054,0.347826086957,0.6,0.060606060606,2024,0.6,18,0.173913043478,0,1.0,0
3477,2024-09-18,0.197530864198,0.024096385542,0.093655589124,0.214953271028,0.021582733813,0.258503401361,0.309523809524,0.831460674157,0.054054054054,0.347826086957,0.611111111111,0.045454545455,2024,0.6,18,0.130434782609,0,1.0,0
3478,2024-09-18,0.271604938272,0.090361445783,0.163141993958,0.224299065421,0.007194244604,0.176870748299,0.190476190476,0.831460674157,0.054054054054,0.304347826087,0.047222222222,0.060606060606,2024,0.6,18,0.04347826087,0,1.0,0
3479,2024-09-18,0.41975308642,0.256024096386,0.326283987915,0.224299065421,0.007194244604,0.292517006803,0.321428571429,0.865168539326,0.081081081081,0.304347826087,0.055555555556,0.045454545455,2024,0.6,18,0.0,0,0.94,0
3480,2024-09-18,0.395061728395,0.243975903614,0.329305135952,0.261682242991,0.014388489209,0.319727891156,0.285714285714,0.887640449438,0.081081081081,0.347826086957,0.036111111111,0.030303030303,2024,0.6,18,0.086956521739,0,0.88,0
3481,2024-09-18,0.37037037037,0.192771084337,0.308157099698,0.355140186916,0.035971223022,0.353741496599,0.392857142857,0.808988764045,0.081081081081,0.434782608696,0.180555555556,0.090909090909,2024,0.6,18,0.217391304348,0,0.94,0
3482,2024-09-18,0.271604938272,0.078313253012,0.184290030211,0.327102803738,0.136690647482,0.374149659864,0.416666666667,0.573033707865,0.054054054054,0.608695652174,0.127777777778,0.090909090909,2024,0.6,18,0.521739130435,0,0.96,0
3483,2024-09-18,0.246913580247,0.036144578313,0.138972809668,0.308411214953,0.26618705036,0.30612244898,0.380952380952,0.449438202247,0.054054054054,0.739130434783,0.136111111111,0.121212121212,2024,0.6,18,0.695652173913,0,0.94,0
3484,2024-09-18,0.197530864198,0.018072289157,0.102719033233,0.252336448598,0.424460431655,0.299319727891,0.392857142857,0.404494382022,0.054054054054,0.782608695652,0.161111111111,0.136363636364,2024,0.6,18,0.782608695652,0,0.96,0
3485,2024-09-18,0.172839506173,0.009036144578,0.075528700906,0.205607476636,0.58273381295,0.292517006803,0.392857142857,0.370786516854,0.054054054054,0.782608695652,0.155555555556,0.136363636364,2024,0.6,18,0.913043478261,0,0.98,0
3486,2024-09-18,0.148148148148,0.006024096386,0.036253776435,0.093457943925,0.604316546763,0.374149659864,0.535714285714,0.337078651685,0.081081081081,0.869565217391,0.088888888889,0.151515151515,2024,0.6,18,1.0,0,0.84,0
3487,2024-09-18,0.177777777778,0.006024096386,0.066465256798,0.18691588785,0.654676258993,0.258503401361,0.369047619048,0.337078651685,0.054054054054,0.869565217391,0.038888888889,0.378787878788,2024,0.6,18,0.95652173913,0,0.96,0
3488,2024-09-18,0.177777777778,0.009036144578,0.066465256798,0.177570093458,0.597122302158,0.278911564626,0.309523809524,0.348314606742,0.054054054054,0.826086956522,0.988888888889,0.393939393939,2024,0.6,18,0.869565217391,0,0.92,0
3489,2024-09-18,0.172839506173,0.003012048193,0.042296072508,0.121495327103,0.467625899281,0.244897959184,0.22619047619,0.415730337079,0.054054054054,0.739130434783,0.308333333333,0.181818181818,2024,0.6,18,0.826086956522,0,0.91,0
3490,2024-09-18,0.202469135802,0.024096385542,0.105740181269,0.261682242991,0.273381294964,0.21768707483,0.238095238095,0.685393258427,0.054054054054,0.478260869565,0.083333333333,0.484848484848,2024,0.6,18,0.739130434783,0,0.96,0
3491,2024-09-27,0.153086419753,0.027108433735,0.045317220544,0.056074766355,0.143884892086,0.095238095238,0.107142857143,0.887640449438,0.027027027027,0.347826086957,0.344444444444,0.469696969697,2024,0.6,27,0.695652173913,0,0.91,0
3492,2024-09-27,0.135802469136,0.015060240964,0.027190332326,0.028037383178,0.179856115108,0.027210884354,0.011904761905,0.696629213483,0.027027027027,0.434782608696,0.388888888889,0.560606060606,2024,0.6,27,0.782608695652,0,0.92,0
3493,2024-09-27,0.145679012346,0.021084337349,0.036253776435,0.056074766355,0.158273381295,,,0.741573033708,0.027027027027,0.391304347826,0.327777777778,0.560606060606,2024,0.6,27,0.913043478261,0,0.91,0
3494,2024-09-27,0.158024691358,0.024096385542,0.045317220544,0.07476635514,0.122302158273,0.054421768707,0.059523809524,0.820224719101,0.027027027027,0.347826086957,0.316666666667,0.545454545455,2024,0.6,27,1.0,0,0.87,0
3495,2024-09-27,0.175308641975,0.027108433735,0.057401812689,0.093457943925,0.10071942446,0.034013605442,0.02380952381,0.85393258427,0.027027027027,0.304347826087,0.344444444444,0.560606060606,2024,0.6,27,0.95652173913,0,0.8,0
3496,2024-09-27,0.224691358025,0.048192771084,0.09667673716,0.14953271028,0.064748201439,0.068027210884,0.095238095238,0.876404494382,0.027027027027,0.304347826087,0.338888888889,0.393939393939,2024,0.6,27,0.869565217391,0,0.68,0
3497,2024-09-27,0.244444444444,0.051204819277,0.102719033233,0.168224299065,0.057553956835,0.095238095238,0.130952380952,0.887640449438,0.027027027027,0.304347826087,0.380555555556,0.333333333333,2024,0.6,27,0.826086956522,0,0.73,0
3498,2024-09-27,0.232098765432,0.039156626506,0.093655589124,0.168224299065,0.05035971223,0.054421768707,0.035714285714,0.876404494382,0.027027027027,0.260869565217,0.333333333333,0.378787878788,2024,0.6,27,0.739130434783,0,0.85,0
3499,2024-09-27,0.264197530864,0.045180722892,0.111782477341,0.205607476636,0.021582733813,0.061224489796,0.047619047619,0.865168539326,0.027027027027,0.260869565217,0.338888888889,0.227272727273,2024,0.6,27,0.652173913043,0,0.71,0
3500,2024-09-27,0.333333333333,0.081325301205,0.154078549849,0.214953271028,0.007194244604,0.061224489796,0.083333333333,0.876404494382,0.054054054054,0.260869565217,0.305555555556,0.30303030303,2024,0.6,27,0.608695652174,0,0.84,0
3501,2024-09-27,0.343209876543,0.099397590361,0.166163141994,0.205607476636,0.007194244604,0.061224489796,0.035714285714,0.876404494382,0.054054054054,0.260869565217,0.333333333333,0.242424242424,2024,0.6,27,0.565217391304,0,0.98,0
3502,2024-09-27,0.350617283951,0.114457831325,0.178247734139,0.196261682243,0.007194244604,0.108843537415,0.130952380952,0.887640449438,0.027027027027,0.260869565217,0.397222222222,0.136363636364,2024,0.6,27,0.478260869565,0,0.98,0
3503,2024-09-27,0.311111111111,0.099397590361,0.160120845921,0.18691588785,0.007194244604,0.108843537415,0.130952380952,0.887640449438,0.054054054054,0.217391304348,0.319444444444,0.136363636364,2024,0.6,27,0.434782608696,0,1.0,0
3504,2024-09-28,0.237037037037,0.081325301205,0.141993957704,0.18691588785,0.007194244604,0.122448979592,0.142857142857,0.887640449438,0.027027027027,0.217391304348,0.158333333333,0.106060606061,2024,0.6,28,0.347826086957,0,1.0,0
3505,2024-09-28,0.23950617284,0.123493975904,0.184290030211,0.196261682243,0.007194244604,0.156462585034,0.178571428571,0.898876404494,0.054054054054,0.173913043478,0.041666666667,0.060606060606,2024,0.6,28,0.304347826087,0,1.0,0
3506,2024-09-28,0.274074074074,0.138554216867,0.199395770393,0.18691588785,0.007194244604,0.108843537415,0.095238095238,0.910112359551,0.027027027027,0.173913043478,0.861111111111,0.090909090909,2024,0.6,28,0.260869565217,0,1.0,0
3507,2024-09-28,0.296296296296,0.201807228916,0.256797583082,0.168224299065,0.007194244604,0.149659863946,0.154761904762,0.910112359551,0.054054054054,0.173913043478,0.027777777778,0.075757575758,2024,0.6,28,0.173913043478,0,1.0,0
3508,2024-09-28,0.244444444444,0.10843373494,0.160120845921,0.158878504673,0.007194244604,0.108843537415,0.059523809524,0.921348314607,0.027027027027,0.173913043478,0.038888888889,0.121212121212,2024,0.6,28,0.130434782609,0,1.0,0
3509,2024-09-28,0.358024691358,0.274096385542,0.323262839879,0.140186915888,0.007194244604,0.142857142857,0.142857142857,0.932584269663,0.054054054054,0.173913043478,0.319444444444,0.045454545455,2024,0.6,28,0.04347826087,0,1.0,0
3510,2024-09-28,0.471604938272,0.382530120482,0.444108761329,0.18691588785,0.007194244604,0.204081632653,0.190476190476,0.943820224719,0.081081081081,0.217391304348,0.105555555556,0.075757575758,2024,0.6,28,0.086956521739,0,1.0,0
3511,2024-09-28,0.362962962963,0.222891566265,0.308157099698,0.252336448598,0.028776978417,0.21768707483,0.22619047619,0.921348314607,0.081081081081,0.304347826087,0.961111111111,0.136363636364,2024,0.6,28,0.217391304348,0,0.94,0
3512,2024-09-28,0.316049382716,0.135542168675,0.244712990937,0.336448598131,0.057553956835,0.190476190476,0.190476190476,0.752808988764,0.054054054054,0.434782608696,0.038888888889,0.166666666667,2024,0.6,28,0.521739130435,0,0.95,0
3513,2024-09-28,0.283950617284,0.075301204819,0.202416918429,0.392523364486,0.165467625899,0.210884353741,0.261904761905,0.595505617978,0.054054054054,0.521739130435,0.125,0.242424242424,2024,0.6,28,0.695652173913,0,0.95,0
3514,2024-09-28,0.259259259259,0.024096385542,0.14501510574,0.373831775701,0.467625899281,0.333333333333,0.440476190476,0.438202247191,0.054054054054,0.695652173913,0.055555555556,0.257575757576,2024,0.6,28,0.913043478261,0,0.93,0
3515,2024-09-28,0.202469135802,0.006024096386,0.066465256798,0.18691588785,0.705035971223,0.292517006803,0.404761904762,0.404494382022,0.054054054054,0.739130434783,0.122222222222,0.363636363636,2024,0.6,28,1.0,0,0.96,0
3516,2024-09-28,0.172839506173,0.003012048193,0.042296072508,0.121495327103,0.741007194245,0.299319727891,0.452380952381,0.393258426966,0.054054054054,0.739130434783,0.1,0.318181818182,2024,0.6,28,0.95652173913,0,0.94,0
3517,2024-09-28,0.281481481481,0.012048192771,0.09667673716,0.261682242991,0.31654676259,0.108843537415,0.047619047619,0.606741573034,0.027027027027,0.521739130435,0.65,0.5,2024,0.6,28,0.826086956522,0,1.0,0
3518,2024-09-28,0.316049382716,0.021084337349,0.123867069486,0.317757009346,0.208633093525,0.176870748299,0.178571428571,0.786516853933,0.027027027027,0.347826086957,0.883333333333,0.469696969697,2024,0.6,28,0.739130434783,0,0.99,0
3519,2024-09-28,0.266666666667,0.021084337349,0.117824773414,0.289719626168,0.165467625899,0.183673469388,0.25,0.887640449438,0.027027027027,0.260869565217,0.883333333333,0.560606060606,2024,0.6,28,0.652173913043,0,0.93,0
3520,2024-09-28,0.222222222222,0.015060240964,0.087613293051,0.224299065421,0.187050359712,0.122448979592,0.178571428571,0.921348314607,0.027027027027,0.260869565217,0.866666666667,0.469696969697,2024,0.6,28,0.608695652174,0,0.88,0
3521,2024-09-28,0.212345679012,0.012048192771,0.09667673716,0.261682242991,0.136690647482,0.115646258503,0.154761904762,0.932584269663,0.027027027027,0.260869565217,0.844444444444,0.348484848485,2024,0.6,28,0.565217391304,0,0.9,0
3522,2024-09-28,0.214814814815,0.015060240964,0.09667673716,0.261682242991,0.136690647482,0.108843537415,0.154761904762,0.943820224719,0.054054054054,0.217391304348,0.766666666667,0.257575757576,2024,0.6,28,0.478260869565,0,1.0,0
3523,2024-09-28,0.217283950617,0.006024096386,0.07250755287,0.205607476636,0.179856115108,0.122448979592,0.166666666667,0.943820224719,0.027027027027,0.217391304348,0.85,0.212121212121,2024,0.6,28,0.434782608696,0,0.99,0
3524,2024-09-30,0.128395061728,0.009036144578,0.045317220544,0.102803738318,0.079136690647,0.197278911565,0.202380952381,0.842696629213,0.351351351351,0.217391304348,0.877777777778,0.333333333333,2024,0.6,30,0.130434782609,0,1.0,0
3525,2024-09-30,0.175308641975,0.03313253012,0.09667673716,0.205607476636,0.028776978417,0.244897959184,0.321428571429,0.85393258427,0.324324324324,0.217391304348,0.830555555556,0.378787878788,2024,0.6,30,0.04347826087,0,0.98,0
3526,2024-09-30,0.185185185185,0.042168674699,0.12084592145,0.242990654206,0.028776978417,0.258503401361,0.321428571429,0.820224719101,0.351351351351,0.217391304348,0.808333333333,0.333333333333,2024,0.6,30,0.0,0,0.94,0
3527,2024-09-30,0.276543209877,0.105421686747,0.199395770393,0.289719626168,0.014388489209,0.265306122449,0.321428571429,0.786516853933,0.459459459459,0.217391304348,0.819444444444,0.227272727273,2024,0.6,30,0.086956521739,0,0.93,0
3528,2024-09-30,0.264197530864,0.093373493976,0.181268882175,0.271028037383,0.035971223022,0.299319727891,0.309523809524,0.752808988764,0.189189189189,0.217391304348,0.775,0.333333333333,2024,0.6,30,0.217391304348,0,0.99,0
3529,2024-09-30,0.246913580247,0.081325301205,0.160120845921,0.242990654206,0.064748201439,0.265306122449,0.178571428571,0.752808988764,0.135135135135,0.260869565217,0.813888888889,0.166666666667,2024,0.6,30,0.521739130435,0,0.96,0
3530,2024-09-30,0.283950617284,0.096385542169,0.190332326284,0.289719626168,0.086330935252,0.299319727891,0.297619047619,0.674157303371,0.216216216216,0.347826086957,0.516666666667,0.19696969697,2024,0.6,30,0.695652173913,0,0.93,0
3531,2024-09-30,0.283950617284,0.072289156627,0.184290030211,0.336448598131,0.165467625899,0.333333333333,0.333333333333,0.561797752809,0.216216216216,0.478260869565,0.272222222222,0.212121212121,2024,0.6,30,0.782608695652,0,0.95,0
3532,2024-09-30,0.246913580247,0.036144578313,0.129909365559,0.289719626168,0.287769784173,0.360544217687,0.392857142857,0.483146067416,0.108108108108,0.608695652174,0.944444444444,0.212121212121,2024,0.6,30,0.913043478261,0,0.95,0
3533,2024-09-30,0.227160493827,0.021084337349,0.111782477341,0.280373831776,0.410071942446,0.285714285714,0.321428571429,0.449438202247,0.054054054054,0.652173913043,0.038888888889,0.30303030303,2024,0.6,30,1.0,0,0.96,0
3534,2024-09-30,0.204938271605,0.006024096386,0.060422960725,0.177570093458,0.669064748201,0.43537414966,0.678571428571,0.415730337079,0.054054054054,0.652173913043,0.994444444444,0.318181818182,2024,0.6,30,0.95652173913,0,0.95,0
3535,2024-09-30,0.212345679012,0.006024096386,0.054380664653,0.14953271028,0.589928057554,0.401360544218,0.559523809524,0.426966292135,0.054054054054,0.652173913043,0.869444444444,0.318181818182,2024,0.6,30,0.869565217391,0,0.98,0
3536,2024-09-30,0.197530864198,0.006024096386,0.054380664653,0.140186915888,0.395683453237,0.353741496599,0.464285714286,0.47191011236,0.054054054054,0.608695652174,0.908333333333,0.318181818182,2024,0.6,30,0.826086956522,0,0.93,0
3537,2024-09-30,0.162962962963,0.042168674699,0.117824773414,0.233644859813,0.129496402878,0.183673469388,0.154761904762,0.730337078652,0.054054054054,0.391304347826,0.138888888889,0.636363636364,2024,0.6,30,0.739130434783,0,0.9,0
3538,2024-09-30,0.234567901235,0.018072289157,0.081570996979,0.196261682243,0.093525179856,0.115646258503,0.119047619048,0.898876404494,0.054054054054,0.260869565217,0.980555555556,0.333333333333,2024,0.6,30,0.652173913043,0,0.87,0
3539,2024-09-30,0.256790123457,0.021084337349,0.099697885196,0.242990654206,0.043165467626,0.08843537415,0.119047619048,0.921348314607,0.054054054054,0.260869565217,0.025,0.30303030303,2024,0.6,30,0.608695652174,0,0.96,0
3540,2024-09-30,0.195061728395,0.009036144578,0.066465256798,0.177570093458,0.079136690647,0.142857142857,0.166666666667,0.898876404494,0.027027027027,0.260869565217,1.0,0.363636363636,2024,0.6,30,0.565217391304,0,1.0,0
3541,2024-09-30,0.182716049383,0.009036144578,0.060422960725,0.158878504673,0.093525179856,0.108843537415,0.107142857143,0.842696629213,0.027027027027,0.260869565217,0.980555555556,0.424242424242,2024,0.6,30,0.478260869565,0,0.99,0
3542,2024-09-30,0.202469135802,0.021084337349,0.084592145015,0.196261682243,0.064748201439,0.122448979592,0.154761904762,0.808988764045,0.027027027027,0.260869565217,0.897222222222,0.333333333333,2024,0.6,30,0.434782608696,0,1.0,0
3543,2024-10-01,0.108641975309,0.003012048193,0.009063444109,0.018691588785,0.251798561151,0.115646258503,0.095238095238,,0.027027027027,,0.925,0.484848484848,2024,0.0,1,0.391304347826,0,1.0,0
3544,2024-10-01,,,,,,0.170068027211,0.214285714286,0.820224719101,,0.260869565217,0.902777777778,0.318181818182,2024,0.0,1,0.347826086957,0,0.99,0
3545,2024-10-01,,,,,,0.197278911565,0.261904761905,0.831460674157,,0.217391304348,0.888888888889,0.318181818182,2024,0.0,1,0.304347826087,0,1.0,0
3546,2024-10-01,,,,,,0.156462585034,0.202380952381,0.831460674157,,0.217391304348,0.908333333333,0.378787878788,2024,0.0,1,0.260869565217,0,1.0,0
3547,2024-10-01,0.120987654321,0.006024096386,0.015105740181,0.03738317757,0.165467625899,0.136054421769,0.190476190476,0.831460674157,0.027027027027,0.217391304348,0.858333333333,0.378787878788,2024,0.0,1,0.173913043478,0,1.0,0
3548,2024-10-01,0.130864197531,0.009036144578,0.033232628399,0.07476635514,0.115107913669,0.170068027211,0.25,0.831460674157,0.054054054054,0.217391304348,0.858333333333,0.318181818182,2024,0.0,1,0.130434782609,0,1.0,0
3549,2024-10-01,0.148148148148,0.012048192771,0.057401812689,0.140186915888,0.071942446043,0.149659863946,0.154761904762,0.85393258427,0.027027027027,0.173913043478,0.877777777778,0.272727272727,2024,0.0,1,0.04347826087,0,1.0,0
3550,2024-10-01,0.21975308642,0.045180722892,0.111782477341,0.205607476636,0.021582733813,0.163265306122,0.178571428571,0.865168539326,0.027027027027,0.173913043478,0.902777777778,0.212121212121,2024,0.0,1,0.0,0,1.0,0
3551,2024-10-01,0.195061728395,0.045180722892,0.102719033233,0.177570093458,0.057553956835,0.183673469388,0.214285714286,0.887640449438,0.054054054054,0.217391304348,0.913888888889,0.212121212121,2024,0.0,1,0.086956521739,0,1.0,0
3552,2024-10-01,0.138271604938,0.024096385542,0.054380664653,0.102803738318,0.143884892086,0.21768707483,0.261904761905,0.797752808989,0.054054054054,0.347826086957,0.983333333333,0.212121212121,2024,0.0,1,0.217391304348,0,1.0,0
3553,2024-10-01,0.103703703704,0.012048192771,0.02416918429,0.03738317757,0.223021582734,0.170068027211,0.214285714286,0.61797752809,0.027027027027,0.391304347826,0.036111111111,0.454545454545,2024,0.0,1,0.521739130435,0,1.0,0
3554,2024-10-01,0.130864197531,0.009036144578,0.027190332326,0.056074766355,0.208633093525,0.08843537415,0.071428571429,0.606741573034,0.027027027027,0.391304347826,0.875,0.378787878788,2024,0.0,1,0.695652173913,0,1.0,0
3555,2024-10-01,0.120987654321,0.009036144578,0.030211480363,0.065420560748,0.215827338129,0.176870748299,0.214285714286,0.61797752809,0.027027027027,0.391304347826,0.958333333333,0.378787878788,2024,0.0,1,0.782608695652,0,1.0,0
3556,2024-10-01,0.108641975309,0.006024096386,0.018126888218,0.03738317757,0.26618705036,0.136054421769,0.095238095238,0.595505617978,0.027027027027,0.434782608696,0.0,0.409090909091,2024,0.0,1,0.913043478261,0,0.99,0
3557,2024-10-01,0.120987654321,0.006024096386,0.015105740181,0.03738317757,0.280575539568,0.204081632653,0.178571428571,0.561797752809,0.027027027027,0.478260869565,0.908333333333,0.333333333333,2024,0.0,1,1.0,0,1.0,0
3558,2024-10-01,0.162962962963,0.006024096386,0.039274924471,0.093457943925,0.26618705036,0.115646258503,0.047619047619,0.61797752809,0.027027027027,0.434782608696,0.883333333333,0.5,2024,0.0,1,0.95652173913,0,0.98,0
3559,2024-10-01,0.158024691358,0.015060240964,0.042296072508,0.084112149533,0.258992805755,0.231292517007,0.214285714286,0.629213483146,0.054054054054,0.434782608696,0.866666666667,0.681818181818,2024,0.0,1,0.869565217391,0,1.0,0
3560,2024-10-01,0.150617283951,0.015060240964,0.045317220544,0.093457943925,0.230215827338,0.238095238095,0.166666666667,0.640449438202,0.054054054054,0.391304347826,0.877777777778,0.772727272727,2024,0.0,1,0.826086956522,0,1.0,0
3561,2024-10-01,0.155555555556,0.018072289157,0.045317220544,0.084112149533,0.201438848921,0.238095238095,0.154761904762,0.651685393258,0.027027027027,0.391304347826,0.897222222222,0.742424242424,2024,0.0,1,0.739130434783,0,1.0,0
3562,2024-10-01,0.167901234568,0.015060240964,0.066465256798,0.158878504673,0.151079136691,0.149659863946,0.095238095238,0.707865168539,0.027027027027,0.304347826087,0.894444444444,0.727272727273,2024,0.0,1,0.652173913043,0,1.0,0
3563,2024-10-01,0.16049382716,0.018072289157,0.075528700906,0.177570093458,0.136690647482,0.149659863946,0.083333333333,0.719101123596,0.054054054054,0.260869565217,0.888888888889,0.606060606061,2024,0.0,1,0.608695652174,0,1.0,0
3564,2024-10-01,0.150617283951,0.018072289157,0.057401812689,0.130841121495,0.165467625899,0.170068027211,0.142857142857,0.730337078652,0.027027027027,0.260869565217,0.905555555556,0.5,2024,0.0,1,0.565217391304,0,1.0,0
3565,2024-10-01,0.133333333333,0.003012048193,0.02416918429,0.065420560748,0.215827338129,0.115646258503,0.083333333333,0.741573033708,0.027027027027,0.260869565217,0.894444444444,0.545454545455,2024,0.0,1,0.478260869565,0,1.0,0
3566,2024-10-01,0.130864197531,0.003012048193,0.018126888218,0.046728971963,0.230215827338,0.115646258503,0.130952380952,0.76404494382,0.027027027027,0.217391304348,0.922222222222,0.560606060606,2024,0.0,1,0.434782608696,0,1.0,0
3567,2024-10-02,0.130864197531,0.012048192771,0.084592145015,0.224299065421,0.05035971223,0.163265306122,0.130952380952,,0.054054054054,,0.880555555556,0.469696969697,2024,0.0,2,0.391304347826,0,1.0,0
3568,2024-10-02,0.098765432099,0.003012048193,0.015105740181,0.03738317757,0.223021582734,0.12925170068,0.178571428571,0.797752808989,0.027027027027,0.217391304348,0.836111111111,0.454545454545,2024,0.0,2,0.347826086957,0,1.0,0
3569,2024-10-02,0.093827160494,0.003012048193,0.012084592145,0.028037383178,0.223021582734,0.108843537415,0.107142857143,0.775280898876,0.027027027027,0.217391304348,0.825,0.378787878788,2024,0.0,2,0.304347826087,0,1.0,0
3570,2024-10-02,0.093827160494,0.0,0.012084592145,0.03738317757,0.208633093525,0.081632653061,0.059523809524,0.820224719101,0.027027027027,0.173913043478,0.897222222222,0.393939393939,2024,0.0,2,0.260869565217,0,1.0,0
3571,2024-10-02,0.106172839506,0.003012048193,0.030211480363,0.084112149533,0.158273381295,0.108843537415,0.095238095238,0.865168539326,0.027027027027,0.173913043478,0.872222222222,0.378787878788,2024,0.0,2,0.173913043478,0,1.0,0
3572,2024-10-02,0.128395061728,0.009036144578,0.063444108761,0.158878504673,0.107913669065,0.122448979592,0.119047619048,0.876404494382,0.081081081081,0.173913043478,0.880555555556,0.409090909091,2024,0.0,2,0.130434782609,0,1.0,0
3573,2024-10-02,0.153086419753,0.018072289157,0.063444108761,0.140186915888,0.115107913669,0.170068027211,0.22619047619,0.876404494382,0.405405405405,0.173913043478,0.886111111111,0.424242424242,2024,0.0,2,0.04347826087,0,1.0,0
3574,2024-10-02,0.214814814815,0.042168674699,0.108761329305,0.205607476636,0.057553956835,0.142857142857,0.190476190476,0.85393258427,0.756756756757,0.173913043478,0.877777777778,0.469696969697,2024,0.0,2,0.0,0,0.96,0
3575,2024-10-02,0.298765432099,0.069277108434,0.14501510574,0.233644859813,0.057553956835,0.197278911565,0.261904761905,0.85393258427,0.351351351351,0.217391304348,0.877777777778,0.469696969697,2024,0.0,2,0.086956521739,0,0.94,0
3576,2024-10-02,0.308641975309,0.093373493976,0.172205438066,0.242990654206,0.057553956835,0.176870748299,0.190476190476,0.85393258427,0.189189189189,0.217391304348,0.858333333333,0.469696969697,2024,0.0,2,0.217391304348,0,0.95,0
3577,2024-10-02,0.296296296296,0.078313253012,0.151057401813,0.224299065421,0.093525179856,0.21768707483,0.238095238095,0.831460674157,0.081081081081,0.217391304348,0.877777777778,0.515151515152,2024,0.0,2,0.521739130435,0,0.93,0
3578,2024-10-02,0.207407407407,0.045180722892,0.093655589124,0.140186915888,0.165467625899,0.136054421769,0.095238095238,0.719101123596,0.054054054054,0.304347826087,0.922222222222,0.681818181818,2024,0.0,2,0.782608695652,0,0.99,0
3579,2024-10-02,0.162962962963,0.036144578313,0.078549848943,0.130841121495,0.194244604317,0.156462585034,0.166666666667,0.662921348315,0.027027027027,0.304347826087,1.0,0.5,2024,0.0,2,0.913043478261,0,0.97,0
3580,2024-10-02,0.16049382716,0.021084337349,0.051359516616,0.093457943925,0.258992805755,0.136054421769,0.130952380952,0.573033707865,0.027027027027,0.391304347826,0.922222222222,0.409090909091,2024,0.0,2,1.0,0,0.95,0
3581,2024-10-02,0.167901234568,0.018072289157,0.054380664653,0.11214953271,0.309352517986,0.163265306122,0.190476190476,0.47191011236,0.027027027027,0.478260869565,0.925,0.348484848485,2024,0.0,2,0.95652173913,0,0.97,0
3582,2024-10-02,0.192592592593,0.024096385542,0.07250755287,0.14953271028,0.26618705036,0.136054421769,0.142857142857,0.438202247191,0.027027027027,0.478260869565,0.916666666667,0.333333333333,2024,0.0,2,0.869565217391,0,0.85,0
3583,2024-10-02,0.187654320988,0.030120481928,0.084592145015,0.168224299065,0.244604316547,0.136054421769,0.095238095238,0.415730337079,0.027027027027,0.478260869565,0.933333333333,0.439393939394,2024,0.0,2,0.826086956522,0,0.97,0
3584,2024-10-02,0.165432098765,0.030120481928,0.084592145015,0.168224299065,0.194244604317,0.156462585034,0.107142857143,0.415730337079,0.027027027027,0.478260869565,0.969444444444,0.5,2024,0.0,2,0.739130434783,0,0.98,0
3585,2024-10-02,0.192592592593,0.027108433735,0.081570996979,0.168224299065,0.136690647482,0.142857142857,0.095238095238,0.47191011236,0.027027027027,0.391304347826,0.991666666667,0.5,2024,0.0,2,0.652173913043,0,0.92,0
3586,2024-10-02,0.19012345679,0.027108433735,0.093655589124,0.214953271028,0.079136690647,0.149659863946,0.119047619048,0.47191011236,0.054054054054,0.347826086957,0.025,0.469696969697,2024,0.0,2,0.608695652174,0,0.94,0
3587,2024-10-02,0.18024691358,0.036144578313,0.09667673716,0.18691588785,0.093525179856,0.149659863946,0.059523809524,0.52808988764,0.027027027027,0.304347826087,0.969444444444,0.469696969697,2024,0.0,2,0.565217391304,0,1.0,0
3588,2024-10-02,0.153086419753,0.015060240964,0.063444108761,0.140186915888,0.107913669065,0.142857142857,0.071428571429,0.584269662921,0.027027027027,0.260869565217,0.980555555556,0.318181818182,2024,0.0,2,0.478260869565,0,1.0,0
3589,2024-10-02,0.140740740741,0.012048192771,0.066465256798,0.168224299065,0.093525179856,0.149659863946,0.130952380952,0.584269662921,0.027027027027,0.217391304348,0.855555555556,0.439393939394,2024,0.0,2,0.434782608696,0,1.0,0
3590,2024-10-03,0.167901234568,0.015060240964,0.093655589124,0.242990654206,0.043165467626,0.319727891156,0.190476190476,,0.081081081081,,0.855555555556,0.424242424242,2024,0.0,3,0.391304347826,0,1.0,0
3591,2024-10-03,0.111111111111,0.006024096386,0.054380664653,0.14953271028,0.115107913669,0.21768707483,0.154761904762,0.573033707865,0.027027027027,0.173913043478,0.886111111111,0.363636363636,2024,0.0,3,0.347826086957,0,1.0,0
3592,2024-10-03,0.101234567901,0.003012048193,0.039274924471,0.11214953271,0.143884892086,0.170068027211,0.083333333333,0.584269662921,0.054054054054,0.173913043478,0.880555555556,0.227272727273,2024,0.0,3,0.304347826087,0,1.0,0
3593,2024-10-03,0.106172839506,0.009036144578,0.078549848943,0.205607476636,0.064748201439,0.149659863946,0.119047619048,0.606741573034,0.081081081081,0.173913043478,0.822222222222,0.30303030303,2024,0.0,3,0.260869565217,0,1.0,0
3594,2024-10-03,0.111111111111,0.006024096386,0.063444108761,0.177570093458,0.071942446043,0.176870748299,0.166666666667,0.651685393258,0.081081081081,0.130434782609,0.808333333333,0.287878787879,2024,0.0,3,0.173913043478,0,1.0,0
3595,2024-10-03,0.125925925926,0.018072289157,0.093655589124,0.233644859813,0.035971223022,0.190476190476,0.190476190476,0.685393258427,0.081081081081,0.086956521739,0.858333333333,0.318181818182,2024,0.0,3,0.130434782609,0,1.0,0
3596,2024-10-03,0.155555555556,0.036144578313,0.114803625378,0.242990654206,0.035971223022,0.224489795918,0.214285714286,0.707865168539,0.108108108108,0.086956521739,0.875,0.242424242424,2024,0.0,3,0.04347826087,0,1.0,0
3597,2024-10-03,0.224691358025,0.105421686747,0.199395770393,0.299065420561,0.014388489209,0.183673469388,0.166666666667,0.730337078652,0.108108108108,0.086956521739,0.883333333333,0.212121212121,2024,0.0,3,0.0,0,0.91,0
3598,2024-10-03,0.279012345679,0.150602409639,0.247734138973,0.289719626168,0.028776978417,0.231292517007,0.166666666667,0.707865168539,0.162162162162,0.173913043478,0.844444444444,0.212121212121,2024,0.0,3,0.086956521739,0,0.88,0
3599,2024-10-03,0.281481481481,0.135542168675,0.232628398792,0.299065420561,0.064748201439,0.285714285714,0.202380952381,0.561797752809,0.135135135135,0.304347826087,0.85,0.121212121212,2024,0.0,3,0.217391304348,0,0.82,0
3600,2024-10-03,0.261728395062,0.090361445783,0.196374622356,0.336448598131,0.122302158273,0.312925170068,0.297619047619,0.438202247191,0.081081081081,0.434782608696,0.938888888889,0.166666666667,2024,0.0,3,0.521739130435,0,0.88,0
3601,2024-10-03,0.222222222222,0.063253012048,0.154078549849,0.280373831776,0.194244604317,0.312925170068,0.321428571429,0.337078651685,0.081081081081,0.521739130435,0.913888888889,0.257575757576,2024,0.0,3,0.695652173913,0,0.96,0
3602,2024-10-03,0.175308641975,0.03313253012,0.105740181269,0.233644859813,0.287769784173,0.170068027211,0.095238095238,0.247191011236,0.054054054054,0.608695652174,0.008333333333,0.272727272727,2024,0.0,3,0.782608695652,0,0.98,0
3603,2024-10-03,,,,,,,,0.224719101124,,0.652173913043,0.066666666667,0.287878787879,2024,0.0,3,0.913043478261,0,0.97,0
3604,2024-10-03,,,,,,,,0.23595505618,,0.652173913043,0.138888888889,0.378787878788,2024,0.0,3,1.0,0,0.87,0
3605,2024-10-03,,,,,,,,0.23595505618,,0.652173913043,0.25,0.454545454545,2024,0.0,3,0.95652173913,0,0.95,0
3606,2024-10-03,,,,,,,,0.325842696629,,0.608695652174,0.205555555556,0.575757575758,2024,0.0,3,0.869565217391,0,0.9,0
3607,2024-10-03,0.118518518519,0.039156626506,0.09667673716,0.177570093458,0.122302158273,0.204081632653,0.202380952381,0.483146067416,0.054054054054,0.434782608696,0.163888888889,0.469696969697,2024,0.0,3,0.739130434783,0,0.93,0
3608,2024-10-03,0.145679012346,0.015060240964,0.07250755287,0.18691588785,0.122302158273,0.095238095238,0.059523809524,0.449438202247,0.027027027027,0.434782608696,0.119444444444,0.257575757576,2024,0.0,3,0.652173913043,0,0.89,0
3609,2024-10-03,0.224691358025,0.03313253012,0.138972809668,0.327102803738,0.05035971223,0.027210884354,,0.460674157303,0.027027027027,0.391304347826,0.077777777778,0.19696969697,2024,0.0,3,0.608695652174,0,0.93,0
3610,2024-10-03,0.271604938272,0.045180722892,0.172205438066,0.392523364486,0.021582733813,0.210884353741,0.166666666667,0.449438202247,0.027027027027,0.391304347826,1.0,0.227272727273,2024,0.0,3,0.565217391304,0,0.94,0
3611,2024-10-03,0.241975308642,0.042168674699,0.154078549849,0.345794392523,0.021582733813,0.265306122449,0.166666666667,0.483146067416,0.054054054054,0.391304347826,0.030555555556,0.257575757576,2024,0.0,3,0.478260869565,0,1.0,0
3612,2024-10-03,0.21975308642,0.024096385542,0.123867069486,0.308411214953,0.028776978417,0.244897959184,0.130952380952,0.539325842697,0.054054054054,0.347826086957,0.861111111111,0.424242424242,2024,0.0,3,0.434782608696,0,1.0,0
3613,2024-10-04,0.214814814815,0.030120481928,0.111782477341,0.252336448598,0.035971223022,0.142857142857,0.178571428571,,0.027027027027,,0.013888888889,0.121212121212,2024,0.0,4,0.391304347826,0,1.0,0
3614,2024-10-04,0.143209876543,0.012048192771,0.078549848943,0.205607476636,0.05035971223,0.224489795918,0.154761904762,0.674157303371,0.243243243243,0.304347826087,0.858333333333,0.378787878788,2024,0.0,4,0.347826086957,0,1.0,0
3615,2024-10-04,0.128395061728,0.006024096386,0.060422960725,0.168224299065,0.079136690647,0.244897959184,0.27380952381,0.696629213483,0.324324324324,0.260869565217,0.9,0.454545454545,2024,0.0,4,0.304347826087,0,1.0,0
3616,2024-10-04,0.113580246914,0.006024096386,0.060422960725,0.168224299065,0.086330935252,0.258503401361,0.261904761905,0.707865168539,0.72972972973,0.260869565217,0.902777777778,0.318181818182,2024,0.0,4,0.260869565217,0,1.0,0
3617,2024-10-04,0.108641975309,0.003012048193,0.042296072508,0.121495327103,0.143884892086,0.251700680272,0.285714285714,0.674157303371,0.891891891892,0.260869565217,0.863888888889,0.393939393939,2024,0.0,4,0.173913043478,0,1.0,0
3618,2024-10-04,0.133333333333,0.012048192771,0.075528700906,0.196261682243,0.093525179856,0.183673469388,0.22619047619,0.674157303371,0.702702702703,0.260869565217,0.855555555556,0.318181818182,2024,0.0,4,0.130434782609,0,1.0,0
3619,2024-10-04,0.177777777778,0.030120481928,0.093655589124,0.196261682243,0.079136690647,0.197278911565,0.214285714286,0.696629213483,0.810810810811,0.217391304348,0.808333333333,0.242424242424,2024,0.0,4,0.04347826087,0,0.99,0
3620,2024-10-04,0.264197530864,0.069277108434,0.154078549849,0.271028037383,0.043165467626,0.210884353741,0.22619047619,0.719101123596,0.837837837838,0.217391304348,0.816666666667,0.227272727273,2024,0.0,4,0.0,0,0.91,0
3621,2024-10-04,0.323456790123,0.159638554217,0.271903323263,0.345794392523,0.028776978417,0.244897959184,0.261904761905,0.719101123596,0.837837837838,0.217391304348,0.844444444444,0.287878787879,2024,0.0,4,0.086956521739,0,0.86,0
3622,2024-10-04,0.288888888889,0.156626506024,0.268882175227,0.345794392523,0.043165467626,0.367346938776,0.333333333333,0.651685393258,0.675675675676,0.304347826087,0.880555555556,0.212121212121,2024,0.0,4,0.217391304348,0,0.96,0
3623,2024-10-04,0.256790123457,0.090361445783,0.208459214502,0.355140186916,0.071942446043,0.374149659864,0.333333333333,0.573033707865,0.432432432432,0.391304347826,0.686111111111,0.151515151515,2024,0.0,4,0.521739130435,0,0.98,0
3624,2024-10-04,0.308641975309,0.102409638554,0.232628398792,0.401869158879,0.10071942446,0.394557823129,0.380952380952,0.52808988764,0.324324324324,0.478260869565,0.825,0.227272727273,2024,0.0,4,0.695652173913,0,0.95,0
3625,2024-10-04,0.303703703704,0.066265060241,0.196374622356,0.401869158879,0.187050359712,0.455782312925,0.428571428571,0.460674157303,0.189189189189,0.565217391304,0.825,0.242424242424,2024,0.0,4,0.782608695652,0,1.0,0
3626,2024-10-04,0.22962962963,0.027108433735,0.117824773414,0.289719626168,0.36690647482,0.428571428571,0.416666666667,0.393258426966,0.081081081081,0.652173913043,1.0,0.272727272727,2024,0.0,4,0.913043478261,0,0.92,0
3627,2024-10-04,0.150617283951,0.006024096386,0.04833836858,0.130841121495,0.395683453237,0.374149659864,0.392857142857,0.404494382022,0.054054054054,0.608695652174,0.083333333333,0.257575757576,2024,0.0,4,1.0,0,0.95,0
3628,2024-10-04,0.227160493827,0.015060240964,0.093655589124,0.242990654206,0.374100719424,0.21768707483,0.202380952381,0.584269662921,0.081081081081,0.478260869565,0.972222222222,0.30303030303,2024,0.0,4,0.95652173913,0,0.89,0
3629,2024-10-04,0.301234567901,0.030120481928,0.14501510574,0.355140186916,0.26618705036,0.333333333333,0.357142857143,0.629213483146,0.081081081081,0.434782608696,0.7,0.393939393939,2024,0.0,4,0.869565217391,0,0.92,0
3630,2024-10-04,0.320987654321,0.039156626506,0.160120845921,0.373831775701,0.215827338129,0.387755102041,0.452380952381,0.595505617978,0.162162162162,0.434782608696,0.763888888889,0.363636363636,2024,0.0,4,0.826086956522,0,0.9,0
3631,2024-10-04,0.259259259259,0.039156626506,0.126888217523,0.261682242991,0.172661870504,0.353741496599,0.392857142857,0.573033707865,0.108108108108,0.434782608696,0.822222222222,0.409090909091,2024,0.0,4,0.739130434783,0,0.93,0
3632,2024-10-04,0.251851851852,0.027108433735,0.105740181269,0.242990654206,0.158273381295,0.244897959184,0.190476190476,0.61797752809,0.27027027027,0.434782608696,0.863888888889,0.439393939394,2024,0.0,4,0.652173913043,0,0.86,0
3633,2024-10-04,0.2,0.03313253012,0.105740181269,0.224299065421,0.071942446043,0.231292517007,0.22619047619,0.707865168539,0.081081081081,0.391304347826,0.083333333333,0.424242424242,2024,0.0,4,0.608695652174,0,0.94,0
3634,2024-10-04,0.232098765432,0.03313253012,0.09667673716,0.205607476636,0.064748201439,0.170068027211,0.130952380952,0.842696629213,0.054054054054,0.260869565217,0.941666666667,0.212121212121,2024,0.0,4,0.565217391304,0,0.96,0
3635,2024-10-04,0.224691358025,0.027108433735,0.105740181269,0.242990654206,0.028776978417,0.12925170068,0.154761904762,0.876404494382,0.027027027027,0.260869565217,0.044444444444,0.166666666667,2024,0.0,4,0.478260869565,0,0.98,0
3636,2024-10-04,0.232098765432,0.024096385542,0.099697885196,0.224299065421,0.043165467626,0.122448979592,0.130952380952,0.898876404494,0.027027027027,0.217391304348,0.891666666667,0.166666666667,2024,0.0,4,0.434782608696,0,1.0,0
3637,2024-10-05,0.232098765432,0.012048192771,0.087613293051,0.233644859813,0.079136690647,0.374149659864,0.595238095238,,0.027027027027,,0.788888888889,0.242424242424,2024,0.0,5,0.391304347826,0,1.0,0
3638,2024-10-05,0.148148148148,0.012048192771,0.07250755287,0.18691588785,0.064748201439,0.170068027211,0.190476190476,0.876404494382,0.027027027027,0.217391304348,0.086111111111,0.227272727273,2024,0.0,5,0.347826086957,0,0.99,0
3639,2024-10-05,0.175308641975,0.03313253012,0.12084592145,0.271028037383,0.007194244604,0.149659863946,0.166666666667,0.865168539326,0.027027027027,0.217391304348,0.305555555556,0.121212121212,2024,0.0,5,0.304347826087,0,1.0,0
3640,2024-10-05,0.16049382716,0.018072289157,0.081570996979,0.196261682243,0.043165467626,0.142857142857,0.083333333333,0.876404494382,0.027027027027,0.217391304348,0.088888888889,0.045454545455,2024,0.0,5,0.260869565217,0,1.0,0
3641,2024-10-05,0.177777777778,0.012048192771,0.069486404834,0.177570093458,0.035971223022,0.102040816327,0.047619047619,0.865168539326,0.027027027027,0.217391304348,0.297222222222,0.015151515152,2024,0.0,5,0.173913043478,0,1.0,0
3642,2024-10-05,0.185185185185,0.015060240964,0.090634441088,0.224299065421,0.014388489209,0.163265306122,0.190476190476,0.865168539326,0.027027027027,0.217391304348,0.211111111111,0.090909090909,2024,0.0,5,0.130434782609,0,1.0,0
3643,2024-10-05,0.204938271605,0.036144578313,0.114803625378,0.242990654206,0.014388489209,0.197278911565,0.202380952381,0.85393258427,0.054054054054,0.217391304348,0.194444444444,0.19696969697,2024,0.0,5,0.04347826087,0,1.0,0
3644,2024-10-05,0.182716049383,0.03313253012,0.108761329305,0.224299065421,0.021582733813,0.272108843537,0.22619047619,0.842696629213,0.054054054054,0.217391304348,0.163888888889,0.166666666667,2024,0.0,5,0.0,0,1.0,0
3645,2024-10-05,0.20987654321,0.057228915663,0.123867069486,0.205607476636,0.035971223022,0.204081632653,0.178571428571,0.831460674157,0.054054054054,0.260869565217,0.119444444444,0.121212121212,2024,0.0,5,0.086956521739,0,1.0,0
3646,2024-10-05,0.23950617284,0.075301204819,0.148036253776,0.224299065421,0.064748201439,0.176870748299,0.178571428571,0.719101123596,0.054054054054,0.347826086957,0.775,0.121212121212,2024,0.0,5,0.217391304348,0,0.95,0
3647,2024-10-05,0.279012345679,0.093373493976,0.199395770393,0.327102803738,0.086330935252,0.251700680272,0.261904761905,0.61797752809,0.081081081081,0.434782608696,0.841666666667,0.19696969697,2024,0.0,5,0.521739130435,0,1.0,0
3648,2024-10-05,0.251851851852,0.069277108434,0.181268882175,0.345794392523,0.122302158273,0.30612244898,0.321428571429,0.561797752809,0.081081081081,0.478260869565,0.027777777778,0.19696969697,2024,0.0,5,0.695652173913,0,0.98,0
3649,2024-10-05,0.207407407407,0.03313253012,0.129909365559,0.299065420561,0.215827338129,0.333333333333,0.357142857143,0.516853932584,0.081081081081,0.521739130435,0.161111111111,0.166666666667,2024,0.0,5,0.782608695652,0,0.91,0
3650,2024-10-05,0.224691358025,0.027108433735,0.132930513595,0.336448598131,0.237410071942,0.353741496599,0.404761904762,0.494382022472,0.081081081081,0.521739130435,0.083333333333,0.121212121212,2024,0.0,5,0.913043478261,0,0.94,0
3651,2024-10-05,0.241975308642,0.024096385542,0.135951661631,0.355140186916,0.31654676259,0.333333333333,0.416666666667,0.494382022472,0.081081081081,0.565217391304,0.075,0.166666666667,2024,0.0,5,1.0,0,0.98,0
3652,2024-10-05,0.232098765432,0.012048192771,0.108761329305,0.299065420561,0.36690647482,0.387755102041,0.440476190476,0.483146067416,0.081081081081,0.565217391304,0.45,,2024,0.0,5,0.95652173913,0,0.95,0
3653,2024-10-05,0.301234567901,0.021084337349,0.138972809668,0.364485981308,0.345323741007,0.340136054422,0.404761904762,0.550561797753,0.054054054054,0.521739130435,0.566666666667,0.19696969697,2024,0.0,5,0.869565217391,0,0.88,0
3654,2024-10-05,0.340740740741,0.021084337349,0.163141993958,0.439252336449,0.323741007194,0.353741496599,0.488095238095,0.584269662921,0.054054054054,0.521739130435,0.486111111111,0.393939393939,2024,0.0,5,0.826086956522,0,0.98,0
3655,2024-10-05,0.316049382716,0.015060240964,0.14501510574,0.401869158879,0.237410071942,0.394557823129,0.535714285714,0.651685393258,0.054054054054,0.434782608696,0.483333333333,0.409090909091,2024,0.0,5,0.739130434783,0,1.0,0
3656,2024-10-05,0.204938271605,0.012048192771,0.063444108761,0.158878504673,0.136690647482,0.340136054422,0.47619047619,0.730337078652,0.027027027027,0.391304347826,0.469444444444,0.469696969697,2024,0.0,5,0.652173913043,0,0.95,0
3657,2024-10-05,0.23950617284,0.015060240964,0.075528700906,0.196261682243,0.107913669065,0.12925170068,0.166666666667,0.820224719101,0.027027027027,0.347826086957,0.469444444444,0.333333333333,2024,0.0,5,0.608695652174,0,1.0,0
3658,2024-10-05,0.281481481481,0.009036144578,0.09667673716,0.271028037383,0.115107913669,0.190476190476,0.297619047619,0.865168539326,0.027027027027,0.304347826087,0.933333333333,0.227272727273,2024,0.0,5,0.478260869565,0,1.0,0
3659,2024-10-05,0.296296296296,0.012048192771,0.111782477341,0.308411214953,0.115107913669,0.21768707483,0.321428571429,0.887640449438,0.027027027027,0.304347826087,0.838888888889,0.242424242424,2024,0.0,5,0.434782608696,0,0.93,0
3660,2024-10-06,0.19012345679,0.036144578313,0.093655589124,0.177570093458,0.007194244604,0.095238095238,0.107142857143,,0.027027027027,,0.769444444444,0.181818181818,2024,0.0,6,0.391304347826,0,1.0,0
3661,2024-10-06,0.212345679012,0.012048192771,0.078549848943,0.205607476636,0.05035971223,0.251700680272,0.416666666667,0.921348314607,0.027027027027,0.260869565217,0.975,0.181818181818,2024,0.0,6,0.347826086957,0,1.0,0
3662,2024-10-06,0.177777777778,0.009036144578,0.057401812689,0.14953271028,0.05035971223,0.122448979592,0.178571428571,0.932584269663,0.027027027027,0.260869565217,0.186111111111,0.106060606061,2024,0.0,6,0.304347826087,0,1.0,0
3663,2024-10-06,0.138271604938,0.003012048193,0.033232628399,0.093457943925,0.071942446043,0.054421768707,0.071428571429,0.943820224719,0.027027027027,0.217391304348,0.011111111111,0.136363636364,2024,0.0,6,0.260869565217,0,1.0,0
3664,2024-10-06,0.158024691358,0.003012048193,0.02416918429,0.065420560748,0.086330935252,0.054421768707,0.083333333333,0.943820224719,0.027027027027,0.217391304348,0.958333333333,0.106060606061,2024,0.0,6,0.173913043478,0,1.0,0
3665,2024-10-06,0.153086419753,0.006024096386,0.030211480363,0.084112149533,0.05035971223,0.061224489796,0.107142857143,0.955056179775,0.027027027027,0.260869565217,0.044444444444,0.136363636364,2024,0.0,6,0.130434782609,0,1.0,0
3666,2024-10-06,0.19012345679,0.036144578313,0.078549848943,0.130841121495,0.007194244604,0.047619047619,0.071428571429,0.955056179775,0.027027027027,0.260869565217,0.041666666667,0.121212121212,2024,0.0,6,0.04347826087,0,1.0,0
3667,2024-10-06,0.192592592593,0.036144578313,0.078549848943,0.130841121495,0.007194244604,0.047619047619,0.071428571429,0.955056179775,0.027027027027,0.260869565217,0.019444444444,0.136363636364,2024,0.0,6,0.0,0,1.0,0
3668,2024-10-06,0.22962962963,0.066265060241,0.108761329305,0.140186915888,0.007194244604,0.054421768707,0.071428571429,0.955056179775,0.027027027027,0.260869565217,0.027777777778,0.166666666667,2024,0.0,6,0.086956521739,0,1.0,0
3669,2024-10-06,0.237037037037,0.057228915663,0.099697885196,0.140186915888,0.021582733813,0.068027210884,0.107142857143,0.955056179775,0.027027027027,0.260869565217,0.013888888889,0.166666666667,2024,0.0,6,0.217391304348,0,1.0,0
3670,2024-10-06,0.244444444444,0.069277108434,0.126888217523,0.168224299065,0.05035971223,0.08843537415,0.130952380952,0.955056179775,0.027027027027,0.347826086957,0.997222222222,0.151515151515,2024,0.0,6,0.521739130435,0,1.0,0
3671,2024-10-06,0.22962962963,0.039156626506,0.090634441088,0.14953271028,0.093525179856,0.102040816327,0.154761904762,0.932584269663,0.027027027027,0.347826086957,0.952777777778,0.181818181818,2024,0.0,6,0.695652173913,0,1.0,0
3672,2024-10-06,0.207407407407,0.030120481928,0.07250755287,0.130841121495,0.172661870504,0.102040816327,0.142857142857,0.842696629213,0.054054054054,0.434782608696,0.75,0.136363636364,2024,0.0,6,0.782608695652,0,1.0,0
3673,2024-10-06,0.224691358025,0.024096385542,0.078549848943,0.168224299065,0.201438848921,0.136054421769,0.202380952381,0.61797752809,0.027027027027,0.565217391304,0.772222222222,0.242424242424,2024,0.0,6,0.913043478261,0,0.99,0
3674,2024-10-06,0.244444444444,0.039156626506,0.090634441088,0.158878504673,0.136690647482,0.183673469388,0.261904761905,0.662921348315,0.054054054054,0.478260869565,0.883333333333,0.378787878788,2024,0.0,6,1.0,0,0.99,0
3675,2024-10-06,0.214814814815,0.030120481928,0.07250755287,0.130841121495,0.172661870504,0.163265306122,0.202380952381,0.651685393258,0.054054054054,0.478260869565,0.908333333333,0.378787878788,2024,0.0,6,0.95652173913,0,0.98,0
3676,2024-10-06,0.214814814815,0.036144578313,0.07250755287,0.11214953271,0.136690647482,0.136054421769,0.154761904762,0.640449438202,0.054054054054,0.521739130435,0.888888888889,0.606060606061,2024,0.0,6,0.869565217391,0,1.0,0
3677,2024-10-06,0.2,0.030120481928,0.066465256798,0.121495327103,0.115107913669,0.115646258503,0.119047619048,0.696629213483,0.054054054054,0.434782608696,0.875,0.606060606061,2024,0.0,6,0.826086956522,0,1.0,0
3678,2024-10-06,0.20987654321,0.030120481928,0.081570996979,0.158878504673,0.079136690647,0.102040816327,0.095238095238,0.719101123596,0.081081081081,0.434782608696,0.886111111111,0.469696969697,2024,0.0,6,0.739130434783,0,1.0,0
3679,2024-10-06,0.212345679012,0.030120481928,0.075528700906,0.140186915888,0.064748201439,0.136054421769,0.130952380952,0.707865168539,0.081081081081,0.391304347826,0.925,0.378787878788,2024,0.0,6,0.652173913043,0,0.98,0
3680,2024-10-06,0.17037037037,0.012048192771,0.04833836858,0.11214953271,0.079136690647,0.068027210884,0.047619047619,0.696629213483,0.054054054054,0.391304347826,0.994444444444,0.378787878788,2024,0.0,6,0.608695652174,0,1.0,0
3681,2024-10-06,0.224691358025,0.027108433735,0.081570996979,0.158878504673,0.035971223022,0.068027210884,0.047619047619,0.752808988764,0.027027027027,0.347826086957,0.911111111111,0.30303030303,2024,0.0,6,0.565217391304,0,1.0,0
3682,2024-10-06,0.195061728395,0.021084337349,0.07250755287,0.158878504673,0.035971223022,0.081632653061,0.083333333333,0.797752808989,0.027027027027,0.304347826087,0.827777777778,0.333333333333,2024,0.0,6,0.478260869565,0,1.0,0
3683,2024-10-06,0.17037037037,0.018072289157,0.066465256798,0.14953271028,0.035971223022,0.074829931973,0.095238095238,0.842696629213,0.027027027027,0.304347826087,0.852777777778,0.30303030303,2024,0.0,6,0.434782608696,0,1.0,0
3684,2024-10-07,0.138271604938,0.018072289157,0.081570996979,0.196261682243,0.035971223022,0.149659863946,0.119047619048,,0.027027027027,,0.861111111111,0.363636363636,2024,0.0,7,0.391304347826,0,1.0,0
3685,2024-10-07,,,,,,0.122448979592,0.154761904762,0.876404494382,,0.260869565217,0.847222222222,0.257575757576,2024,0.0,7,0.347826086957,0,1.0,0
3686,2024-10-07,,,,,,0.108843537415,0.154761904762,0.876404494382,,0.260869565217,0.858333333333,0.318181818182,2024,0.0,7,0.304347826087,0,1.0,0
3687,2024-10-07,,,,,,0.074829931973,0.083333333333,0.876404494382,,0.260869565217,0.894444444444,0.378787878788,2024,0.0,7,0.260869565217,0,1.0,0
3688,2024-10-07,0.120987654321,0.006024096386,0.033232628399,0.07476635514,0.064748201439,0.108843537415,0.130952380952,0.898876404494,0.027027027027,0.217391304348,0.894444444444,0.257575757576,2024,0.0,7,0.173913043478,0,1.0,0
3689,2024-10-07,0.135802469136,0.018072289157,0.057401812689,0.130841121495,0.035971223022,0.054421768707,0.095238095238,0.921348314607,0.027027027027,0.217391304348,0.819444444444,0.19696969697,2024,0.0,7,0.130434782609,0,1.0,0
3690,2024-10-07,0.192592592593,0.039156626506,0.093655589124,0.168224299065,0.021582733813,0.081632653061,0.107142857143,0.932584269663,0.027027027027,0.217391304348,0.866666666667,0.212121212121,2024,0.0,7,0.04347826087,0,1.0,0
3691,2024-10-07,0.237037037037,0.096385542169,0.16918429003,0.224299065421,0.007194244604,0.095238095238,0.130952380952,0.932584269663,0.054054054054,0.217391304348,0.85,0.212121212121,2024,0.0,7,0.0,0,0.92,0
3692,2024-10-07,0.308641975309,0.135542168675,0.211480362538,0.233644859813,0.007194244604,0.142857142857,0.190476190476,0.932584269663,0.054054054054,0.260869565217,0.847222222222,0.257575757576,2024,0.0,7,0.086956521739,0,0.85,0
3693,2024-10-07,0.308641975309,0.129518072289,0.208459214502,0.233644859813,0.028776978417,0.156462585034,0.202380952381,0.921348314607,0.054054054054,0.260869565217,0.841666666667,0.272727272727,2024,0.0,7,0.217391304348,0,0.93,0
3694,2024-10-07,0.269135802469,0.090361445783,0.166163141994,0.224299065421,0.071942446043,0.163265306122,0.190476190476,0.831460674157,0.054054054054,0.347826086957,0.869444444444,0.257575757576,2024,0.0,7,0.521739130435,0,0.93,0
3695,2024-10-07,0.241975308642,0.057228915663,0.132930513595,0.233644859813,0.107913669065,0.149659863946,0.154761904762,0.640449438202,0.054054054054,0.478260869565,0.819444444444,0.19696969697,2024,0.0,7,0.695652173913,0,0.97,0
3696,2024-10-07,0.251851851852,0.057228915663,0.129909365559,0.224299065421,0.122302158273,0.142857142857,0.166666666667,0.61797752809,0.054054054054,0.478260869565,0.872222222222,0.454545454545,2024,0.0,7,0.782608695652,0,0.97,0
3697,2024-10-07,0.244444444444,0.048192771084,0.102719033233,0.168224299065,0.122302158273,0.197278911565,0.22619047619,0.674157303371,0.054054054054,0.391304347826,0.925,0.454545454545,2024,0.0,7,0.913043478261,0,0.9,0
3698,2024-10-07,0.269135802469,0.051204819277,0.108761329305,0.177570093458,0.143884892086,0.136054421769,0.142857142857,0.651685393258,0.054054054054,0.434782608696,0.872222222222,0.393939393939,2024,0.0,7,0.95652173913,0,0.97,0
3699,2024-10-07,0.214814814815,0.030120481928,0.075528700906,0.140186915888,0.187050359712,0.122448979592,0.095238095238,0.584269662921,0.027027027027,0.478260869565,0.880555555556,0.363636363636,2024,0.0,7,0.869565217391,0,0.95,0
3700,2024-10-07,0.266666666667,0.057228915663,0.132930513595,0.233644859813,0.115107913669,0.122448979592,0.119047619048,0.629213483146,0.054054054054,0.434782608696,0.883333333333,0.333333333333,2024,0.0,7,0.826086956522,0,0.96,0
3701,2024-10-07,0.256790123457,0.05421686747,0.132930513595,0.242990654206,0.079136690647,0.210884353741,0.202380952381,0.651685393258,0.054054054054,0.434782608696,0.902777777778,0.424242424242,2024,0.0,7,0.739130434783,0,0.9,0
3702,2024-10-07,0.256790123457,0.051204819277,0.129909365559,0.233644859813,0.057553956835,0.204081632653,0.142857142857,0.685393258427,0.054054054054,0.391304347826,0.9,0.575757575758,2024,0.0,7,0.652173913043,0,0.9,0
3703,2024-10-07,0.204938271605,0.036144578313,0.090634441088,0.168224299065,0.064748201439,0.21768707483,0.130952380952,0.719101123596,0.027027027027,0.347826086957,0.95,0.469696969697,2024,0.0,7,0.608695652174,0,0.98,0
3704,2024-10-07,0.195061728395,0.03313253012,0.078549848943,0.140186915888,0.079136690647,0.149659863946,0.107142857143,0.730337078652,0.027027027027,0.304347826087,0.980555555556,0.424242424242,2024,0.0,7,0.565217391304,0,1.0,0
3705,2024-10-07,0.16049382716,0.012048192771,0.045317220544,0.102803738318,0.10071942446,0.102040816327,0.083333333333,0.730337078652,0.027027027027,0.304347826087,0.941666666667,0.333333333333,2024,0.0,7,0.478260869565,0,1.0,0
3706,2024-10-07,0.17037037037,0.015060240964,0.066465256798,0.158878504673,0.057553956835,0.102040816327,0.083333333333,0.752808988764,0.027027027027,0.304347826087,0.85,0.30303030303,2024,0.0,7,0.434782608696,0,0.97,0
3707,2024-10-08,0.143209876543,0.009036144578,0.045317220544,0.11214953271,0.10071942446,0.183673469388,0.142857142857,0.752808988764,0.027027027027,0.260869565217,0.894444444444,0.393939393939,2024,0.0,8,0.391304347826,0,1.0,0
3708,2024-10-08,0.135802469136,0.009036144578,0.063444108761,0.168224299065,0.043165467626,0.183673469388,0.166666666667,0.786516853933,0.054054054054,0.260869565217,0.872222222222,0.287878787879,2024,0.0,8,0.347826086957,0,1.0,0
3709,2024-10-08,0.125925925926,0.006024096386,0.054380664653,0.14953271028,0.05035971223,0.190476190476,0.214285714286,0.797752808989,0.054054054054,0.260869565217,0.963888888889,0.212121212121,2024,0.0,8,0.304347826087,0,1.0,0
3710,2024-10-08,0.098765432099,0.0,0.015105740181,0.03738317757,0.122302158273,0.108843537415,0.035714285714,0.786516853933,0.027027027027,0.260869565217,0.066666666667,0.121212121212,2024,0.0,8,0.260869565217,0,1.0,0
3711,2024-10-08,0.120987654321,0.0,0.018126888218,0.056074766355,0.10071942446,0.027210884354,,0.786516853933,0.054054054054,0.260869565217,0.288888888889,0.106060606061,2024,0.0,8,0.173913043478,0,1.0,0
3712,2024-10-08,0.106172839506,0.003012048193,0.02416918429,0.065420560748,0.107913669065,0.081632653061,0.095238095238,0.775280898876,0.027027027027,0.217391304348,0.063888888889,0.242424242424,2024,0.0,8,0.130434782609,0,1.0,0
3713,2024-10-08,0.125925925926,0.009036144578,0.04833836858,0.11214953271,0.071942446043,0.074829931973,0.071428571429,0.786516853933,0.027027027027,0.217391304348,0.063888888889,0.19696969697,2024,0.0,8,0.04347826087,0,1.0,0
3714,2024-10-08,0.158024691358,0.018072289157,0.07250755287,0.168224299065,0.043165467626,0.061224489796,0.047619047619,0.775280898876,0.027027027027,0.217391304348,0.036111111111,0.136363636364,2024,0.0,8,0.0,0,0.94,0
3715,2024-10-08,0.222222222222,0.057228915663,0.126888217523,0.214953271028,0.028776978417,0.068027210884,0.035714285714,0.775280898876,0.054054054054,0.260869565217,0.694444444444,0.19696969697,2024,0.0,8,0.086956521739,0,0.86,0
3716,2024-10-08,0.291358024691,0.105421686747,0.181268882175,0.233644859813,0.028776978417,0.142857142857,0.130952380952,0.775280898876,0.054054054054,0.260869565217,0.644444444444,0.242424242424,2024,0.0,8,0.217391304348,0,0.96,0
3717,2024-10-08,0.291358024691,0.117469879518,0.19335347432,0.242990654206,0.043165467626,0.21768707483,0.202380952381,0.741573033708,0.054054054054,0.347826086957,0.638888888889,0.212121212121,2024,0.0,8,0.521739130435,0,0.97,0
3718,2024-10-08,0.251851851852,0.075301204819,0.160120845921,0.252336448598,0.115107913669,0.238095238095,0.22619047619,0.606741573034,0.054054054054,0.434782608696,0.861111111111,0.242424242424,2024,0.0,8,0.695652173913,0,0.94,0
3719,2024-10-08,0.232098765432,0.051204819277,0.151057401813,0.308411214953,0.122302158273,0.197278911565,0.154761904762,0.539325842697,0.054054054054,0.478260869565,0.083333333333,0.242424242424,2024,0.0,8,0.782608695652,0,0.93,0
3720,2024-10-08,0.246913580247,0.042168674699,0.135951661631,0.289719626168,0.201438848921,0.292517006803,0.297619047619,0.52808988764,0.054054054054,0.521739130435,0.894444444444,0.19696969697,2024,0.0,8,0.913043478261,0,0.92,0
3721,2024-10-08,0.212345679012,0.027108433735,0.099697885196,0.224299065421,0.345323741007,0.251700680272,0.202380952381,0.449438202247,0.054054054054,0.608695652174,0.975,0.242424242424,2024,0.0,8,1.0,0,0.89,0
3722,2024-10-08,0.23950617284,0.021084337349,0.102719033233,0.242990654206,0.36690647482,0.238095238095,0.22619047619,0.460674157303,0.054054054054,0.608695652174,0.911111111111,0.272727272727,2024,0.0,8,0.95652173913,0,0.91,0
3723,2024-10-08,0.234567901235,0.024096385542,0.105740181269,0.252336448598,0.345323741007,0.353741496599,0.404761904762,0.483146067416,0.054054054054,0.565217391304,0.836111111111,0.348484848485,2024,0.0,8,0.869565217391,0,0.92,0
3724,2024-10-08,0.251851851852,0.027108433735,0.123867069486,0.299065420561,0.244604316547,0.34693877551,0.380952380952,0.494382022472,0.081081081081,0.565217391304,0.927777777778,0.318181818182,2024,0.0,8,0.826086956522,0,0.94,0
3725,2024-10-08,0.244444444444,0.030120481928,0.129909365559,0.308411214953,0.215827338129,0.292517006803,0.27380952381,0.52808988764,0.054054054054,0.521739130435,0.902777777778,,2024,0.0,8,0.739130434783,0,0.97,0
3726,2024-10-08,0.266666666667,0.042168674699,0.129909365559,0.271028037383,0.129496402878,0.319727891156,0.309523809524,0.584269662921,0.054054054054,0.478260869565,0.911111111111,0.454545454545,2024,0.0,8,0.652173913043,0,0.9,0
3727,2024-10-08,0.241975308642,0.03313253012,0.108761329305,0.233644859813,0.079136690647,0.238095238095,0.178571428571,0.640449438202,0.054054054054,0.434782608696,0.958333333333,0.454545454545,2024,0.0,8,0.608695652174,0,0.96,0
3728,2024-10-08,0.197530864198,0.021084337349,0.081570996979,0.18691588785,0.086330935252,0.204081632653,0.142857142857,0.674157303371,0.054054054054,0.347826086957,0.008333333333,0.333333333333,2024,0.0,8,0.565217391304,0,0.99,0
3729,2024-10-08,0.195061728395,0.015060240964,0.081570996979,0.205607476636,0.071942446043,0.197278911565,0.166666666667,0.696629213483,0.027027027027,0.347826086957,0.916666666667,0.30303030303,2024,0.0,8,0.478260869565,0,1.0,0
3730,2024-10-08,0.167901234568,0.012048192771,0.051359516616,0.130841121495,0.10071942446,0.190476190476,0.154761904762,0.719101123596,0.027027027027,0.304347826087,0.869444444444,0.424242424242,2024,0.0,8,0.434782608696,0,1.0,0
3731,2024-10-09,0.158024691358,0.012048192771,0.087613293051,0.233644859813,0.064748201439,0.224489795918,0.142857142857,,0.459459459459,,0.838888888889,0.424242424242,2024,0.0,9,0.391304347826,0,1.0,0
3732,2024-10-09,0.125925925926,0.006024096386,0.042296072508,0.102803738318,0.115107913669,0.21768707483,0.238095238095,0.786516853933,0.027027027027,0.217391304348,0.877777777778,0.363636363636,2024,0.0,9,0.347826086957,0,1.0,0
3733,2024-10-09,0.116049382716,0.006024096386,0.042296072508,0.121495327103,0.093525179856,0.21768707483,0.25,0.842696629213,0.027027027027,0.173913043478,0.866666666667,0.333333333333,2024,0.0,9,0.304347826087,0,1.0,0
3734,2024-10-09,0.108641975309,0.003012048193,0.033232628399,0.093457943925,0.115107913669,0.156462585034,0.119047619048,0.85393258427,0.027027027027,0.173913043478,0.911111111111,0.257575757576,2024,0.0,9,0.260869565217,0,1.0,0
3735,2024-10-09,0.118518518519,0.006024096386,0.039274924471,0.102803738318,0.107913669065,0.272108843537,0.321428571429,0.842696629213,0.027027027027,0.217391304348,0.886111111111,0.121212121212,2024,0.0,9,0.173913043478,0,1.0,0
3736,2024-10-09,0.116049382716,0.003012048193,0.030211480363,0.093457943925,0.122302158273,0.176870748299,0.202380952381,0.831460674157,0.027027027027,0.217391304348,0.975,0.075757575758,2024,0.0,9,0.130434782609,0,1.0,0
3737,2024-10-09,0.148148148148,0.012048192771,0.063444108761,0.14953271028,0.071942446043,0.210884353741,0.261904761905,0.820224719101,0.027027027027,0.217391304348,0.925,0.166666666667,2024,0.0,9,0.04347826087,0,0.99,0
3738,2024-10-09,0.204938271605,0.036144578313,0.099697885196,0.196261682243,0.043165467626,0.224489795918,0.285714285714,0.808988764045,0.054054054054,0.217391304348,0.938888888889,0.121212121212,2024,0.0,9,0.0,0,0.9,0
3739,2024-10-09,0.298765432099,0.156626506024,0.250755287009,0.289719626168,0.014388489209,0.21768707483,0.27380952381,0.820224719101,0.108108108108,0.217391304348,0.891666666667,0.257575757576,2024,0.0,9,0.086956521739,0,0.94,0
3740,2024-10-09,0.241975308642,0.093373493976,0.166163141994,0.224299065421,0.043165467626,0.333333333333,0.333333333333,0.786516853933,0.162162162162,0.260869565217,0.872222222222,0.242424242424,2024,0.0,9,0.217391304348,0,0.98,0
3741,2024-10-09,0.23950617284,0.102409638554,0.181268882175,0.252336448598,0.05035971223,0.333333333333,0.380952380952,0.730337078652,0.162162162162,0.304347826087,0.030555555556,0.181818181818,2024,0.0,9,0.521739130435,0,0.9,0
3742,2024-10-09,0.241975308642,0.075301204819,0.160120845921,0.261682242991,0.079136690647,0.285714285714,0.321428571429,0.685393258427,0.162162162162,0.347826086957,0.833333333333,0.212121212121,2024,0.0,9,0.695652173913,0,0.98,0
3743,2024-10-09,0.237037037037,0.066265060241,0.154078549849,0.271028037383,0.143884892086,0.360544217687,0.428571428571,0.61797752809,0.162162162162,0.391304347826,0.752777777778,0.242424242424,2024,0.0,9,0.782608695652,0,0.94,0
3744,2024-10-09,0.204938271605,0.039156626506,0.129909365559,0.280373831776,0.302158273381,0.401360544218,0.488095238095,0.494382022472,0.135135135135,0.521739130435,0.9,0.272727272727,2024,0.0,9,0.913043478261,0,0.99,0
3745,2024-10-09,0.197530864198,0.015060240964,0.093655589124,0.242990654206,0.467625899281,0.401360544218,0.452380952381,,0.108108108108,,0.05,0.242424242424,2024,0.0,9,1.0,0,0.99,0
3746,2024-10-09,,,,,,,,,,,0.072222222222,0.257575757576,2024,0.0,9,0.95652173913,0,0.96,0
3747,2024-10-09,0.185185185185,0.006024096386,0.07250755287,0.196261682243,0.640287769784,0.394557823129,0.52380952381,,0.081081081081,,0.058333333333,0.287878787879,2024,0.0,9,0.869565217391,0,0.93,0
3748,2024-10-09,0.17037037037,0.012048192771,0.081570996979,0.214953271028,0.482014388489,0.428571428571,0.535714285714,,0.108108108108,,0.966666666667,0.333333333333,2024,0.0,9,0.826086956522,0,0.93,0
3749,2024-10-09,0.212345679012,0.027108433735,0.111782477341,0.261682242991,0.273381294964,0.312925170068,0.321428571429,,0.054054054054,,0.922222222222,0.560606060606,2024,0.0,9,0.739130434783,0,0.93,0
3750,2024-10-09,0.249382716049,0.045180722892,0.154078549849,0.327102803738,0.129496402878,0.21768707483,0.142857142857,,0.081081081081,,0.908333333333,0.606060606061,2024,0.0,9,0.652173913043,0,0.96,0
3751,2024-10-09,0.279012345679,0.063253012048,0.178247734139,0.355140186916,0.064748201439,0.251700680272,0.130952380952,,0.081081081081,,0.933333333333,0.424242424242,2024,0.0,9,0.608695652174,0,0.96,0
3752,2024-10-09,0.192592592593,0.018072289157,0.099697885196,0.242990654206,0.122302158273,0.251700680272,0.119047619048,,0.054054054054,,0.016666666667,0.348484848485,2024,0.0,9,0.565217391304,0,0.98,0
3753,2024-10-09,0.2,0.021084337349,0.102719033233,0.252336448598,0.086330935252,0.183673469388,0.130952380952,,0.054054054054,,0.9,0.333333333333,2024,0.0,9,0.478260869565,0,1.0,0
3754,2024-10-09,0.18024691358,0.018072289157,0.099697885196,0.252336448598,0.064748201439,0.231292517007,0.178571428571,,0.162162162162,,0.863888888889,0.424242424242,2024,0.0,9,0.434782608696,0,1.0,0
3755,2024-10-10,0.165432098765,0.018072289157,0.090634441088,0.233644859813,0.079136690647,0.149659863946,0.178571428571,,0.054054054054,,0.905555555556,0.5,2024,0.0,10,0.391304347826,0,1.0,0
3756,2024-10-10,0.148148148148,0.009036144578,0.081570996979,0.224299065421,0.079136690647,0.197278911565,0.166666666667,,0.594594594595,,0.847222222222,0.409090909091,2024,0.0,10,0.347826086957,0,1.0,0
3757,2024-10-10,0.133333333333,0.006024096386,0.075528700906,0.214953271028,0.079136690647,0.299319727891,0.369047619048,,0.513513513514,,0.85,0.363636363636,2024,0.0,10,0.304347826087,0,1.0,0
3758,2024-10-10,0.125925925926,0.006024096386,0.069486404834,0.196261682243,0.093525179856,0.170068027211,0.107142857143,,0.594594594595,,0.838888888889,0.333333333333,2024,0.0,10,0.260869565217,0,1.0,0
3759,2024-10-10,0.130864197531,0.006024096386,0.054380664653,0.14953271028,0.115107913669,0.258503401361,0.309523809524,,0.567567567568,,0.847222222222,0.166666666667,2024,0.0,10,0.173913043478,0,1.0,0
3760,2024-10-10,0.153086419753,0.015060240964,0.07250755287,0.177570093458,0.071942446043,0.163265306122,0.214285714286,,0.459459459459,,0.925,0.166666666667,2024,0.0,10,0.130434782609,0,1.0,0
3761,2024-10-10,0.23950617284,0.174698795181,0.253776435045,0.252336448598,0.007194244604,0.149659863946,0.178571428571,,0.189189189189,,0.058333333333,0.166666666667,2024,0.0,10,0.04347826087,0,0.99,0
3762,2024-10-10,0.345679012346,0.277108433735,0.356495468278,0.242990654206,0.007194244604,0.265306122449,0.25,,0.108108108108,,0.05,0.075757575758,2024,0.0,10,0.0,0,0.95,0
3763,2024-10-10,0.358024691358,0.457831325301,0.558912386707,0.317757009346,0.007194244604,0.278911564626,0.25,,0.216216216216,,0.247222222222,0.136363636364,2024,0.0,10,0.086956521739,0,0.89,0
3764,2024-10-10,0.330864197531,0.207831325301,0.323262839879,0.355140186916,0.057553956835,0.30612244898,0.25,,0.324324324324,,0.788888888889,0.181818181818,2024,0.0,10,0.217391304348,0,0.92,0
3765,2024-10-10,0.246913580247,0.075301204819,0.172205438066,0.299065420561,0.151079136691,0.265306122449,0.25,,0.324324324324,,0.886111111111,0.257575757576,2024,0.0,10,0.521739130435,0,0.9,0
3766,2024-10-10,0.234567901235,0.072289156627,0.184290030211,0.345794392523,0.187050359712,0.224489795918,0.22619047619,,0.189189189189,,0.911111111111,0.363636363636,2024,0.0,10,0.695652173913,0,0.99,0
3767,2024-10-10,0.143209876543,0.030120481928,0.084592145015,0.168224299065,0.302158273381,0.258503401361,0.202380952381,,0.054054054054,,0.963888888889,0.378787878788,2024,0.0,10,0.782608695652,0,0.98,0
3768,2024-10-10,0.125925925926,0.021084337349,0.063444108761,0.130841121495,0.352517985612,0.149659863946,0.095238095238,,0.054054054054,,1.0,0.424242424242,2024,0.0,10,0.913043478261,0,0.97,0
3769,2024-10-10,0.111111111111,0.021084337349,0.063444108761,0.130841121495,0.36690647482,0.136054421769,0.083333333333,,0.054054054054,,0.041666666667,0.484848484848,2024,0.0,10,1.0,0,0.88,0
3770,2024-10-10,0.138271604938,0.018072289157,0.063444108761,0.121495327103,0.388489208633,0.12925170068,0.071428571429,,0.054054054054,,0.897222222222,0.333333333333,2024,0.0,10,0.95652173913,0,0.89,0
3771,2024-10-10,0.118518518519,0.015060240964,0.051359516616,0.11214953271,0.36690647482,0.136054421769,0.083333333333,,0.027027027027,,0.972222222222,0.484848484848,2024,0.0,10,0.869565217391,0,0.91,0
3772,2024-10-10,0.120987654321,0.024096385542,0.075528700906,0.158878504673,0.309352517986,0.102040816327,,,0.027027027027,,0.997222222222,0.575757575758,2024,0.0,10,0.826086956522,0,0.95,0
3773,2024-10-10,0.103703703704,0.009036144578,0.039274924471,0.093457943925,0.309352517986,0.190476190476,0.142857142857,,0.027027027027,,0.036111111111,0.651515151515,2024,0.0,10,0.739130434783,0,0.91,0
3774,2024-10-10,0.116049382716,0.006024096386,0.051359516616,0.140186915888,0.237410071942,0.210884353741,0.178571428571,,0.027027027027,,0.058333333333,0.69696969697,2024,0.0,10,0.652173913043,0,0.87,0
3775,2024-10-10,0.138271604938,0.006024096386,0.057401812689,0.158878504673,0.187050359712,0.204081632653,0.119047619048,,0.027027027027,,0.041666666667,0.636363636364,2024,0.0,10,0.608695652174,0,0.94,0
3776,2024-10-10,0.17037037037,0.018072289157,0.090634441088,0.224299065421,0.129496402878,0.163265306122,0.059523809524,,0.027027027027,,0.002777777778,0.454545454545,2024,0.0,10,0.565217391304,0,0.95,0
3777,2024-10-10,0.16049382716,0.012048192771,0.084592145015,0.233644859813,0.107913669065,0.170068027211,0.107142857143,,0.027027027027,,0.05,0.318181818182,2024,0.0,10,0.478260869565,0,0.97,0
3778,2024-10-10,0.197530864198,0.018072289157,0.105740181269,0.271028037383,0.064748201439,0.231292517007,0.202380952381,,0.054054054054,,0.969444444444,0.318181818182,2024,0.0,10,0.434782608696,0,0.96,0
3779,2024-10-11,0.148148148148,0.009036144578,0.054380664653,0.140186915888,0.165467625899,0.12925170068,0.130952380952,,0.027027027027,,0.9,0.424242424242,2024,0.0,11,0.391304347826,0,1.0,0
3780,2024-10-11,0.135802469136,0.009036144578,0.069486404834,0.18691588785,0.093525179856,0.333333333333,0.369047619048,,0.054054054054,,0.902777777778,0.454545454545,2024,0.0,11,0.347826086957,0,1.0,0
3781,2024-10-11,0.165432098765,0.027108433735,0.126888217523,0.308411214953,0.007194244604,0.210884353741,0.202380952381,,0.054054054054,,0.908333333333,0.30303030303,2024,0.0,11,0.304347826087,0,1.0,0
3782,2024-10-11,0.135802469136,0.015060240964,0.084592145015,0.224299065421,0.071942446043,0.278911564626,0.261904761905,,0.054054054054,,0.9,0.318181818182,2024,0.0,11,0.260869565217,0,1.0,0
3783,2024-10-11,0.150617283951,0.012048192771,0.087613293051,0.233644859813,0.043165467626,0.210884353741,0.130952380952,,0.027027027027,,0.9,0.257575757576,2024,0.0,11,0.173913043478,0,1.0,0
3784,2024-10-11,0.143209876543,0.015060240964,0.075528700906,0.18691588785,0.05035971223,0.238095238095,0.238095238095,,0.081081081081,,0.825,0.287878787879,2024,0.0,11,0.130434782609,0,1.0,0
3785,2024-10-11,0.165432098765,0.042168674699,0.123867069486,0.252336448598,0.021582733813,0.204081632653,0.238095238095,,0.189189189189,,0.897222222222,0.333333333333,2024,0.0,11,0.04347826087,0,1.0,0
3786,2024-10-11,0.241975308642,0.174698795181,0.271903323263,0.299065420561,0.007194244604,0.285714285714,0.333333333333,,0.216216216216,,0.938888888889,0.242424242424,2024,0.0,11,0.0,0,0.93,0
3787,2024-10-11,0.333333333333,0.30421686747,0.422960725076,0.364485981308,0.021582733813,0.30612244898,0.309523809524,,0.27027027027,,0.294444444444,0.121212121212,2024,0.0,11,0.086956521739,0,0.9,0
3788,2024-10-11,0.271604938272,0.114457831325,0.199395770393,0.261682242991,0.086330935252,0.380952380952,0.380952380952,,0.297297297297,,0.841666666667,0.19696969697,2024,0.0,11,0.217391304348,0,0.88,0
3789,2024-10-11,0.234567901235,0.066265060241,0.157099697885,0.280373831776,0.151079136691,0.292517006803,0.321428571429,,0.189189189189,,0.919444444444,0.242424242424,2024,0.0,11,0.521739130435,0,0.93,0
3790,2024-10-11,0.227160493827,0.060240963855,0.172205438066,0.345794392523,0.230215827338,0.265306122449,0.261904761905,,0.108108108108,,0.016666666667,0.348484848485,2024,0.0,11,0.695652173913,0,0.98,0
3791,2024-10-11,0.18024691358,0.036144578313,0.111782477341,0.233644859813,0.294964028777,0.312925170068,0.309523809524,,0.054054054054,,0.991666666667,0.469696969697,2024,0.0,11,0.782608695652,0,0.91,0
3792,2024-10-11,0.103703703704,0.012048192771,0.039274924471,0.084112149533,0.395683453237,0.21768707483,0.178571428571,,0.054054054054,,0.058333333333,0.515151515152,2024,0.0,11,0.913043478261,0,0.84,0
3793,2024-10-11,0.133333333333,0.018072289157,0.057401812689,0.121495327103,0.402877697842,0.197278911565,0.202380952381,,0.027027027027,,0.95,0.515151515152,2024,0.0,11,1.0,0,0.88,0
3794,2024-10-11,0.120987654321,0.015060240964,0.04833836858,0.11214953271,0.438848920863,0.197278911565,0.154761904762,,0.027027027027,,0.991666666667,0.515151515152,2024,0.0,11,0.95652173913,0,0.87,0
3795,2024-10-11,0.130864197531,0.015060240964,0.054380664653,0.130841121495,0.410071942446,0.231292517007,0.214285714286,,0.054054054054,,0.975,0.590909090909,2024,0.0,11,0.869565217391,0,0.9,0
3796,2024-10-11,0.130864197531,0.018072289157,0.060422960725,0.130841121495,0.330935251799,0.163265306122,0.071428571429,,0.027027027027,,0.988888888889,0.69696969697,2024,0.0,11,0.826086956522,0,0.92,0
3797,2024-10-11,0.120987654321,0.012048192771,0.042296072508,0.102803738318,0.294964028777,0.210884353741,0.119047619048,,0.027027027027,,0.013888888889,0.772727272727,2024,0.0,11,0.739130434783,0,0.94,0
3798,2024-10-11,,0.018072289157,0.075528700906,,,,,,,,0.986111111111,0.833333333333,2024,0.0,11,0.652173913043,0,0.87,0
3799,2024-10-11,0.167901234568,0.015060240964,0.07250755287,0.168224299065,,0.0,0.0,,0.054054054054,,0.997222222222,0.681818181818,2024,0.0,11,0.608695652174,0,0.92,0
3800,2024-10-11,0.185185185185,0.027108433735,0.084592145015,0.177570093458,0.158273381295,,,,0.054054054054,,0.969444444444,0.666666666667,2024,0.0,11,0.565217391304,0,0.95,0
3801,2024-10-11,0.153086419753,0.009036144578,0.045317220544,0.11214953271,0.194244604317,0.0,0.0,,0.054054054054,,0.972222222222,0.439393939394,2024,0.0,11,0.478260869565,0,1.0,0
3802,2024-10-11,0.158024691358,0.009036144578,0.051359516616,0.130841121495,0.172661870504,0.285714285714,0.202380952381,,0.027027027027,,0.930555555556,0.378787878788,2024,0.0,11,0.434782608696,0,1.0,0
3803,2024-10-12,,,,,,0.204081632653,0.214285714286,,,,0.863888888889,0.424242424242,2024,0.0,12,0.391304347826,0,0.99,0
3804,2024-10-12,0.140740740741,0.009036144578,0.069486404834,0.18691588785,0.122302158273,0.074829931973,0.083333333333,,0.027027027027,,0.869444444444,0.454545454545,2024,0.0,12,0.347826086957,0,1.0,0
3805,2024-10-12,0.143209876543,0.009036144578,0.078549848943,0.214953271028,0.10071942446,0.224489795918,0.25,,0.054054054054,,0.875,0.378787878788,2024,0.0,12,0.304347826087,0,1.0,0
3806,2024-10-12,0.143209876543,0.009036144578,0.087613293051,0.242990654206,0.064748201439,0.312925170068,0.309523809524,,0.054054054054,,0.877777777778,0.318181818182,2024,0.0,12,0.260869565217,0,1.0,0
3807,2024-10-12,0.140740740741,0.012048192771,0.087613293051,0.233644859813,0.064748201439,0.299319727891,0.27380952381,,0.054054054054,,0.869444444444,0.227272727273,2024,0.0,12,0.173913043478,0,1.0,0
3808,2024-10-12,0.133333333333,0.012048192771,0.090634441088,0.242990654206,0.079136690647,0.30612244898,0.309523809524,,0.027027027027,,0.066666666667,0.19696969697,2024,0.0,12,0.130434782609,0,1.0,0
3809,2024-10-12,0.143209876543,0.009036144578,0.07250755287,0.196261682243,0.093525179856,0.047619047619,0.142857142857,,0.027027027027,,0.213888888889,0.106060606061,2024,0.0,12,0.04347826087,0,1.0,0
3810,2024-10-12,0.20987654321,0.069277108434,0.166163141994,0.299065420561,0.014388489209,0.068027210884,0.142857142857,,0.027027027027,,0.063888888889,0.090909090909,2024,0.0,12,0.0,0,1.0,0
3811,2024-10-12,0.232098765432,0.10843373494,0.202416918429,0.289719626168,0.043165467626,0.326530612245,0.321428571429,,0.081081081081,,0.338888888889,0.075757575758,2024,0.0,12,0.086956521739,0,0.99,0
3812,2024-10-12,0.204938271605,0.060240963855,0.138972809668,0.242990654206,0.122302158273,0.265306122449,0.285714285714,,0.081081081081,,0.2,0.121212121212,2024,0.0,12,0.217391304348,0,0.98,0
3813,2024-10-12,0.207407407407,0.060240963855,0.14501510574,0.271028037383,0.172661870504,0.244897959184,0.261904761905,,0.054054054054,,0.791666666667,0.19696969697,2024,0.0,12,0.521739130435,0,0.96,0
3814,2024-10-12,0.192592592593,0.042168674699,0.123867069486,0.261682242991,0.251798561151,0.258503401361,0.309523809524,,0.054054054054,,0.147222222222,0.257575757576,2024,0.0,12,0.695652173913,0,0.96,0
3815,2024-10-12,0.20987654321,0.036144578313,0.132930513595,0.299065420561,0.330935251799,0.265306122449,0.285714285714,,0.081081081081,,0.144444444444,0.242424242424,2024,0.0,12,0.782608695652,0,0.99,0
3816,2024-10-12,0.224691358025,0.018072289157,0.12084592145,0.317757009346,0.503597122302,0.312925170068,0.369047619048,,0.081081081081,,0.127777777778,0.287878787879,2024,0.0,12,0.913043478261,0,0.95,0
3817,2024-10-12,0.204938271605,0.015060240964,0.099697885196,0.261682242991,0.58273381295,0.455782312925,0.547619047619,,0.054054054054,,0.952777777778,0.30303030303,2024,0.0,12,1.0,0,0.95,0
3818,2024-10-12,0.165432098765,0.009036144578,0.060422960725,0.14953271028,0.568345323741,0.387755102041,0.380952380952,,0.054054054054,,0.108333333333,0.287878787879,2024,0.0,12,0.95652173913,0,0.98,0
3819,2024-10-12,0.111111111111,0.003012048193,0.018126888218,0.046728971963,0.539568345324,0.204081632653,0.107142857143,,0.054054054054,,0.113888888889,0.318181818182,2024,0.0,12,0.869565217391,0,1.0,0
3820,2024-10-12,0.150617283951,0.009036144578,0.04833836858,0.121495327103,0.431654676259,0.115646258503,0.035714285714,,0.054054054054,,0.980555555556,0.287878787879,2024,0.0,12,0.826086956522,0,1.0,0
3821,2024-10-12,0.158024691358,0.015060240964,0.07250755287,0.177570093458,0.359712230216,0.142857142857,0.107142857143,,0.054054054054,,1.0,0.575757575758,2024,0.0,12,0.739130434783,0,0.99,0
3822,2024-10-12,0.148148148148,0.009036144578,0.04833836858,0.121495327103,0.237410071942,0.244897959184,0.154761904762,,0.027027027027,,0.005555555556,0.681818181818,2024,0.0,12,0.652173913043,0,0.99,0
3823,2024-10-12,0.16049382716,0.015060240964,0.057401812689,0.130841121495,0.194244604317,0.251700680272,0.154761904762,,0.027027027027,,0.972222222222,0.575757575758,2024,0.0,12,0.608695652174,0,0.98,0
3824,2024-10-12,0.167901234568,0.015060240964,0.057401812689,0.130841121495,0.179856115108,0.183673469388,0.095238095238,,0.027027027027,,0.869444444444,0.575757575758,2024,0.0,12,0.565217391304,0,0.98,0
3825,2024-10-12,0.143209876543,0.006024096386,0.039274924471,0.102803738318,0.201438848921,0.170068027211,0.166666666667,,0.027027027027,,0.838888888889,0.606060606061,2024,0.0,12,0.478260869565,0,0.99,0
3826,2024-10-12,0.143209876543,0.006024096386,0.039274924471,0.093457943925,0.201438848921,0.285714285714,0.190476190476,,0.027027027027,,0.861111111111,0.606060606061,2024,0.0,12,0.434782608696,0,1.0,0
3827,2024-10-13,0.16049382716,0.009036144578,0.060422960725,0.158878504673,0.093525179856,0.197278911565,0.190476190476,,0.054054054054,,0.852777777778,0.378787878788,2024,0.0,13,0.391304347826,0,1.0,0
3828,2024-10-13,,,,,,0.156462585034,0.154761904762,,,,0.836111111111,0.318181818182,2024,0.0,13,0.347826086957,0,1.0,0
3829,2024-10-13,,,,,,0.095238095238,0.035714285714,,,,0.858333333333,0.393939393939,2024,0.0,13,0.304347826087,0,1.0,0
3830,2024-10-13,,,,,,0.238095238095,0.309523809524,,,,0.888888888889,0.30303030303,2024,0.0,13,0.260869565217,0,1.0,0
3831,2024-10-13,0.162962962963,0.006024096386,0.063444108761,0.177570093458,0.05035971223,0.414965986395,0.642857142857,,0.081081081081,,0.222222222222,0.19696969697,2024,0.0,13,0.173913043478,0,0.99,0
3832,2024-10-13,0.17037037037,0.009036144578,0.07250755287,0.196261682243,0.028776978417,0.319727891156,0.428571428571,,0.081081081081,,0.230555555556,0.121212121212,2024,0.0,13,0.130434782609,0,1.0,0
3833,2024-10-13,0.2,0.072289156627,0.154078549849,0.242990654206,0.007194244604,0.442176870748,0.428571428571,,0.081081081081,,0.288888888889,0.121212121212,2024,0.0,13,0.04347826087,0,1.0,0
3834,2024-10-13,0.279012345679,0.210843373494,0.283987915408,0.224299065421,0.007194244604,0.421768707483,0.464285714286,,0.108108108108,,0.238888888889,0.090909090909,2024,0.0,13,0.0,0,1.0,0
3835,2024-10-13,0.269135802469,0.237951807229,0.308157099698,0.214953271028,0.007194244604,0.299319727891,0.380952380952,,0.135135135135,,0.263888888889,0.257575757576,2024,0.0,13,0.086956521739,0,1.0,0
3836,2024-10-13,0.259259259259,0.201807228916,0.277945619335,0.233644859813,0.014388489209,0.421768707483,0.464285714286,,0.135135135135,,0.272222222222,0.257575757576,2024,0.0,13,0.217391304348,0,0.99,0
3837,2024-10-13,0.246913580247,0.111445783133,0.19335347432,0.252336448598,0.043165467626,0.387755102041,0.47619047619,,0.162162162162,,0.141666666667,0.212121212121,2024,0.0,13,0.521739130435,0,0.99,0
3838,2024-10-13,0.21975308642,0.060240963855,0.126888217523,0.205607476636,0.115107913669,0.414965986395,0.535714285714,,0.162162162162,,0.011111111111,0.19696969697,2024,0.0,13,0.695652173913,0,1.0,0
3839,2024-10-13,0.212345679012,0.036144578313,0.102719033233,0.205607476636,0.237410071942,0.442176870748,0.583333333333,,0.162162162162,,0.025,0.287878787879,2024,0.0,13,0.782608695652,0,1.0,0
3840,2024-10-13,0.207407407407,0.021084337349,0.090634441088,0.214953271028,0.402877697842,0.537414965986,0.72619047619,,0.162162162162,,0.097222222222,0.242424242424,2024,0.0,13,0.913043478261,0,1.0,0
3841,2024-10-13,0.217283950617,0.009036144578,0.075528700906,0.205607476636,0.611510791367,0.448979591837,0.607142857143,,0.135135135135,,0.975,0.257575757576,2024,0.0,13,1.0,0,0.99,0
3842,2024-10-13,0.192592592593,0.003012048193,0.054380664653,0.14953271028,0.762589928058,0.428571428571,0.52380952381,,0.135135135135,,0.227777777778,0.287878787879,2024,0.0,13,0.95652173913,0,0.99,0
3843,2024-10-13,0.202469135802,0.003012048193,0.060422960725,0.177570093458,0.776978417266,0.455782312925,0.607142857143,,0.135135135135,,0.297222222222,0.212121212121,2024,0.0,13,0.869565217391,0,1.0,0
3844,2024-10-13,0.217283950617,0.006024096386,0.081570996979,0.233644859813,0.676258992806,0.489795918367,0.619047619048,,0.108108108108,,0.466666666667,0.19696969697,2024,0.0,13,0.826086956522,0,1.0,0
3845,2024-10-13,0.227160493827,0.009036144578,0.090634441088,0.261682242991,0.460431654676,0.537414965986,0.678571428571,,0.108108108108,,0.861111111111,0.257575757576,2024,0.0,13,0.739130434783,0,0.99,0
3846,2024-10-13,0.192592592593,0.009036144578,0.078549848943,0.214953271028,0.31654676259,0.326530612245,0.357142857143,,0.081081081081,,0.958333333333,0.454545454545,2024,0.0,13,0.652173913043,0,1.0,0
3847,2024-10-13,0.165432098765,0.006024096386,0.045317220544,0.121495327103,0.208633093525,0.238095238095,0.22619047619,,0.054054054054,,0.991666666667,0.454545454545,2024,0.0,13,0.608695652174,0,1.0,0
3848,2024-10-13,0.145679012346,0.003012048193,0.036253776435,0.102803738318,0.172661870504,0.190476190476,0.202380952381,,0.027027027027,,0.025,0.439393939394,2024,0.0,13,0.565217391304,0,1.0,0
3849,2024-10-13,0.175308641975,0.009036144578,0.054380664653,0.140186915888,0.122302158273,0.170068027211,0.154761904762,,0.054054054054,,0.977777777778,0.348484848485,2024,0.0,13,0.478260869565,0,1.0,0
3850,2024-10-13,0.187654320988,0.009036144578,0.060422960725,0.158878504673,0.107913669065,0.122448979592,0.095238095238,,0.027027027027,,0.85,0.333333333333,2024,0.0,13,0.434782608696,0,0.99,0
3851,2024-10-14,0.155555555556,0.015060240964,0.069486404834,0.177570093458,0.071942446043,0.258503401361,0.202380952381,,0.108108108108,,0.833333333333,0.454545454545,2024,0.0,14,0.391304347826,0,0.98,0
3852,2024-10-14,0.150617283951,0.006024096386,0.057401812689,0.158878504673,0.086330935252,0.12925170068,0.095238095238,,0.054054054054,,0.85,0.363636363636,2024,0.0,14,0.347826086957,0,1.0,0
3853,2024-10-14,0.133333333333,0.003012048193,0.039274924471,0.11214953271,0.107913669065,0.115646258503,0.011904761905,,0.081081081081,,0.805555555556,0.333333333333,2024,0.0,14,0.304347826087,0,1.0,0
3854,2024-10-14,0.118518518519,0.003012048193,0.036253776435,0.093457943925,0.115107913669,0.149659863946,0.238095238095,,0.324324324324,,0.85,0.318181818182,2024,0.0,14,0.260869565217,0,1.0,0
3855,2024-10-14,0.116049382716,0.009036144578,0.078549848943,0.205607476636,0.028776978417,0.176870748299,0.22619047619,,0.594594594595,,0.883333333333,0.333333333333,2024,0.0,14,0.173913043478,0,1.0,0
3856,2024-10-14,0.130864197531,0.018072289157,0.084592145015,0.205607476636,0.021582733813,0.231292517007,0.309523809524,,0.621621621622,,0.872222222222,0.242424242424,2024,0.0,14,0.130434782609,0,1.0,0
3857,2024-10-14,0.192592592593,0.063253012048,0.129909365559,0.214953271028,0.014388489209,0.224489795918,0.309523809524,,0.297297297297,,0.308333333333,0.151515151515,2024,0.0,14,0.04347826087,0,1.0,0
3858,2024-10-14,0.227160493827,0.105421686747,0.175226586103,0.214953271028,0.0,0.272108843537,0.380952380952,,0.081081081081,,0.211111111111,0.166666666667,2024,0.0,14,0.0,0,0.92,0
3859,2024-10-14,0.279012345679,0.262048192771,0.344410876133,0.261682242991,0.007194244604,0.183673469388,0.154761904762,,0.189189189189,,0.191666666667,0.136363636364,2024,0.0,14,0.086956521739,0,0.97,0
3860,2024-10-14,0.333333333333,0.19578313253,0.29003021148,0.289719626168,0.028776978417,0.251700680272,0.27380952381,,0.297297297297,,0.847222222222,0.227272727273,2024,0.0,14,0.217391304348,0,0.91,0
3861,2024-10-14,0.274074074074,0.129518072289,0.226586102719,0.299065420561,0.079136690647,0.394557823129,0.452380952381,,0.405405405405,,0.011111111111,0.242424242424,2024,0.0,14,0.521739130435,0,0.95,0
3862,2024-10-14,0.234567901235,0.05421686747,0.138972809668,0.261682242991,0.194244604317,0.428571428571,0.452380952381,,0.27027027027,,0.863888888889,0.242424242424,2024,0.0,14,0.695652173913,0,0.88,0
3863,2024-10-14,0.21975308642,0.027108433735,0.102719033233,0.233644859813,0.345323741007,0.312925170068,0.369047619048,,0.216216216216,,0.791666666667,0.242424242424,2024,0.0,14,0.782608695652,0,0.9,0
3864,2024-10-14,0.217283950617,0.021084337349,0.105740181269,0.271028037383,0.431654676259,0.387755102041,0.47619047619,,0.162162162162,,0.991666666667,0.287878787879,2024,0.0,14,0.913043478261,0,0.94,0
3865,2024-10-14,0.207407407407,0.012048192771,0.081570996979,0.224299065421,0.63309352518,0.380952380952,0.464285714286,,0.135135135135,,0.191666666667,0.30303030303,2024,0.0,14,1.0,0,0.91,0
3866,2024-10-14,0.172839506173,0.006024096386,0.057401812689,0.14953271028,0.676258992806,0.47619047619,0.571428571429,,0.135135135135,,0.030555555556,0.287878787879,2024,0.0,14,0.95652173913,0,0.93,0
3867,2024-10-14,0.148148148148,0.003012048193,0.036253776435,0.102803738318,0.532374100719,0.34693877551,0.428571428571,,0.108108108108,,0.022222222222,0.378787878788,2024,0.0,14,0.869565217391,0,0.95,0
3868,2024-10-14,0.214814814815,0.018072289157,0.090634441088,0.233644859813,0.381294964029,0.258503401361,0.261904761905,,0.243243243243,,0.875,0.469696969697,2024,0.0,14,0.826086956522,0,0.88,0
3869,2024-10-14,0.20987654321,0.018072289157,0.093655589124,0.233644859813,0.302158273381,0.285714285714,0.27380952381,,0.648648648649,,0.861111111111,0.636363636364,2024,0.0,14,0.739130434783,0,0.82,0
3870,2024-10-14,0.227160493827,0.03313253012,0.105740181269,0.224299065421,0.151079136691,0.265306122449,0.261904761905,,0.189189189189,,0.952777777778,0.515151515152,2024,0.0,14,0.652173913043,0,0.8,0
3871,2024-10-14,0.19012345679,0.018072289157,0.084592145015,0.205607476636,0.115107913669,0.197278911565,0.119047619048,,0.054054054054,,0.030555555556,0.5,2024,0.0,14,0.608695652174,0,0.88,0
3872,2024-10-14,0.19012345679,0.015060240964,0.075528700906,0.18691588785,0.071942446043,0.190476190476,0.166666666667,,0.054054054054,,0.025,0.393939393939,2024,0.0,14,0.565217391304,0,1.0,0
3873,2024-10-14,0.167901234568,0.009036144578,0.054380664653,0.140186915888,0.107913669065,0.238095238095,0.190476190476,,0.054054054054,,0.005555555556,0.378787878788,2024,0.0,14,0.478260869565,0,1.0,0
3874,2024-10-14,0.19012345679,0.018072289157,0.093655589124,0.233644859813,0.035971223022,0.170068027211,0.154761904762,,0.054054054054,,0.830555555556,0.378787878788,2024,0.0,14,0.434782608696,0,0.98,0
3875,2024-10-15,0.20987654321,0.039156626506,0.154078549849,0.355140186916,0.021582733813,0.176870748299,0.107142857143,,0.054054054054,,0.866666666667,0.19696969697,2024,0.0,15,0.391304347826,0,1.0,0
3876,2024-10-15,0.162962962963,0.018072289157,0.081570996979,0.205607476636,0.05035971223,0.231292517007,0.261904761905,,0.189189189189,,0.825,0.378787878788,2024,0.0,15,0.347826086957,0,1.0,0
3877,2024-10-15,0.165432098765,0.012048192771,0.084592145015,0.224299065421,0.043165467626,0.21768707483,0.190476190476,,0.405405405405,,0.827777777778,0.348484848485,2024,0.0,15,0.304347826087,0,1.0,0
3878,2024-10-15,0.135802469136,0.009036144578,0.066465256798,0.168224299065,0.079136690647,0.224489795918,0.202380952381,,0.459459459459,,0.844444444444,0.333333333333,2024,0.0,15,0.260869565217,0,1.0,0
3879,2024-10-15,0.125925925926,0.009036144578,0.04833836858,0.121495327103,0.10071942446,0.183673469388,0.25,,0.378378378378,,0.869444444444,0.242424242424,2024,0.0,15,0.173913043478,0,1.0,0
3880,2024-10-15,0.175308641975,0.042168674699,0.126888217523,0.261682242991,0.014388489209,0.12925170068,0.166666666667,,0.621621621622,,0.894444444444,0.212121212121,2024,0.0,15,0.130434782609,0,1.0,0
3881,2024-10-15,0.202469135802,0.117469879518,0.205438066465,0.280373831776,0.007194244604,0.265306122449,0.297619047619,,0.378378378378,,0.122222222222,0.181818181818,2024,0.0,15,0.04347826087,0,1.0,0
3882,2024-10-15,0.244444444444,0.228915662651,0.317220543807,0.271028037383,0.007194244604,0.272108843537,0.238095238095,,0.243243243243,,0.255555555556,0.181818181818,2024,0.0,15,0.0,0,0.93,0
3883,2024-10-15,0.362962962963,0.325301204819,0.435045317221,0.336448598131,0.014388489209,0.292517006803,0.345238095238,,0.216216216216,,0.275,0.151515151515,2024,0.0,15,0.086956521739,0,0.9,0
3884,2024-10-15,0.432098765432,0.346385542169,0.477341389728,0.401869158879,0.021582733813,0.380952380952,0.369047619048,,0.297297297297,,0.261111111111,0.121212121212,2024,0.0,15,0.217391304348,0,0.97,0
3885,2024-10-15,0.407407407407,0.240963855422,0.410876132931,0.523364485981,0.043165467626,0.448979591837,0.440476190476,,0.351351351351,,0.211111111111,0.166666666667,2024,0.0,15,0.521739130435,0,0.99,0
3886,2024-10-15,0.404938271605,0.153614457831,0.359516616314,0.635514018692,0.107913669065,0.469387755102,0.488095238095,,0.324324324324,,0.244444444444,0.181818181818,2024,0.0,15,0.695652173913,0,0.95,0
3887,2024-10-15,0.320987654321,0.066265060241,0.244712990937,0.551401869159,0.230215827338,0.414965986395,0.428571428571,,0.243243243243,,0.958333333333,0.19696969697,2024,0.0,15,0.782608695652,0,0.95,0
3888,2024-10-15,0.256790123457,0.027108433735,0.151057401813,0.383177570093,0.431654676259,0.408163265306,0.452380952381,,0.162162162162,,0.016666666667,0.257575757576,2024,0.0,15,0.913043478261,0,0.97,0
3889,2024-10-15,0.23950617284,0.012048192771,0.12084592145,0.336448598131,0.647482014388,0.394557823129,0.47619047619,,0.135135135135,,0.144444444444,0.287878787879,2024,0.0,15,1.0,0,0.92,0
3890,2024-10-15,0.197530864198,0.015060240964,0.075528700906,0.18691588785,0.532374100719,0.496598639456,0.607142857143,,0.081081081081,,0.922222222222,0.378787878788,2024,0.0,15,0.95652173913,0,0.97,0
3891,2024-10-15,0.175308641975,0.012048192771,0.069486404834,0.177570093458,0.474820143885,0.319727891156,0.297619047619,,0.081081081081,,0.933333333333,0.378787878788,2024,0.0,15,0.869565217391,0,0.92,0
3892,2024-10-15,0.207407407407,0.018072289157,0.099697885196,0.252336448598,0.352517985612,0.258503401361,0.22619047619,,0.27027027027,,0.913888888889,0.545454545455,2024,0.0,15,0.826086956522,0,0.98,0
3893,2024-10-15,0.197530864198,0.018072289157,0.114803625378,0.299065420561,0.323741007194,0.278911564626,0.238095238095,,0.567567567568,,0.947222222222,0.469696969697,2024,0.0,15,0.739130434783,0,0.97,0
3894,2024-10-15,0.224691358025,0.015060240964,0.117824773414,0.317757009346,0.273381294964,0.319727891156,0.297619047619,,0.432432432432,,0.988888888889,0.409090909091,2024,0.0,15,0.652173913043,0,0.89,0
3895,2024-10-15,0.175308641975,0.009036144578,0.087613293051,0.252336448598,0.194244604317,0.367346938776,0.333333333333,,0.135135135135,,0.058333333333,0.545454545455,2024,0.0,15,0.608695652174,0,0.91,0
3896,2024-10-15,0.153086419753,0.012048192771,0.075528700906,0.196261682243,0.158273381295,0.30612244898,0.178571428571,,0.054054054054,,0.080555555556,0.454545454545,2024,0.0,15,0.565217391304,0,0.99,0
3897,2024-10-15,0.16049382716,0.009036144578,0.060422960725,0.14953271028,0.172661870504,0.21768707483,0.119047619048,,0.027027027027,,1.0,0.378787878788,2024,0.0,15,0.478260869565,0,0.99,0
3898,2024-10-15,0.148148148148,0.006024096386,0.084592145015,0.242990654206,0.107913669065,0.170068027211,0.119047619048,,0.027027027027,,0.052777777778,0.272727272727,2024,0.0,15,0.434782608696,0,0.98,0
3899,2024-10-16,0.111111111111,0.003012048193,0.02416918429,0.065420560748,0.244604316547,0.210884353741,0.142857142857,,0.027027027027,,0.002777777778,0.469696969697,2024,0.0,16,0.391304347826,0,1.0,0
3900,2024-10-16,0.20987654321,0.03313253012,0.141993957704,0.336448598131,0.021582733813,0.204081632653,0.119047619048,,0.054054054054,,0.847222222222,0.19696969697,2024,0.0,16,0.347826086957,0,1.0,0
3901,2024-10-16,0.237037037037,0.063253012048,0.175226586103,0.345794392523,0.007194244604,0.238095238095,0.035714285714,,0.054054054054,,0.794444444444,0.19696969697,2024,0.0,16,0.304347826087,0,1.0,0
3902,2024-10-16,0.222222222222,0.072289156627,0.175226586103,0.317757009346,0.007194244604,0.224489795918,0.166666666667,,0.054054054054,,0.177777777778,0.19696969697,2024,0.0,16,0.260869565217,0,1.0,0
3903,2024-10-16,0.197530864198,0.051204819277,0.138972809668,0.280373831776,0.007194244604,0.312925170068,0.130952380952,,0.054054054054,,0.1,0.166666666667,2024,0.0,16,0.173913043478,0,1.0,0
3904,2024-10-16,0.232098765432,0.084337349398,0.172205438066,0.261682242991,0.007194244604,0.272108843537,0.27380952381,,0.054054054054,,0.186111111111,0.121212121212,2024,0.0,16,0.130434782609,0,1.0,0
3905,2024-10-16,0.308641975309,0.295180722892,0.383685800604,0.271028037383,0.007194244604,0.333333333333,0.25,,0.081081081081,,0.202777777778,0.060606060606,2024,0.0,16,0.04347826087,0,1.0,0
3906,2024-10-16,0.422222222222,0.376506024096,0.468277945619,0.280373831776,0.007194244604,0.326530612245,0.25,,0.108108108108,,0.022222222222,0.075757575758,2024,0.0,16,0.0,0,0.93,0
3907,2024-10-16,0.486419753086,0.448795180723,0.574018126888,0.373831775701,0.014388489209,0.30612244898,0.238095238095,,0.135135135135,,0.297222222222,0.075757575758,2024,0.0,16,0.086956521739,0,0.84,0
3908,2024-10-16,0.565432098765,0.352409638554,0.543806646526,0.588785046729,0.028776978417,0.469387755102,0.380952380952,,0.135135135135,,0.486111111111,0.166666666667,2024,0.0,16,0.217391304348,0,0.93,0
3909,2024-10-16,0.432098765432,0.156626506024,0.359516616314,0.626168224299,0.107913669065,0.537414965986,0.452380952381,,0.081081081081,,0.961111111111,0.227272727273,2024,0.0,16,0.521739130435,0,0.95,0
3910,2024-10-16,0.222222222222,0.048192771084,0.160120845921,0.336448598131,0.237410071942,0.503401360544,0.511904761905,,0.054054054054,,0.958333333333,0.242424242424,2024,0.0,16,0.695652173913,0,0.97,0
3911,2024-10-16,0.20987654321,0.036144578313,0.148036253776,0.345794392523,0.345323741007,0.224489795918,0.214285714286,,0.054054054054,,0.094444444444,0.318181818182,2024,0.0,16,0.782608695652,0,0.96,0
3912,2024-10-16,0.185185185185,0.018072289157,0.093655589124,0.233644859813,0.431654676259,0.34693877551,0.357142857143,,0.081081081081,,0.033333333333,0.454545454545,2024,0.0,16,0.913043478261,0,0.96,0
3913,2024-10-16,0.111111111111,0.006024096386,0.030211480363,0.07476635514,0.446043165468,0.333333333333,0.333333333333,,0.054054054054,,0.044444444444,0.424242424242,2024,0.0,16,1.0,0,0.96,0
3914,2024-10-16,0.145679012346,0.012048192771,0.045317220544,0.093457943925,0.438848920863,0.231292517007,0.285714285714,,0.054054054054,,0.911111111111,0.409090909091,2024,0.0,16,0.95652173913,0,0.96,0
3915,2024-10-16,0.165432098765,0.018072289157,0.063444108761,0.140186915888,0.410071942446,0.156462585034,0.130952380952,,0.054054054054,,0.875,0.575757575758,2024,0.0,16,0.869565217391,0,0.9,0
3916,2024-10-16,0.123456790123,0.012048192771,0.051359516616,0.130841121495,0.330935251799,0.210884353741,0.202380952381,,0.054054054054,,0.047222222222,0.772727272727,2024,0.0,16,0.826086956522,0,0.93,0
3917,2024-10-16,0.120987654321,0.009036144578,0.033232628399,0.084112149533,0.230215827338,0.333333333333,0.142857142857,,0.027027027027,,0.075,0.954545454545,2024,0.0,16,0.739130434783,0,0.94,0
3918,2024-10-16,0.133333333333,0.006024096386,0.036253776435,0.093457943925,0.215827338129,0.510204081633,0.166666666667,,0.027027027027,,0.041666666667,0.727272727273,2024,0.0,16,0.652173913043,0,0.94,0
3919,2024-10-16,0.165432098765,0.015060240964,0.063444108761,0.158878504673,0.158273381295,0.312925170068,0.190476190476,,0.027027027027,,0.008333333333,0.575757575758,2024,0.0,16,0.608695652174,0,0.94,0
3920,2024-10-16,0.148148148148,0.009036144578,0.042296072508,0.102803738318,0.194244604317,0.176870748299,0.142857142857,,0.027027027027,,0.005555555556,0.575757575758,2024,0.0,16,0.565217391304,0,0.97,0
3921,2024-10-16,0.148148148148,0.009036144578,0.04833836858,0.121495327103,0.172661870504,0.156462585034,0.154761904762,,0.027027027027,,1.0,0.484848484848,2024,0.0,16,0.478260869565,0,1.0,0
3922,2024-10-16,0.143209876543,0.006024096386,0.039274924471,0.102803738318,0.215827338129,0.170068027211,0.214285714286,,0.027027027027,,0.958333333333,0.484848484848,2024,0.0,16,0.434782608696,0,0.99,0
3923,2024-10-17,0.148148148148,0.009036144578,0.054380664653,0.140186915888,0.122302158273,0.333333333333,0.345238095238,,0.027027027027,,0.861111111111,0.378787878788,2024,0.0,17,0.391304347826,0,1.0,0
3924,2024-10-17,0.111111111111,0.003012048193,0.030211480363,0.084112149533,0.201438848921,0.047619047619,0.011904761905,,0.027027027027,,0.008333333333,0.393939393939,2024,0.0,17,0.347826086957,0,1.0,0
3925,2024-10-17,0.101234567901,0.0,0.027190332326,0.07476635514,0.201438848921,0.244897959184,0.333333333333,,0.027027027027,,0.052777777778,0.272727272727,2024,0.0,17,0.304347826087,0,1.0,0
3926,2024-10-17,0.101234567901,0.0,0.021148036254,0.065420560748,0.201438848921,0.197278911565,0.297619047619,,0.027027027027,,0.058333333333,0.212121212121,2024,0.0,17,0.260869565217,0,1.0,0
3927,2024-10-17,0.101234567901,0.0,0.018126888218,0.046728971963,0.223021582734,0.115646258503,0.142857142857,,0.027027027027,,0.036111111111,0.333333333333,2024,0.0,17,0.173913043478,0,1.0,0
3928,2024-10-17,0.093827160494,0.003012048193,0.012084592145,0.028037383178,0.237410071942,0.142857142857,0.107142857143,,0.027027027027,,0.033333333333,0.287878787879,2024,0.0,17,0.130434782609,0,1.0,0
3929,2024-10-17,0.106172839506,0.003012048193,0.02416918429,0.065420560748,0.215827338129,0.013605442177,0.083333333333,,0.027027027027,,0.033333333333,0.136363636364,2024,0.0,17,0.04347826087,0,0.99,0
3930,2024-10-17,0.162962962963,0.018072289157,0.078549848943,0.18691588785,0.122302158273,0.149659863946,0.130952380952,,0.027027027027,,0.005555555556,0.151515151515,2024,0.0,17,0.0,0,0.92,0
3931,2024-10-17,0.20987654321,0.042168674699,0.123867069486,0.252336448598,0.086330935252,0.176870748299,0.166666666667,,0.027027027027,,0.997222222222,0.212121212121,2024,0.0,17,0.086956521739,0,0.86,0
3932,2024-10-17,0.145679012346,0.027108433735,0.069486404834,0.130841121495,0.208633093525,0.081632653061,0.083333333333,,0.027027027027,,0.2,0.287878787879,2024,0.0,17,0.217391304348,0,0.9,0
3933,2024-10-17,0.187654320988,0.03313253012,0.087613293051,0.168224299065,0.215827338129,0.08843537415,0.071428571429,,0.027027027027,,0.455555555556,0.19696969697,2024,0.0,17,0.521739130435,0,0.94,0
3934,2024-10-17,0.197530864198,0.042168674699,0.117824773414,0.233644859813,0.237410071942,0.115646258503,0.083333333333,,0.054054054054,,0.963888888889,0.318181818182,2024,0.0,17,0.695652173913,0,0.91,0
3935,2024-10-17,0.143209876543,0.021084337349,0.069486404834,0.14953271028,0.323741007194,0.238095238095,0.261904761905,,0.027027027027,,0.075,0.166666666667,2024,0.0,17,0.782608695652,0,0.95,0
3936,2024-10-17,0.16049382716,0.015060240964,0.060422960725,0.140186915888,0.41726618705,0.190476190476,0.202380952381,,0.054054054054,,0.069444444444,0.348484848485,2024,0.0,17,0.913043478261,0,0.94,0
3937,2024-10-17,0.187654320988,0.012048192771,0.066465256798,0.168224299065,0.510791366906,0.244897959184,0.261904761905,,0.054054054054,,0.911111111111,0.378787878788,2024,0.0,17,1.0,0,0.9,0
3938,2024-10-17,0.148148148148,0.012048192771,0.051359516616,0.121495327103,0.474820143885,0.272108843537,0.285714285714,,0.054054054054,,0.975,0.378787878788,2024,0.0,17,0.95652173913,0,0.94,0
3939,2024-10-17,0.145679012346,0.012048192771,0.045317220544,0.102803738318,0.402877697842,0.224489795918,0.202380952381,,0.054054054054,,0.005555555556,0.515151515152,2024,0.0,17,0.869565217391,0,0.86,0
3940,2024-10-17,0.165432098765,0.018072289157,0.07250755287,0.168224299065,0.26618705036,0.190476190476,0.107142857143,,0.054054054054,,0.988888888889,0.651515151515,2024,0.0,17,0.826086956522,0,0.93,0
3941,2024-10-17,0.133333333333,0.009036144578,0.051359516616,0.130841121495,0.244604316547,0.142857142857,0.0,,0.027027027027,,0.061111111111,0.636363636364,2024,0.0,17,0.739130434783,0,0.94,0
3942,2024-10-17,0.143209876543,0.006024096386,0.04833836858,0.130841121495,0.208633093525,0.108843537415,0.035714285714,,0.027027027027,,0.058333333333,0.681818181818,2024,0.0,17,0.652173913043,0,0.93,0
3943,2024-10-17,0.177777777778,0.018072289157,0.075528700906,0.177570093458,0.143884892086,0.204081632653,0.095238095238,,0.027027027027,,0.002777777778,0.606060606061,2024,0.0,17,0.608695652174,0,0.89,0
3944,2024-10-17,0.177777777778,0.021084337349,0.078549848943,0.177570093458,0.122302158273,0.170068027211,0.107142857143,,0.027027027027,,0.952777777778,0.484848484848,2024,0.0,17,0.565217391304,0,1.0,0
3945,2024-10-17,0.172839506173,0.015060240964,0.066465256798,0.158878504673,0.122302158273,0.122448979592,0.095238095238,,0.027027027027,,0.869444444444,0.560606060606,2024,0.0,17,0.478260869565,0,1.0,0
3946,2024-10-17,0.172839506173,0.009036144578,0.063444108761,0.158878504673,0.107913669065,0.12925170068,0.071428571429,,0.027027027027,,0.838888888889,0.424242424242,2024,0.0,17,0.434782608696,0,1.0,0
3947,2024-10-18,0.158024691358,,,,,0.224489795918,0.166666666667,,,,0.861111111111,0.5,2024,0.0,18,0.391304347826,0,1.0,0
3948,2024-10-18,0.138271604938,0.009036144578,0.051359516616,0.130841121495,0.115107913669,0.006802721088,,,0.027027027027,,0.838888888889,0.333333333333,2024,0.0,18,0.347826086957,0,1.0,0
3949,2024-10-18,0.130864197531,0.009036144578,0.069486404834,0.18691588785,0.071942446043,0.163265306122,0.130952380952,,0.054054054054,,0.866666666667,0.272727272727,2024,0.0,18,0.304347826087,0,1.0,0
3950,2024-10-18,0.138271604938,0.009036144578,0.078549848943,0.214953271028,0.05035971223,0.027210884354,,,0.054054054054,,0.902777777778,0.212121212121,2024,0.0,18,0.260869565217,0,1.0,0
3951,2024-10-18,0.125925925926,0.003012048193,0.045317220544,0.130841121495,0.086330935252,0.258503401361,0.321428571429,,0.027027027027,,0.122222222222,0.121212121212,2024,0.0,18,0.173913043478,0,1.0,0
3952,2024-10-18,0.155555555556,0.021084337349,0.090634441088,0.224299065421,0.021582733813,0.115646258503,0.083333333333,,0.027027027027,,0.258333333333,0.075757575758,2024,0.0,18,0.130434782609,0,1.0,0
3953,2024-10-18,0.18024691358,0.129518072289,0.208459214502,0.233644859813,0.007194244604,0.156462585034,0.142857142857,,0.081081081081,,0.233333333333,0.212121212121,2024,0.0,18,0.04347826087,0,1.0,0
3954,2024-10-18,0.237037037037,0.138554216867,0.208459214502,0.205607476636,0.007194244604,0.156462585034,0.214285714286,,0.081081081081,,0.055555555556,0.212121212121,2024,0.0,18,0.0,0,0.97,0
3955,2024-10-18,0.291358024691,0.150602409639,0.223564954683,0.224299065421,0.007194244604,0.238095238095,0.238095238095,,0.081081081081,,0.894444444444,0.287878787879,2024,0.0,18,0.086956521739,0,0.92,0
3956,2024-10-18,0.249382716049,0.150602409639,0.229607250755,0.242990654206,0.021582733813,0.30612244898,0.309523809524,,0.081081081081,,0.877777777778,0.212121212121,2024,0.0,18,0.217391304348,0,0.92,0
3957,2024-10-18,0.274074074074,0.138554216867,0.220543806647,0.252336448598,0.043165467626,0.312925170068,0.345238095238,,0.081081081081,,0.052777777778,0.212121212121,2024,0.0,18,0.521739130435,0,0.94,0
3958,2024-10-18,0.279012345679,0.093373493976,0.190332326284,0.308411214953,0.107913669065,0.312925170068,0.309523809524,,0.054054054054,,0.922222222222,0.242424242424,2024,0.0,18,0.695652173913,0,0.94,0
3959,2024-10-18,0.269135802469,0.05421686747,0.163141993958,0.327102803738,0.223021582734,0.340136054422,0.380952380952,,0.054054054054,,0.05,0.30303030303,2024,0.0,18,0.782608695652,0,0.99,0
3960,2024-10-18,0.224691358025,0.021084337349,0.102719033233,0.252336448598,0.424460431655,0.367346938776,0.416666666667,,0.054054054054,,0.188888888889,0.318181818182,2024,0.0,18,0.913043478261,0,0.97,0
3961,2024-10-18,0.185185185185,0.009036144578,0.054380664653,0.140186915888,0.532374100719,0.47619047619,0.583333333333,,0.081081081081,,0.094444444444,0.30303030303,2024,0.0,18,1.0,0,0.87,0
3962,2024-10-18,0.167901234568,0.009036144578,0.051359516616,0.121495327103,0.517985611511,0.34693877551,0.345238095238,,0.108108108108,,0.063888888889,0.287878787879,2024,0.0,18,0.95652173913,0,0.93,0
3963,2024-10-18,0.17037037037,0.009036144578,0.051359516616,0.130841121495,0.482014388489,0.244897959184,0.261904761905,,0.135135135135,,0.0,0.318181818182,2024,0.0,18,0.869565217391,0,0.92,0
3964,2024-10-18,0.187654320988,0.018072289157,0.078549848943,0.18691588785,0.31654676259,0.312925170068,0.333333333333,,0.108108108108,,0.994444444444,0.454545454545,2024,0.0,18,0.826086956522,0,0.92,0
3965,2024-10-18,0.207407407407,0.03313253012,0.108761329305,0.242990654206,0.194244604317,0.244897959184,0.178571428571,,0.081081081081,,0.969444444444,0.560606060606,2024,0.0,18,0.739130434783,0,0.97,0
3966,2024-10-18,0.246913580247,0.036144578313,0.117824773414,0.252336448598,0.107913669065,0.176870748299,0.095238095238,,0.054054054054,,0.983333333333,0.590909090909,2024,0.0,18,0.652173913043,0,0.86,0
3967,2024-10-18,0.192592592593,0.024096385542,0.07250755287,0.14953271028,0.115107913669,0.190476190476,0.02380952381,,0.054054054054,,0.991666666667,0.590909090909,2024,0.0,18,0.608695652174,0,0.96,0
3968,2024-10-18,0.20987654321,0.030120481928,0.093655589124,0.196261682243,0.079136690647,0.183673469388,0.107142857143,,0.027027027027,,0.886111111111,0.378787878788,2024,0.0,18,0.565217391304,0,0.93,0
3969,2024-10-18,0.185185185185,0.018072289157,0.081570996979,0.196261682243,0.071942446043,0.163265306122,0.095238095238,,0.054054054054,,0.841666666667,0.530303030303,2024,0.0,18,0.478260869565,0,0.97,0
3970,2024-10-18,0.182716049383,0.015060240964,0.066465256798,0.168224299065,0.086330935252,0.224489795918,0.107142857143,,0.027027027027,,0.872222222222,0.560606060606,2024,0.0,18,0.434782608696,0,1.0,0
3971,2024-10-19,0.130864197531,0.006024096386,0.030211480363,0.065420560748,0.179856115108,0.102040816327,0.095238095238,,0.0,,0.883333333333,0.409090909091,2024,0.0,19,0.391304347826,0,1.0,0
3972,2024-10-19,,,,,,0.095238095238,0.083333333333,,,,0.858333333333,0.515151515152,2024,0.0,19,0.347826086957,0,1.0,0
3973,2024-10-19,,,,,,0.115646258503,0.059523809524,,,,0.838888888889,0.409090909091,2024,0.0,19,0.304347826087,0,1.0,0
3974,2024-10-19,,,,,,0.170068027211,0.190476190476,,,,0.872222222222,0.424242424242,2024,0.0,19,0.260869565217,0,1.0,0
3975,2024-10-19,0.135802469136,0.006024096386,0.036253776435,0.084112149533,0.122302158273,0.149659863946,0.154761904762,,0.054054054054,,0.872222222222,0.424242424242,2024,0.0,19,0.173913043478,0,1.0,0
3976,2024-10-19,0.138271604938,0.009036144578,0.042296072508,0.102803738318,0.107913669065,0.095238095238,0.071428571429,,0.027027027027,,0.888888888889,0.409090909091,2024,0.0,19,0.130434782609,0,1.0,0
3977,2024-10-19,0.162962962963,0.021084337349,0.066465256798,0.140186915888,0.086330935252,0.08843537415,0.119047619048,,0.027027027027,,0.883333333333,0.378787878788,2024,0.0,19,0.04347826087,0,1.0,0
3978,2024-10-19,0.207407407407,0.039156626506,0.108761329305,0.214953271028,0.035971223022,0.102040816327,0.130952380952,,0.054054054054,,0.886111111111,0.363636363636,2024,0.0,19,0.0,0,1.0,0
3979,2024-10-19,0.227160493827,0.057228915663,0.123867069486,0.205607476636,0.05035971223,0.136054421769,0.166666666667,,0.054054054054,,0.9,0.257575757576,2024,0.0,19,0.086956521739,0,1.0,0
3980,2024-10-19,0.207407407407,0.048192771084,0.111782477341,0.18691588785,0.079136690647,0.12925170068,0.119047619048,,0.054054054054,,0.966666666667,0.287878787879,2024,0.0,19,0.217391304348,0,1.0,0
3981,2024-10-19,0.172839506173,0.036144578313,0.078549848943,0.130841121495,0.151079136691,0.081632653061,0.059523809524,,0.027027027027,,0.994444444444,0.318181818182,2024,0.0,19,0.521739130435,0,0.93,0
3982,2024-10-19,0.17037037037,0.027108433735,0.063444108761,0.11214953271,0.215827338129,0.102040816327,0.107142857143,,0.027027027027,,0.977777777778,0.378787878788,2024,0.0,19,0.695652173913,0,0.94,0
3983,2024-10-19,0.18024691358,0.024096385542,0.063444108761,0.121495327103,0.273381294964,0.149659863946,0.130952380952,,0.027027027027,,0.841666666667,0.333333333333,2024,0.0,19,0.782608695652,0,0.9,0
3984,2024-10-19,0.128395061728,0.015060240964,0.033232628399,0.065420560748,0.302158273381,0.170068027211,0.142857142857,,0.027027027027,,0.027777777778,0.484848484848,2024,0.0,19,0.913043478261,0,0.98,0
3985,2024-10-19,0.135802469136,0.021084337349,0.045317220544,0.07476635514,0.273381294964,0.12925170068,0.047619047619,,0.027027027027,,0.0,0.651515151515,2024,0.0,19,1.0,0,0.97,0
3986,2024-10-19,0.113580246914,0.009036144578,0.021148036254,0.028037383178,0.280575539568,0.176870748299,0.035714285714,,0.027027027027,,0.052777777778,0.636363636364,2024,0.0,19,0.95652173913,0,0.93,0
3987,2024-10-19,0.125925925926,0.015060240964,0.033232628399,0.056074766355,0.258992805755,0.149659863946,0.011904761905,,0.027027027027,,0.025,0.727272727273,2024,0.0,19,0.869565217391,0,0.9,0
3988,2024-10-19,0.128395061728,0.012048192771,0.030211480363,0.056074766355,0.244604316547,0.197278911565,0.083333333333,,0.027027027027,,0.013888888889,0.787878787879,2024,0.0,19,0.826086956522,0,0.97,0
3989,2024-10-19,0.133333333333,0.012048192771,0.039274924471,0.084112149533,0.208633093525,0.231292517007,0.083333333333,,0.027027027027,,0.025,0.742424242424,2024,0.0,19,0.739130434783,0,0.96,0
3990,2024-10-19,0.172839506173,0.027108433735,0.07250755287,0.140186915888,0.151079136691,0.204081632653,0.059523809524,,0.027027027027,,0.994444444444,0.772727272727,2024,0.0,19,0.652173913043,0,0.97,0
3991,2024-10-19,0.167901234568,0.021084337349,0.060422960725,0.121495327103,0.151079136691,0.231292517007,0.071428571429,,0.027027027027,,0.980555555556,0.69696969697,2024,0.0,19,0.608695652174,0,1.0,0
3992,2024-10-19,0.153086419753,0.015060240964,0.051359516616,0.102803738318,0.158273381295,0.163265306122,0.059523809524,,0.027027027027,,0.966666666667,0.772727272727,2024,0.0,19,0.565217391304,0,1.0,0
3993,2024-10-19,0.153086419753,0.015060240964,0.04833836858,0.102803738318,0.158273381295,0.122448979592,0.071428571429,,0.027027027027,,0.933333333333,0.575757575758,2024,0.0,19,0.478260869565,0,0.97,0
3994,2024-10-19,0.145679012346,0.009036144578,0.033232628399,0.07476635514,0.179856115108,0.081632653061,0.071428571429,,0.027027027027,,0.933333333333,0.69696969697,2024,0.0,19,0.434782608696,0,1.0,0
3995,2024-10-20,0.165432098765,0.015060240964,0.069486404834,0.168224299065,0.043165467626,0.115646258503,0.130952380952,,0.027027027027,,0.880555555556,0.439393939394,2024,0.0,20,0.391304347826,0,1.0,0
3996,2024-10-20,0.118518518519,0.003012048193,0.021148036254,0.056074766355,0.201438848921,0.061224489796,0.071428571429,,0.0,,0.963888888889,0.318181818182,2024,0.0,20,0.347826086957,0,1.0,0
3997,2024-10-20,0.118518518519,0.003012048193,0.02416918429,0.065420560748,0.179856115108,0.095238095238,0.130952380952,,0.027027027027,,0.911111111111,0.272727272727,2024,0.0,20,0.304347826087,0,0.99,0
3998,2024-10-20,0.123456790123,0.003012048193,0.027190332326,0.07476635514,0.179856115108,0.027210884354,,,0.027027027027,,0.888888888889,0.318181818182,2024,0.0,20,0.260869565217,0,1.0,0
3999,2024-10-20,0.116049382716,0.003012048193,0.021148036254,0.056074766355,0.187050359712,0.08843537415,0.071428571429,,0.027027027027,,0.880555555556,0.393939393939,2024,0.0,20,0.173913043478,0,1.0,0
4000,2024-10-20,0.138271604938,0.009036144578,0.051359516616,0.140186915888,0.10071942446,0.081632653061,0.107142857143,,0.027027027027,,0.872222222222,0.363636363636,2024,0.0,20,0.130434782609,0,1.0,0
4001,2024-10-20,0.143209876543,0.015060240964,0.060422960725,0.140186915888,0.10071942446,0.115646258503,0.142857142857,,0.027027027027,,0.886111111111,0.469696969697,2024,0.0,20,0.04347826087,0,1.0,0
4002,2024-10-20,0.155555555556,0.018072289157,0.069486404834,0.158878504673,0.093525179856,0.12925170068,0.119047619048,,0.054054054054,,0.9,0.393939393939,2024,0.0,20,0.0,0,1.0,0
4003,2024-10-20,0.21975308642,0.039156626506,0.102719033233,0.196261682243,0.064748201439,0.108843537415,0.071428571429,,0.054054054054,,0.875,0.393939393939,2024,0.0,20,0.086956521739,0,1.0,0
4004,2024-10-20,0.20987654321,0.051204819277,0.117824773414,0.205607476636,0.079136690647,0.149659863946,0.154761904762,,0.054054054054,,0.9,0.484848484848,2024,0.0,20,0.217391304348,0,1.0,0
4005,2024-10-20,0.2,0.03313253012,0.081570996979,0.14953271028,0.136690647482,0.170068027211,0.202380952381,,0.027027027027,,0.886111111111,0.530303030303,2024,0.0,20,0.521739130435,0,1.0,0
4006,2024-10-20,0.195061728395,0.036144578313,0.078549848943,0.130841121495,0.165467625899,0.149659863946,0.142857142857,,0.027027027027,,0.866666666667,0.651515151515,2024,0.0,20,0.695652173913,0,1.0,0
4007,2024-10-20,0.197530864198,0.027108433735,0.066465256798,0.121495327103,0.172661870504,0.136054421769,0.119047619048,,0.027027027027,,0.886111111111,0.530303030303,2024,0.0,20,0.782608695652,0,0.93,0
4008,2024-10-20,0.207407407407,0.03313253012,0.07250755287,0.121495327103,0.165467625899,0.142857142857,0.142857142857,,0.054054054054,,0.888888888889,0.621212121212,2024,0.0,20,0.913043478261,0,0.98,0
4009,2024-10-20,0.20987654321,0.030120481928,0.066465256798,0.11214953271,0.165467625899,0.156462585034,0.166666666667,,0.027027027027,,0.883333333333,0.69696969697,2024,0.0,20,1.0,0,0.99,0
4010,2024-10-20,0.21975308642,0.03313253012,0.07250755287,0.121495327103,0.158273381295,0.08843537415,0.071428571429,,0.054054054054,,0.844444444444,0.681818181818,2024,0.0,20,0.95652173913,0,1.0,0
4011,2024-10-20,0.222222222222,0.036144578313,0.075528700906,0.130841121495,0.136690647482,0.21768707483,0.261904761905,,0.027027027027,,0.866666666667,0.727272727273,2024,0.0,20,0.869565217391,0,0.99,0
4012,2024-10-20,0.21975308642,0.030120481928,0.075528700906,0.140186915888,0.115107913669,0.108843537415,0.095238095238,,0.054054054054,,0.872222222222,0.727272727273,2024,0.0,20,0.826086956522,0,1.0,0
4013,2024-10-20,0.212345679012,0.030120481928,0.078549848943,0.14953271028,0.093525179856,0.163265306122,0.190476190476,,0.054054054054,,0.883333333333,0.651515151515,2024,0.0,20,0.739130434783,0,0.99,0
4014,2024-10-20,0.204938271605,0.021084337349,0.075528700906,0.168224299065,0.071942446043,0.095238095238,0.119047619048,,0.027027027027,,0.872222222222,0.606060606061,2024,0.0,20,0.652173913043,0,1.0,0
4015,2024-10-20,0.182716049383,0.015060240964,0.063444108761,0.14953271028,0.071942446043,0.102040816327,0.119047619048,,0.027027027027,,0.875,0.575757575758,2024,0.0,20,0.608695652174,0,0.99,0
4016,2024-10-20,0.182716049383,0.015060240964,0.066465256798,0.158878504673,0.071942446043,0.122448979592,0.142857142857,,0.027027027027,,0.855555555556,0.484848484848,2024,0.0,20,0.565217391304,0,0.99,0
4017,2024-10-20,0.167901234568,0.015060240964,0.063444108761,0.14953271028,0.064748201439,0.115646258503,0.119047619048,,0.027027027027,,0.855555555556,0.469696969697,2024,0.0,20,0.478260869565,0,0.97,0
4018,2024-10-20,0.177777777778,0.015060240964,0.063444108761,0.14953271028,0.057553956835,0.061224489796,0.047619047619,,0.027027027027,,0.875,0.454545454545,2024,0.0,20,0.434782608696,0,1.0,0
4019,2024-10-21,0.17037037037,0.018072289157,0.075528700906,0.177570093458,0.021582733813,0.061224489796,0.02380952381,0.820224719101,0.027027027027,0.173913043478,0.791666666667,0.333333333333,2024,0.0,21,0.391304347826,0,1.0,0
4020,2024-10-21,0.16049382716,0.015060240964,0.057401812689,0.140186915888,0.05035971223,0.061224489796,0.047619047619,,0.027027027027,,0.930555555556,0.378787878788,2024,0.0,21,0.347826086957,0,1.0,0
4021,2024-10-21,0.133333333333,0.006024096386,0.033232628399,0.084112149533,0.071942446043,0.115646258503,0.190476190476,,0.027027027027,,0.886111111111,0.333333333333,2024,0.0,21,0.304347826087,0,1.0,0
4022,2024-10-21,0.128395061728,0.006024096386,0.039274924471,0.102803738318,0.064748201439,0.027210884354,,,0.027027027027,,0.866666666667,0.378787878788,2024,0.0,21,0.260869565217,0,1.0,0
4023,2024-10-21,0.123456790123,0.006024096386,0.036253776435,0.093457943925,0.064748201439,0.102040816327,0.166666666667,,0.027027027027,,0.858333333333,0.378787878788,2024,0.0,21,0.173913043478,0,1.0,0
4024,2024-10-21,0.135802469136,0.015060240964,0.051359516616,0.11214953271,0.043165467626,0.068027210884,0.083333333333,,0.027027027027,,0.866666666667,0.363636363636,2024,0.0,21,0.130434782609,0,1.0,0
4025,2024-10-21,0.202469135802,0.051204819277,0.105740181269,0.168224299065,0.014388489209,0.061224489796,0.083333333333,,0.027027027027,,0.836111111111,0.212121212121,2024,0.0,21,0.04347826087,0,0.99,0
4026,2024-10-21,0.266666666667,0.114457831325,0.178247734139,0.196261682243,0.007194244604,0.081632653061,0.107142857143,,0.054054054054,,0.813888888889,0.227272727273,2024,0.0,21,0.0,0,0.92,0
4027,2024-10-21,0.232098765432,0.069277108434,0.132930513595,0.196261682243,0.021582733813,0.102040816327,0.142857142857,,0.027027027027,,0.961111111111,0.257575757576,2024,0.0,21,0.086956521739,0,0.82,0
4028,2024-10-21,0.325925925926,0.123493975904,0.187311178248,0.196261682243,0.014388489209,0.040816326531,0.035714285714,,0.027027027027,,0.872222222222,0.181818181818,2024,0.0,21,0.217391304348,0,0.94,0
4029,2024-10-21,0.441975308642,0.204819277108,0.277945619335,0.224299065421,0.007194244604,0.054421768707,0.059523809524,,0.054054054054,,0.697222222222,0.212121212121,2024,0.0,21,0.521739130435,0,0.92,0
4030,2024-10-21,0.414814814815,0.168674698795,0.2416918429,0.224299065421,0.014388489209,0.081632653061,0.083333333333,,0.054054054054,,0.85,0.242424242424,2024,0.0,21,0.695652173913,0,0.95,0
4031,2024-10-21,0.362962962963,0.16265060241,0.238670694864,0.233644859813,0.028776978417,0.176870748299,0.25,,0.054054054054,,0.877777777778,0.378787878788,2024,0.0,21,0.782608695652,0,0.93,0
4032,2024-10-21,0.254320987654,0.075301204819,0.138972809668,0.196261682243,0.093525179856,0.156462585034,0.214285714286,,0.054054054054,,0.925,0.181818181818,2024,0.0,21,0.913043478261,0,0.96,0
4033,2024-10-21,0.165432098765,0.024096385542,0.051359516616,0.084112149533,0.179856115108,0.095238095238,0.119047619048,,0.027027027027,,0.086111111111,0.378787878788,2024,0.0,21,1.0,0,0.77,0
4034,2024-10-21,0.172839506173,0.030120481928,0.066465256798,0.102803738318,0.151079136691,0.074829931973,0.071428571429,0.786516853933,0.027027027027,0.260869565217,0.044444444444,0.424242424242,2024,0.0,21,0.95652173913,0,0.84,0
4035,2024-10-21,0.204938271605,0.051204819277,0.093655589124,0.140186915888,0.115107913669,0.061224489796,0.083333333333,0.808988764045,0.054054054054,0.304347826087,0.977777777778,0.484848484848,2024,0.0,21,0.869565217391,0,0.93,0
4036,2024-10-21,0.2,0.045180722892,0.084592145015,0.121495327103,0.10071942446,0.061224489796,0.083333333333,0.76404494382,0.027027027027,0.304347826087,0.983333333333,0.5,2024,0.0,21,0.826086956522,0,0.93,0
4037,2024-10-21,0.234567901235,0.066265060241,0.12084592145,0.168224299065,0.057553956835,0.08843537415,0.119047619048,0.786516853933,0.027027027027,0.260869565217,0.975,0.560606060606,2024,0.0,21,0.739130434783,0,0.97,0
4038,2024-10-21,0.249382716049,0.060240963855,0.123867069486,0.18691588785,0.028776978417,0.08843537415,0.083333333333,0.808988764045,0.0,0.260869565217,0.988888888889,0.560606060606,2024,0.0,21,0.652173913043,0,0.9,0
4039,2024-10-21,0.281481481481,0.078313253012,0.141993957704,0.196261682243,0.014388489209,0.095238095238,0.083333333333,0.797752808989,0.027027027027,0.217391304348,0.947222222222,0.378787878788,2024,0.0,21,0.608695652174,0,0.92,0
4040,2024-10-21,0.234567901235,0.051204819277,0.111782477341,0.18691588785,0.021582733813,0.074829931973,0.047619047619,0.808988764045,0.027027027027,0.217391304348,0.955555555556,0.363636363636,2024,0.0,21,0.565217391304,0,0.99,0
4041,2024-10-21,0.19012345679,0.03313253012,0.081570996979,0.14953271028,0.043165467626,0.081632653061,0.059523809524,0.808988764045,0.027027027027,0.173913043478,0.930555555556,0.348484848485,2024,0.0,21,0.478260869565,0,0.99,0
4042,2024-10-21,0.207407407407,0.036144578313,0.099697885196,0.18691588785,0.014388489209,0.040816326531,0.011904761905,0.808988764045,0.027027027027,0.173913043478,0.783333333333,0.257575757576,2024,0.0,21,0.434782608696,0,0.96,0
4043,2024-10-22,0.138271604938,0.009036144578,0.051359516616,0.130841121495,0.093525179856,0.176870748299,0.107142857143,0.696629213483,0.027027027027,,0.866666666667,0.5,2024,0.0,22,0.391304347826,0,1.0,0
4044,2024-10-22,0.167901234568,0.03313253012,0.099697885196,0.196261682243,0.007194244604,0.08843537415,0.095238095238,0.85393258427,0.027027027027,0.173913043478,0.797222222222,0.287878787879,2024,0.0,22,0.347826086957,0,1.0,0
4045,2024-10-22,0.155555555556,0.015060240964,0.066465256798,0.168224299065,0.021582733813,0.136054421769,0.142857142857,0.910112359551,0.027027027027,0.130434782609,0.877777777778,0.227272727273,2024,0.0,22,0.304347826087,0,1.0,0
4046,2024-10-22,0.138271604938,0.006024096386,0.036253776435,0.093457943925,0.071942446043,0.040816326531,0.02380952381,0.966292134831,0.027027027027,0.130434782609,0.888888888889,0.212121212121,2024,0.0,22,0.260869565217,0,1.0,0
4047,2024-10-22,0.138271604938,0.009036144578,0.057401812689,0.14953271028,0.028776978417,0.08843537415,0.119047619048,0.955056179775,0.027027027027,0.130434782609,0.813888888889,0.212121212121,2024,0.0,22,0.173913043478,0,1.0,0
4048,2024-10-22,0.143209876543,0.018072289157,0.069486404834,0.168224299065,0.014388489209,0.122448979592,0.166666666667,0.932584269663,0.027027027027,0.130434782609,0.886111111111,0.242424242424,2024,0.0,22,0.130434782609,0,1.0,0
4049,2024-10-22,0.202469135802,0.072289156627,0.132930513595,0.18691588785,0.028776978417,0.12925170068,0.166666666667,0.887640449438,0.027027027027,0.130434782609,0.933333333333,0.181818181818,2024,0.0,22,0.04347826087,0,1.0,0
4050,2024-10-22,0.293827160494,0.123493975904,0.190332326284,0.205607476636,0.007194244604,0.095238095238,0.130952380952,0.887640449438,0.027027027027,0.130434782609,0.827777777778,0.257575757576,2024,0.0,22,0.0,0,0.95,0
4051,2024-10-22,0.328395061728,0.123493975904,0.190332326284,0.214953271028,0.028776978417,0.156462585034,0.178571428571,0.865168539326,0.027027027027,0.130434782609,0.877777777778,0.318181818182,2024,0.0,22,0.086956521739,0,0.94,0
4052,2024-10-22,0.254320987654,0.078313253012,0.132930513595,0.177570093458,0.071942446043,0.190476190476,0.190476190476,0.797752808989,0.027027027027,0.173913043478,0.880555555556,0.333333333333,2024,0.0,22,0.217391304348,0,0.98,0
4053,2024-10-22,0.212345679012,0.057228915663,0.102719033233,0.140186915888,0.129496402878,0.108843537415,0.107142857143,0.707865168539,0.027027027027,0.217391304348,0.819444444444,0.287878787879,2024,0.0,22,0.521739130435,0,0.81,0
4054,2024-10-22,0.195061728395,0.039156626506,0.087613293051,0.14953271028,0.194244604317,0.142857142857,0.154761904762,0.606741573034,0.054054054054,0.304347826087,0.836111111111,0.287878787879,2024,0.0,22,0.695652173913,0,0.96,0
4055,2024-10-22,0.175308641975,0.021084337349,0.066465256798,0.140186915888,0.294964028777,0.170068027211,0.214285714286,0.505617977528,0.054054054054,0.347826086957,0.202777777778,0.287878787879,2024,0.0,22,0.782608695652,0,0.94,0
4056,2024-10-22,0.148148148148,0.012048192771,0.045317220544,0.093457943925,0.36690647482,0.183673469388,0.202380952381,0.415730337079,0.054054054054,0.434782608696,0.066666666667,0.287878787879,2024,0.0,22,0.913043478261,0,0.95,0
4057,2024-10-22,0.130864197531,0.009036144578,0.030211480363,0.065420560748,0.41726618705,0.163265306122,0.190476190476,0.393258426966,0.054054054054,,0.088888888889,0.363636363636,2024,0.0,22,1.0,0,0.95,0
4058,2024-10-22,0.185185185185,0.021084337349,0.075528700906,0.168224299065,0.395683453237,0.163265306122,0.214285714286,0.359550561798,0.054054054054,,0.911111111111,0.393939393939,2024,0.0,22,0.95652173913,0,0.95,0
4059,2024-10-22,,,,,,,,,,,0.997222222222,,2024,0.0,22,0.869565217391,0,0.91,0
4060,2024-10-22,0.204938271605,0.027108433735,0.084592145015,0.177570093458,0.280575539568,0.102040816327,0.107142857143,0.359550561798,0.054054054054,,0.925,0.651515151515,2024,0.0,22,0.826086956522,0,0.95,0
4061,2024-10-22,0.197530864198,0.036144578313,0.09667673716,0.196261682243,0.179856115108,0.170068027211,0.130952380952,0.415730337079,0.054054054054,,0.961111111111,0.727272727273,2024,0.0,22,0.739130434783,0,0.91,0
4062,2024-10-22,0.182716049383,0.018072289157,0.069486404834,0.14953271028,0.143884892086,0.149659863946,0.083333333333,0.516853932584,0.027027027027,,0.997222222222,0.636363636364,2024,0.0,22,0.652173913043,0,0.83,0
4063,2024-10-22,0.18024691358,0.021084337349,0.07250755287,0.14953271028,0.122302158273,0.170068027211,0.083333333333,0.573033707865,0.027027027027,,0.0,,2024,0.0,22,0.608695652174,0,0.95,0
4064,2024-10-22,0.192592592593,0.030120481928,0.084592145015,0.168224299065,0.093525179856,0.108843537415,0.047619047619,0.584269662921,0.027027027027,,0.927777777778,,2024,0.0,22,0.565217391304,0,0.96,0
4065,2024-10-22,0.167901234568,0.018072289157,0.078549848943,0.18691588785,0.071942446043,0.163265306122,0.130952380952,0.61797752809,0.027027027027,,0.836111111111,,2024,0.0,22,0.478260869565,0,1.0,0
4066,2024-10-22,0.158024691358,0.018072289157,0.087613293051,0.214953271028,0.043165467626,0.163265306122,0.107142857143,0.662921348315,0.027027027027,,0.852777777778,,2024,0.0,22,0.434782608696,0,1.0,0
4067,2024-10-23,0.145679012346,0.012048192771,0.060422960725,0.14953271028,0.057553956835,0.149659863946,0.130952380952,0.76404494382,0.054054054054,,0.841666666667,0.5,2024,0.0,23,0.391304347826,0,1.0,0
4068,2024-10-23,0.130864197531,0.006024096386,0.042296072508,0.102803738318,0.10071942446,0.183673469388,0.142857142857,0.707865168539,0.027027027027,,0.863888888889,0.287878787879,2024,0.0,23,0.347826086957,0,1.0,0
4069,2024-10-23,0.123456790123,0.006024096386,0.054380664653,0.140186915888,0.071942446043,0.12925170068,0.107142857143,0.707865168539,0.027027027027,,0.830555555556,,2024,0.0,23,0.304347826087,0,1.0,0
4070,2024-10-23,0.113580246914,0.006024096386,0.04833836858,0.130841121495,0.071942446043,0.108843537415,0.047619047619,0.730337078652,0.027027027027,,0.852777777778,,2024,0.0,23,0.260869565217,0,1.0,0
4071,2024-10-23,0.123456790123,0.009036144578,0.060422960725,0.158878504673,0.043165467626,0.136054421769,0.142857142857,0.76404494382,0.027027027027,,0.875,0.287878787879,2024,0.0,23,0.173913043478,0,1.0,0
4072,2024-10-23,0.135802469136,0.045180722892,0.108761329305,0.196261682243,0.007194244604,0.149659863946,0.154761904762,0.808988764045,0.054054054054,,0.911111111111,0.19696969697,2024,0.0,23,0.130434782609,0,1.0,0
4073,2024-10-23,0.175308641975,0.075301204819,0.141993957704,0.205607476636,0.007194244604,0.244897959184,0.27380952381,0.831460674157,0.081081081081,,0.947222222222,0.181818181818,2024,0.0,23,0.04347826087,0,0.99,0
4074,2024-10-23,0.279012345679,0.156626506024,0.220543806647,0.196261682243,0.007194244604,0.204081632653,0.190476190476,0.842696629213,0.081081081081,,0.819444444444,0.227272727273,2024,0.0,23,0.0,0,0.94,0
4075,2024-10-23,0.296296296296,0.280120481928,0.353474320242,0.224299065421,0.007194244604,0.30612244898,0.309523809524,0.865168539326,0.189189189189,,0.063888888889,,2024,0.0,23,0.086956521739,0,0.78,0
4076,2024-10-23,0.330864197531,0.385542168675,0.477341389728,0.289719626168,0.014388489209,0.380952380952,0.369047619048,0.831460674157,0.216216216216,,0.211111111111,,2024,0.0,23,0.217391304348,0,0.89,0
4077,2024-10-23,0.330864197531,0.19578313253,0.29003021148,0.289719626168,0.028776978417,0.401360544218,0.416666666667,0.76404494382,0.135135135135,,0.038888888889,,2024,0.0,23,0.521739130435,0,0.98,0
4078,2024-10-23,0.246913580247,0.081325301205,0.154078549849,0.224299065421,0.115107913669,0.401360544218,0.416666666667,0.640449438202,0.108108108108,,0.847222222222,0.287878787879,2024,0.0,23,0.695652173913,0,0.99,0
4079,2024-10-23,,,,,,,,,,,0.822222222222,0.30303030303,2024,0.0,23,0.782608695652,0,0.94,0
4080,2024-10-23,,,,,,0.340136054422,0.369047619048,0.483146067416,,,0.886111111111,0.257575757576,2024,0.0,23,0.913043478261,0,0.91,0
4081,2024-10-23,,,,,,0.326530612245,0.380952380952,0.426966292135,,,0.161111111111,0.242424242424,2024,0.0,23,1.0,0,0.87,0
4082,2024-10-23,,,,,,0.380952380952,0.607142857143,0.38202247191,,,0.066666666667,0.287878787879,2024,0.0,23,0.95652173913,0,0.85,0
4083,2024-10-23,,,,,,0.251700680272,0.238095238095,0.370786516854,,,0.863888888889,0.287878787879,2024,0.0,23,0.869565217391,0,0.9,0
4084,2024-10-23,,,,,,0.278911564626,0.309523809524,0.359550561798,,,0.883333333333,0.378787878788,2024,0.0,23,0.826086956522,0,0.94,0
4085,2024-10-23,0.197530864198,0.027108433735,0.090634441088,0.205607476636,0.201438848921,0.224489795918,0.154761904762,0.426966292135,0.054054054054,,0.983333333333,0.636363636364,2024,0.0,23,0.739130434783,0,0.93,0
4086,2024-10-23,0.2,0.030120481928,0.084592145015,0.177570093458,0.122302158273,0.272108843537,0.190476190476,0.494382022472,0.054054054054,,0.983333333333,0.606060606061,2024,0.0,23,0.652173913043,0,0.93,0
4087,2024-10-23,0.217283950617,0.036144578313,0.105740181269,0.214953271028,0.086330935252,0.210884353741,0.083333333333,0.550561797753,0.027027027027,,0.986111111111,0.439393939394,2024,0.0,23,0.608695652174,0,0.98,0
4088,2024-10-23,0.18024691358,0.024096385542,0.078549848943,0.168224299065,0.086330935252,0.156462585034,0.083333333333,0.606741573034,0.027027027027,,0.866666666667,0.5,2024,0.0,23,0.565217391304,0,1.0,0
4089,2024-10-23,0.16049382716,0.015060240964,0.060422960725,0.140186915888,0.086330935252,0.136054421769,0.083333333333,0.674157303371,0.027027027027,,0.861111111111,0.560606060606,2024,0.0,23,0.478260869565,0,1.0,0
4090,2024-10-23,0.165432098765,0.015060240964,0.069486404834,0.168224299065,0.057553956835,0.163265306122,0.130952380952,0.730337078652,0.054054054054,,0.861111111111,0.560606060606,2024,0.0,23,0.434782608696,0,0.99,0
4091,2024-10-24,0.158024691358,,,,,0.190476190476,0.119047619048,0.741573033708,,,0.861111111111,0.469696969697,2024,0.0,24,0.391304347826,0,1.0,0
4092,2024-10-24,0.138271604938,0.009036144578,0.054380664653,0.140186915888,0.057553956835,0.149659863946,0.178571428571,0.775280898876,0.054054054054,,0.858333333333,0.393939393939,2024,0.0,24,0.347826086957,0,1.0,0
4093,2024-10-24,0.133333333333,0.015060240964,0.07250755287,0.177570093458,0.014388489209,0.115646258503,0.083333333333,0.797752808989,0.162162162162,,0.861111111111,0.424242424242,2024,0.0,24,0.304347826087,0,1.0,0
4094,2024-10-24,0.125925925926,0.021084337349,0.078549848943,0.177570093458,0.007194244604,0.115646258503,0.071428571429,0.808988764045,0.162162162162,,0.847222222222,0.378787878788,2024,0.0,24,0.260869565217,0,1.0,0
4095,2024-10-24,0.128395061728,0.018072289157,0.075528700906,0.177570093458,0.014388489209,0.156462585034,0.202380952381,0.820224719101,0.135135135135,,0.872222222222,0.378787878788,2024,0.0,24,0.173913043478,0,1.0,0
4096,2024-10-24,0.130864197531,0.039156626506,0.099697885196,0.18691588785,0.007194244604,0.197278911565,0.214285714286,0.831460674157,0.189189189189,,0.847222222222,0.30303030303,2024,0.0,24,0.130434782609,0,1.0,0
4097,2024-10-24,0.175308641975,0.066265060241,0.126888217523,0.18691588785,0.007194244604,0.231292517007,0.261904761905,0.842696629213,0.189189189189,,0.902777777778,0.242424242424,2024,0.0,24,0.04347826087,0,1.0,0
4098,2024-10-24,0.207407407407,0.14156626506,0.211480362538,0.214953271028,0.007194244604,0.204081632653,0.214285714286,0.831460674157,0.27027027027,,0.852777777778,0.227272727273,2024,0.0,24,0.0,0,0.87,0
4099,2024-10-24,0.281481481481,0.150602409639,0.214501510574,0.196261682243,0.007194244604,0.299319727891,0.321428571429,0.808988764045,0.27027027027,,0.886111111111,0.242424242424,2024,0.0,24,0.086956521739,0,0.9,0
4100,2024-10-24,0.306172839506,0.159638554217,0.235649546828,0.233644859813,0.014388489209,0.285714285714,0.321428571429,0.786516853933,0.216216216216,,0.841666666667,0.212121212121,2024,0.0,24,0.217391304348,0,0.9,0
4101,2024-10-24,0.266666666667,0.114457831325,0.19335347432,0.242990654206,0.043165467626,0.299319727891,0.309523809524,0.730337078652,0.162162162162,,0.863888888889,0.212121212121,2024,0.0,24,0.521739130435,0,0.94,0
4102,2024-10-24,0.241975308642,0.072289156627,0.151057401813,0.242990654206,0.115107913669,0.333333333333,0.321428571429,0.640449438202,0.108108108108,,0.808333333333,0.287878787879,2024,0.0,24,0.695652173913,0,0.97,0
4103,2024-10-24,0.237037037037,0.051204819277,0.132930513595,0.242990654206,0.215827338129,0.30612244898,0.309523809524,0.539325842697,0.081081081081,,0.702777777778,0.287878787879,2024,0.0,24,0.782608695652,0,0.95,0
4104,2024-10-24,0.195061728395,0.024096385542,0.09667673716,0.224299065421,0.36690647482,0.312925170068,0.321428571429,0.449438202247,0.081081081081,,0.058333333333,0.287878787879,2024,0.0,24,0.913043478261,0,0.94,0
4105,2024-10-24,0.214814814815,0.015060240964,0.081570996979,0.214953271028,0.525179856115,0.34693877551,0.392857142857,0.393258426966,0.081081081081,,0.980555555556,0.318181818182,2024,0.0,24,1.0,0,0.91,0
4106,2024-10-24,0.162962962963,0.006024096386,0.054380664653,0.14953271028,0.625899280576,0.442176870748,0.52380952381,0.348314606742,0.081081081081,,0.161111111111,0.333333333333,2024,0.0,24,0.95652173913,0,0.91,0
4107,2024-10-24,0.17037037037,0.006024096386,0.051359516616,0.140186915888,0.597122302158,0.340136054422,0.321428571429,0.348314606742,0.081081081081,,0.988888888889,0.378787878788,2024,0.0,24,0.869565217391,0,0.91,0
4108,2024-10-24,0.158024691358,0.009036144578,0.057401812689,0.14953271028,0.489208633094,0.360544217687,0.428571428571,0.303370786517,0.054054054054,,0.008333333333,0.333333333333,2024,0.0,24,0.826086956522,0,0.93,0
4109,2024-10-24,0.232098765432,0.027108433735,0.117824773414,0.280373831776,0.302158273381,0.197278911565,0.178571428571,0.325842696629,0.162162162162,,0.888888888889,0.560606060606,2024,0.0,24,0.739130434783,0,0.91,0
4110,2024-10-24,0.261728395062,0.048192771084,0.154078549849,0.327102803738,0.129496402878,0.210884353741,0.119047619048,0.393258426966,0.135135135135,,0.922222222222,0.636363636364,2024,0.0,24,0.652173913043,0,0.86,0
4111,2024-10-24,0.165432098765,0.012048192771,0.07250755287,0.177570093458,0.093525179856,0.183673469388,0.083333333333,0.584269662921,0.054054054054,,0.038888888889,0.484848484848,2024,0.0,24,0.565217391304,0,0.96,0
4112,2024-10-24,0.217283950617,0.036144578313,0.114803625378,0.233644859813,0.035971223022,0.197278911565,0.083333333333,0.629213483146,0.054054054054,,0.883333333333,0.348484848485,2024,0.0,24,0.478260869565,0,1.0,0
4113,2024-10-24,0.192592592593,0.030120481928,0.102719033233,0.224299065421,0.028776978417,0.136054421769,0.071428571429,0.696629213483,0.054054054054,,0.847222222222,0.424242424242,2024,0.0,24,0.434782608696,0,1.0,0
4114,2024-10-25,0.158024691358,0.015060240964,0.057401812689,0.130841121495,0.115107913669,0.183673469388,0.119047619048,0.685393258427,0.027027027027,,0.886111111111,0.454545454545,2024,0.0,25,0.391304347826,0,1.0,0
4115,2024-10-25,,,,,,0.183673469388,0.154761904762,0.775280898876,,,0.855555555556,0.318181818182,2024,0.0,25,0.347826086957,0,1.0,0
4116,2024-10-25,,,,,,0.183673469388,0.190476190476,0.797752808989,,,0.852777777778,0.212121212121,2024,0.0,25,0.304347826087,0,1.0,0
4117,2024-10-25,,,,,,0.176870748299,0.178571428571,0.842696629213,,,0.933333333333,0.19696969697,2024,0.0,25,0.260869565217,0,1.0,0
4118,2024-10-25,0.16049382716,0.039156626506,0.102719033233,0.196261682243,0.007194244604,0.176870748299,0.166666666667,0.842696629213,0.108108108108,,0.225,0.212121212121,2024,0.0,25,0.173913043478,0,1.0,0
4119,2024-10-25,0.192592592593,0.039156626506,0.099697885196,0.18691588785,0.007194244604,0.163265306122,0.178571428571,0.876404494382,0.081081081081,,0.208333333333,0.227272727273,2024,0.0,25,0.130434782609,0,1.0,0
4120,2024-10-25,0.2,0.099397590361,0.148036253776,0.158878504673,0.0,0.231292517007,0.190476190476,0.910112359551,0.054054054054,,0.052777777778,0.121212121212,2024,0.0,25,0.04347826087,0,1.0,0
4121,2024-10-25,0.298765432099,0.231927710843,0.280966767372,0.14953271028,0.007194244604,0.244897959184,0.261904761905,0.898876404494,0.081081081081,,0.3,0.090909090909,2024,0.0,25,0.0,0,0.97,0
4122,2024-10-25,0.279012345679,0.295180722892,0.371601208459,0.233644859813,0.007194244604,0.30612244898,0.27380952381,0.898876404494,0.108108108108,,0.261111111111,0.272727272727,2024,0.0,25,0.086956521739,0,0.9,0
4123,2024-10-25,0.279012345679,0.207831325301,0.283987915408,0.233644859813,0.014388489209,0.394557823129,0.416666666667,0.876404494382,0.162162162162,,0.219444444444,0.136363636364,2024,0.0,25,0.217391304348,0,0.92,0
4124,2024-10-25,,,,,,,,,,,0.069444444444,0.227272727273,2024,0.0,25,0.521739130435,0,0.95,0
4125,2024-10-25,0.291358024691,0.144578313253,0.259818731118,0.364485981308,0.079136690647,0.585034013605,0.75,0.741573033708,0.108108108108,,0.180555555556,0.30303030303,2024,0.0,25,0.695652173913,0,0.93,0
4126,2024-10-25,0.251851851852,0.078313253012,0.187311178248,0.336448598131,0.158273381295,0.530612244898,0.666666666667,0.685393258427,0.108108108108,,0.161111111111,0.378787878788,2024,0.0,25,0.782608695652,0,0.97,0
4127,2024-10-25,0.266666666667,0.039156626506,0.157099697885,0.364485981308,0.302158273381,0.659863945578,0.869047619048,0.550561797753,0.108108108108,,0.194444444444,0.272727272727,2024,0.0,25,0.913043478261,0,0.88,0
4128,2024-10-25,0.237037037037,0.021084337349,0.123867069486,0.317757009346,0.467625899281,0.65306122449,0.809523809524,0.370786516854,0.108108108108,,0.083333333333,0.333333333333,2024,0.0,25,1.0,0,0.95,0
4129,2024-10-25,0.234567901235,0.015060240964,0.111782477341,0.308411214953,0.589928057554,0.585034013605,0.690476190476,0.348314606742,0.108108108108,,0.086111111111,0.333333333333,2024,0.0,25,0.95652173913,0,0.9,0
4130,2024-10-25,0.185185185185,0.009036144578,0.078549848943,0.214953271028,0.568345323741,0.659863945578,0.785714285714,0.303370786517,0.108108108108,,0.033333333333,0.378787878788,2024,0.0,25,0.869565217391,0,0.9,0
4131,2024-10-25,0.172839506173,0.018072289157,0.078549848943,0.196261682243,0.453237410072,0.374149659864,0.392857142857,0.269662921348,0.081081081081,,0.947222222222,0.378787878788,2024,0.0,25,0.826086956522,0,0.96,0
4132,2024-10-25,0.256790123457,0.027108433735,0.132930513595,0.327102803738,0.323741007194,0.170068027211,0.107142857143,0.337078651685,0.297297297297,,0.905555555556,0.515151515152,2024,0.0,25,0.739130434783,0,0.97,0
4133,2024-10-25,0.23950617284,0.039156626506,0.129909365559,0.280373831776,0.143884892086,0.360544217687,0.345238095238,0.449438202247,0.108108108108,,0.986111111111,0.636363636364,2024,0.0,25,0.652173913043,0,0.86,0
4134,2024-10-25,0.162962962963,0.012048192771,0.051359516616,0.121495327103,0.151079136691,0.292517006803,0.154761904762,0.539325842697,0.054054054054,,0.011111111111,0.651515151515,2024,0.0,25,0.608695652174,0,0.91,0
4135,2024-10-25,0.192592592593,0.024096385542,0.090634441088,0.205607476636,0.086330935252,0.176870748299,0.095238095238,0.584269662921,0.054054054054,,0.955555555556,0.424242424242,2024,0.0,25,0.565217391304,0,0.99,0
4136,2024-10-25,0.187654320988,0.03313253012,0.099697885196,0.214953271028,0.079136690647,0.176870748299,0.107142857143,0.606741573034,0.054054054054,,0.852777777778,0.5,2024,0.0,25,0.478260869565,0,0.99,0
4137,2024-10-25,0.17037037037,0.021084337349,0.069486404834,0.14953271028,0.115107913669,0.21768707483,0.119047619048,0.651685393258,0.027027027027,,0.880555555556,0.515151515152,2024,0.0,25,0.434782608696,0,1.0,0
4138,2024-10-26,0.145679012346,0.009036144578,0.045317220544,0.102803738318,0.093525179856,0.095238095238,0.083333333333,0.741573033708,0.027027027027,,0.827777777778,0.515151515152,2024,0.0,26,0.391304347826,0,0.99,0
4139,2024-10-26,0.135802469136,0.009036144578,0.060422960725,0.158878504673,0.093525179856,0.095238095238,0.035714285714,0.685393258427,0.054054054054,,0.880555555556,0.469696969697,2024,0.0,26,0.347826086957,0,1.0,0
4140,2024-10-26,0.153086419753,0.018072289157,0.09667673716,0.233644859813,0.028776978417,0.149659863946,0.107142857143,0.719101123596,0.054054054054,,0.922222222222,0.242424242424,2024,0.0,26,0.304347826087,0,1.0,0
4141,2024-10-26,0.167901234568,0.063253012048,0.141993957704,0.242990654206,0.007194244604,0.183673469388,0.142857142857,0.76404494382,0.054054054054,,0.994444444444,0.151515151515,2024,0.0,26,0.260869565217,0,1.0,0
4142,2024-10-26,0.140740740741,0.024096385542,0.09667673716,0.224299065421,0.014388489209,0.210884353741,0.190476190476,0.797752808989,0.081081081081,,0.9,0.272727272727,2024,0.0,26,0.173913043478,0,1.0,0
4143,2024-10-26,0.150617283951,0.039156626506,0.114803625378,0.233644859813,0.007194244604,0.204081632653,0.214285714286,0.808988764045,0.27027027027,,0.816666666667,0.242424242424,2024,0.0,26,0.130434782609,0,1.0,0
4144,2024-10-26,0.17037037037,0.048192771084,0.114803625378,0.205607476636,0.007194244604,0.21768707483,0.238095238095,0.797752808989,0.351351351351,,0.763888888889,0.242424242424,2024,0.0,26,0.04347826087,0,1.0,0
4145,2024-10-26,0.197530864198,0.081325301205,0.154078549849,0.224299065421,0.007194244604,0.238095238095,0.261904761905,0.797752808989,0.378378378378,,0.838888888889,0.19696969697,2024,0.0,26,0.0,0,1.0,0
4146,2024-10-26,0.254320987654,0.129518072289,0.208459214502,0.233644859813,0.007194244604,0.278911564626,0.309523809524,0.786516853933,0.378378378378,,0.805555555556,0.166666666667,2024,0.0,26,0.086956521739,0,1.0,0
4147,2024-10-26,0.222222222222,0.090361445783,0.163141993958,0.224299065421,0.028776978417,0.30612244898,0.333333333333,0.752808988764,0.324324324324,,0.775,0.166666666667,2024,0.0,26,0.217391304348,0,1.0,0
4148,2024-10-26,0.227160493827,0.072289156627,0.138972809668,0.205607476636,0.064748201439,0.238095238095,0.25,0.719101123596,0.243243243243,,0.794444444444,0.212121212121,2024,0.0,26,0.521739130435,0,0.98,0
4149,2024-10-26,0.204938271605,0.045180722892,0.105740181269,0.18691588785,0.122302158273,0.265306122449,0.297619047619,0.674157303371,0.135135135135,,0.872222222222,0.257575757576,2024,0.0,26,0.695652173913,0,0.98,0
4150,2024-10-26,0.214814814815,0.045180722892,0.114803625378,0.224299065421,0.187050359712,0.258503401361,0.285714285714,0.606741573034,0.081081081081,,0.938888888889,0.30303030303,2024,0.0,26,0.782608695652,0,0.99,0
4151,2024-10-26,0.175308641975,0.015060240964,0.060422960725,0.140186915888,0.359712230216,0.340136054422,0.380952380952,0.539325842697,0.054054054054,,0.072222222222,0.257575757576,2024,0.0,26,0.913043478261,0,0.92,0
4152,2024-10-26,0.172839506173,0.009036144578,0.045317220544,0.11214953271,0.482014388489,0.285714285714,0.321428571429,0.47191011236,0.054054054054,,0.025,0.272727272727,2024,0.0,26,1.0,0,0.95,0
4153,2024-10-26,0.182716049383,0.012048192771,0.060422960725,0.14953271028,0.539568345324,0.30612244898,0.345238095238,0.426966292135,0.054054054054,,0.841666666667,0.287878787879,2024,0.0,26,0.95652173913,0,0.92,0
4154,2024-10-26,0.214814814815,0.015060240964,0.081570996979,0.205607476636,0.482014388489,0.251700680272,0.261904761905,0.415730337079,0.054054054054,,0.908333333333,0.318181818182,2024,0.0,26,0.869565217391,0,0.97,0
4155,2024-10-26,0.195061728395,0.009036144578,0.066465256798,0.177570093458,0.381294964029,0.326530612245,0.321428571429,0.438202247191,0.054054054054,,0.955555555556,0.333333333333,2024,0.0,26,0.826086956522,0,0.98,0
4156,2024-10-26,0.249382716049,0.042168674699,0.12084592145,0.242990654206,0.165467625899,0.292517006803,0.25,0.505617977528,0.054054054054,,0.925,0.590909090909,2024,0.0,26,0.739130434783,0,0.98,0
4157,2024-10-26,0.204938271605,0.036144578313,0.090634441088,0.168224299065,0.079136690647,0.319727891156,0.214285714286,0.606741573034,0.054054054054,,0.988888888889,0.515151515152,2024,0.0,26,0.652173913043,0,0.95,0
4158,2024-10-26,0.20987654321,0.036144578313,0.081570996979,0.14953271028,0.064748201439,0.251700680272,0.095238095238,0.662921348315,0.081081081081,,0.944444444444,0.454545454545,2024,0.0,26,0.608695652174,0,1.0,0
4159,2024-10-26,0.177777777778,0.018072289157,0.054380664653,0.121495327103,0.093525179856,0.251700680272,0.178571428571,0.696629213483,0.081081081081,,0.833333333333,0.515151515152,2024,0.0,26,0.565217391304,0,1.0,0
4160,2024-10-26,0.17037037037,0.015060240964,0.054380664653,0.121495327103,0.086330935252,0.210884353741,0.166666666667,0.719101123596,0.054054054054,,0.844444444444,0.5,2024,0.0,26,0.478260869565,0,1.0,0
4161,2024-10-26,0.16049382716,0.012048192771,0.042296072508,0.093457943925,0.107913669065,0.142857142857,0.059523809524,0.730337078652,0.027027027027,,0.841666666667,0.424242424242,2024,0.0,26,0.434782608696,0,1.0,0
4162,2024-10-27,,0.036144578313,0.099697885196,0.196261682243,0.014388489209,0.183673469388,0.178571428571,0.775280898876,0.054054054054,,0.863888888889,0.424242424242,2024,0.0,27,0.391304347826,0,1.0,0
4163,2024-10-27,0.140740740741,0.009036144578,0.042296072508,0.102803738318,0.086330935252,0.12925170068,0.095238095238,0.752808988764,0.027027027027,,0.880555555556,0.484848484848,2024,0.0,27,0.347826086957,0,0.99,0
4164,2024-10-27,0.125925925926,0.006024096386,0.033232628399,0.07476635514,0.10071942446,0.142857142857,0.142857142857,0.76404494382,0.054054054054,,0.888888888889,0.515151515152,2024,0.0,27,0.304347826087,0,1.0,0
4165,2024-10-27,0.120987654321,0.006024096386,0.027190332326,0.065420560748,0.107913669065,0.142857142857,0.154761904762,0.775280898876,0.054054054054,,0.877777777778,0.469696969697,2024,0.0,27,0.260869565217,0,1.0,0
4166,2024-10-27,0.123456790123,0.006024096386,0.027190332326,0.07476635514,0.107913669065,0.149659863946,0.166666666667,0.786516853933,0.054054054054,,0.902777777778,0.424242424242,2024,0.0,27,0.173913043478,0,1.0,0
4167,2024-10-27,0.125925925926,0.009036144578,0.045317220544,0.121495327103,0.064748201439,0.108843537415,0.095238095238,0.786516853933,0.135135135135,,0.888888888889,0.318181818182,2024,0.0,27,0.130434782609,0,1.0,0
4168,2024-10-27,0.143209876543,0.015060240964,0.051359516616,0.11214953271,0.071942446043,0.142857142857,0.166666666667,0.775280898876,0.243243243243,,0.883333333333,0.287878787879,2024,0.0,27,0.04347826087,0,1.0,0
4169,2024-10-27,0.148148148148,0.024096385542,0.057401812689,0.102803738318,0.057553956835,0.12925170068,0.142857142857,0.797752808989,0.108108108108,,0.888888888889,0.333333333333,2024,0.0,27,0.0,0,1.0,0
4170,2024-10-27,0.182716049383,0.042168674699,0.090634441088,0.14953271028,0.043165467626,0.122448979592,0.154761904762,0.797752808989,0.081081081081,,0.888888888889,0.19696969697,2024,0.0,27,0.086956521739,0,1.0,0
4171,2024-10-27,0.197530864198,0.048192771084,0.093655589124,0.140186915888,0.057553956835,0.115646258503,0.142857142857,0.775280898876,0.054054054054,,0.944444444444,0.212121212121,2024,0.0,27,0.217391304348,0,1.0,0
4172,2024-10-27,0.150617283951,0.027108433735,0.051359516616,0.07476635514,0.129496402878,0.163265306122,0.190476190476,0.719101123596,0.054054054054,,0.969444444444,0.287878787879,2024,0.0,27,0.521739130435,0,1.0,0
4173,2024-10-27,0.175308641975,0.030120481928,0.057401812689,0.084112149533,0.136690647482,0.12925170068,0.166666666667,0.674157303371,0.027027027027,,0.894444444444,0.318181818182,2024,0.0,27,0.695652173913,0,1.0,0
4174,2024-10-27,0.17037037037,0.027108433735,0.054380664653,0.084112149533,0.158273381295,0.142857142857,0.142857142857,0.640449438202,0.081081081081,,0.822222222222,0.287878787879,2024,0.0,27,0.782608695652,0,0.98,0
4175,2024-10-27,0.177777777778,0.030120481928,0.063444108761,0.102803738318,0.172661870504,0.142857142857,0.166666666667,0.606741573034,0.081081081081,,0.819444444444,0.378787878788,2024,0.0,27,0.913043478261,0,0.99,0
4176,2024-10-27,0.18024691358,0.030120481928,0.066465256798,0.11214953271,0.208633093525,0.210884353741,0.27380952381,0.561797752809,0.108108108108,,0.783333333333,0.378787878788,2024,0.0,27,1.0,0,0.98,0
4177,2024-10-27,0.18024691358,0.021084337349,0.051359516616,0.093457943925,0.251798561151,0.21768707483,0.238095238095,0.516853932584,0.108108108108,,0.841666666667,0.409090909091,2024,0.0,27,0.95652173913,0,0.99,0
4178,2024-10-27,0.2,0.024096385542,0.057401812689,0.102803738318,0.208633093525,0.231292517007,0.261904761905,0.539325842697,0.081081081081,,0.886111111111,0.621212121212,2024,0.0,27,0.869565217391,0,1.0,0
4179,2024-10-27,,0.03313253012,0.069486404834,0.11214953271,0.158273381295,0.21768707483,0.214285714286,0.573033707865,0.081081081081,,0.908333333333,0.69696969697,2024,0.0,27,0.826086956522,0,1.0,0
4180,2024-10-27,,0.027108433735,0.057401812689,0.102803738318,0.143884892086,0.238095238095,0.190476190476,0.595505617978,0.081081081081,,0.891666666667,0.69696969697,2024,0.0,27,0.739130434783,0,0.99,0
4181,2024-10-27,,0.030120481928,0.069486404834,0.121495327103,0.10071942446,0.204081632653,0.166666666667,0.61797752809,0.081081081081,,0.919444444444,0.606060606061,2024,0.0,27,0.652173913043,0,0.99,0
4182,2024-10-27,,0.039156626506,0.081570996979,0.140186915888,0.079136690647,0.190476190476,0.166666666667,0.640449438202,0.054054054054,,0.938888888889,0.439393939394,2024,0.0,27,0.608695652174,0,0.99,0
4183,2024-10-27,,0.030120481928,0.07250755287,0.130841121495,0.071942446043,0.170068027211,0.166666666667,0.696629213483,0.054054054054,,0.861111111111,0.424242424242,2024,0.0,27,0.565217391304,0,1.0,0
4184,2024-10-27,,0.027108433735,0.075528700906,0.14953271028,0.05035971223,0.163265306122,0.166666666667,0.730337078652,0.054054054054,,0.825,0.454545454545,2024,0.0,27,0.478260869565,0,1.0,0
4185,2024-10-27,,0.042168674699,0.108761329305,0.196261682243,0.014388489209,0.183673469388,0.178571428571,0.752808988764,0.081081081081,,0.836111111111,0.439393939394,2024,0.0,27,0.434782608696,0,1.0,0
4186,2024-10-28,,0.042168674699,0.126888217523,0.261682242991,0.014388489209,0.360544217687,0.333333333333,0.629213483146,0.459459459459,0.260869565217,0.841666666667,0.257575757576,2024,0.0,28,0.391304347826,0,1.0,0
4187,2024-10-28,,0.021084337349,0.078549848943,0.177570093458,0.021582733813,0.21768707483,0.214285714286,0.786516853933,0.054054054054,,0.833333333333,0.378787878788,2024,0.0,28,0.347826086957,0,1.0,0
4188,2024-10-28,,0.015060240964,0.069486404834,0.168224299065,0.021582733813,0.197278911565,0.190476190476,0.797752808989,0.081081081081,,0.875,0.363636363636,2024,0.0,28,0.304347826087,0,1.0,0
4189,2024-10-28,,0.015060240964,0.060422960725,0.130841121495,0.035971223022,0.170068027211,0.178571428571,0.820224719101,0.135135135135,,0.888888888889,0.333333333333,2024,0.0,28,0.260869565217,0,1.0,0
4190,2024-10-28,,0.018072289157,0.066465256798,0.14953271028,0.028776978417,0.183673469388,0.238095238095,0.842696629213,0.189189189189,,0.877777777778,0.287878787879,2024,0.0,28,0.173913043478,0,1.0,0
4191,2024-10-28,,0.030120481928,0.081570996979,0.168224299065,0.007194244604,0.238095238095,0.309523809524,0.85393258427,0.135135135135,,0.138888888889,0.121212121212,2024,0.0,28,0.130434782609,0,1.0,0
4192,2024-10-28,,0.096385542169,0.148036253776,0.168224299065,0.007194244604,0.197278911565,0.22619047619,0.876404494382,0.108108108108,,0.247222222222,0.121212121212,2024,0.0,28,0.04347826087,0,1.0,0
4193,2024-10-28,,0.144578313253,0.196374622356,0.158878504673,0.0,0.251700680272,0.27380952381,0.85393258427,0.081081081081,,0.361111111111,0.106060606061,2024,0.0,28,0.0,0,0.95,0
4194,2024-10-28,,0.189759036145,0.250755287009,0.18691588785,0.007194244604,0.204081632653,0.190476190476,0.831460674157,0.108108108108,,0.225,0.106060606061,2024,0.0,28,0.086956521739,0,0.94,0
4195,2024-10-28,,0.168674698795,0.238670694864,0.205607476636,0.007194244604,0.231292517007,0.238095238095,0.786516853933,0.108108108108,,0.963888888889,0.19696969697,2024,0.0,28,0.217391304348,0,0.97,0
4196,2024-10-28,,0.135542168675,0.196374622356,0.18691588785,0.021582733813,0.204081632653,0.190476190476,0.775280898876,0.081081081081,,0.180555555556,0.242424242424,2024,0.0,28,0.521739130435,0,0.93,0
4197,2024-10-28,,0.081325301205,0.14501510574,0.18691588785,0.086330935252,0.258503401361,0.22619047619,0.662921348315,0.054054054054,,0.983333333333,0.212121212121,2024,0.0,28,0.695652173913,0,0.93,0
4198,2024-10-28,,0.051204819277,0.126888217523,0.233644859813,0.208633093525,0.299319727891,0.357142857143,0.516853932584,0.081081081081,0.391304347826,0.95,0.287878787879,2024,0.0,28,0.913043478261,0,0.95,0
4199,2024-10-28,,0.030120481928,0.093655589124,0.205607476636,0.280575539568,0.299319727891,0.297619047619,0.449438202247,0.108108108108,0.434782608696,0.894444444444,0.272727272727,2024,0.0,28,1.0,0,0.91,0
4200,2024-10-28,,0.027108433735,0.099697885196,0.224299065421,0.287769784173,0.292517006803,0.285714285714,0.404494382022,0.162162162162,0.478260869565,0.694444444444,0.287878787879,2024,0.0,28,0.95652173913,0,0.94,0
4201,2024-10-28,,0.042168674699,0.154078549849,0.336448598131,0.223021582734,0.272108843537,0.238095238095,0.415730337079,0.135135135135,0.478260869565,0.702777777778,0.318181818182,2024,0.0,28,0.869565217391,0,0.93,0
4202,2024-10-28,,0.030120481928,0.123867069486,0.289719626168,0.237410071942,0.394557823129,0.309523809524,0.415730337079,0.243243243243,0.478260869565,0.516666666667,0.318181818182,2024,0.0,28,0.826086956522,0,0.91,0
4203,2024-10-28,,0.012048192771,0.084592145015,0.224299065421,0.179856115108,0.394557823129,0.25,0.438202247191,0.297297297297,0.434782608696,0.444444444444,0.318181818182,2024,0.0,28,0.739130434783,0,0.88,0
4204,2024-10-28,,0.063253012048,0.160120845921,0.299065420561,0.086330935252,0.353741496599,0.178571428571,0.483146067416,0.405405405405,0.391304347826,0.991666666667,0.439393939394,2024,0.0,28,0.652173913043,0,0.85,0
4205,2024-10-28,,0.021084337349,0.084592145015,0.196261682243,0.079136690647,0.326530612245,0.190476190476,0.52808988764,0.648648648649,0.304347826087,0.080555555556,0.454545454545,2024,0.0,28,0.608695652174,0,0.88,0
4206,2024-10-28,,0.018072289157,0.087613293051,0.214953271028,0.064748201439,0.231292517007,0.166666666667,0.52808988764,0.756756756757,0.304347826087,0.038888888889,0.242424242424,2024,0.0,28,0.565217391304,0,0.97,0
4207,2024-10-28,,0.048192771084,0.138972809668,0.271028037383,0.028776978417,0.265306122449,0.22619047619,0.550561797753,0.702702702703,0.304347826087,0.827777777778,0.333333333333,2024,0.0,28,0.478260869565,0,1.0,0
4208,2024-10-28,,0.072289156627,0.166163141994,0.289719626168,0.007194244604,0.292517006803,0.25,0.595505617978,0.540540540541,0.260869565217,0.913888888889,0.318181818182,2024,0.0,28,0.434782608696,0,1.0,0
4209,2024-10-29,,0.099397590361,0.214501510574,0.364485981308,0.0,0.278911564626,0.261904761905,0.662921348315,0.108108108108,0.260869565217,0.827777777778,0.242424242424,2024,0.0,29,0.391304347826,0,1.0,0
4210,2024-10-29,,0.048192771084,0.126888217523,0.242990654206,0.014388489209,0.326530612245,0.297619047619,0.719101123596,0.216216216216,0.217391304348,0.666666666667,0.090909090909,2024,0.0,29,0.347826086957,0,1.0,0
4211,2024-10-29,,0.129518072289,0.199395770393,0.214953271028,0.0,0.292517006803,0.297619047619,0.797752808989,0.162162162162,0.173913043478,0.244444444444,0.19696969697,2024,0.0,29,0.304347826087,0,1.0,0
4212,2024-10-29,,0.048192771084,0.099697885196,0.168224299065,0.007194244604,0.231292517007,0.238095238095,0.831460674157,0.108108108108,0.130434782609,0.266666666667,0.181818181818,2024,0.0,29,0.260869565217,0,1.0,0
4213,2024-10-29,,0.027108433735,0.078549848943,0.14953271028,0.007194244604,0.183673469388,0.190476190476,0.842696629213,0.108108108108,0.130434782609,0.866666666667,0.075757575758,2024,0.0,29,0.173913043478,0,1.0,0
4214,2024-10-29,,0.090361445783,0.148036253776,0.177570093458,0.007194244604,0.244897959184,0.261904761905,0.797752808989,0.162162162162,0.130434782609,0.861111111111,0.106060606061,2024,0.0,29,0.130434782609,0,1.0,0
4215,2024-10-29,,0.159638554217,0.21752265861,0.177570093458,0.007194244604,0.312925170068,0.333333333333,0.820224719101,0.162162162162,0.130434782609,0.916666666667,0.106060606061,2024,0.0,29,0.04347826087,0,1.0,0
4216,2024-10-29,,0.213855421687,0.277945619335,0.196261682243,0.007194244604,0.326530612245,0.333333333333,0.808988764045,0.162162162162,0.130434782609,0.161111111111,0.106060606061,2024,0.0,29,0.0,0,0.95,0
4217,2024-10-29,,0.286144578313,0.356495468278,0.214953271028,0.007194244604,0.367346938776,0.357142857143,0.831460674157,0.189189189189,0.173913043478,0.230555555556,0.166666666667,2024,0.0,29,0.086956521739,0,0.9,0
4218,2024-10-29,,0.319277108434,0.432024169184,0.345794392523,0.014388489209,0.380952380952,0.321428571429,0.775280898876,0.243243243243,0.217391304348,0.202777777778,0.181818181818,2024,0.0,29,0.217391304348,0,0.96,0
4219,2024-10-29,,0.21686746988,0.353474320242,0.411214953271,0.05035971223,0.428571428571,0.416666666667,0.707865168539,0.216216216216,0.260869565217,0.261111111111,0.257575757576,2024,0.0,29,0.521739130435,0,0.95,0
4220,2024-10-29,,0.075301204819,0.187311178248,0.345794392523,0.165467625899,0.517006802721,0.511904761905,0.561797752809,0.351351351351,0.347826086957,0.358333333333,0.19696969697,2024,0.0,29,0.695652173913,0,0.95,0
4221,2024-10-29,,0.051204819277,0.172205438066,0.373831775701,0.244604316547,0.428571428571,0.488095238095,0.47191011236,0.432432432432,0.434782608696,0.183333333333,0.242424242424,2024,0.0,29,0.782608695652,0,0.98,0
4222,2024-10-29,,0.021084337349,0.108761329305,0.271028037383,0.36690647482,0.387755102041,0.452380952381,0.426966292135,0.432432432432,0.478260869565,0.252777777778,0.257575757576,2024,0.0,29,0.913043478261,0,0.87,0
4223,2024-10-29,,0.009036144578,0.063444108761,0.168224299065,0.503597122302,0.387755102041,0.452380952381,0.38202247191,0.459459459459,0.521739130435,0.244444444444,0.257575757576,2024,0.0,29,1.0,0,0.97,0
4224,2024-10-29,,0.012048192771,0.084592145015,0.224299065421,0.525179856115,0.414965986395,0.47619047619,0.337078651685,0.459459459459,0.565217391304,0.877777777778,0.242424242424,2024,0.0,29,0.95652173913,0,0.94,0
4225,2024-10-29,,0.018072289157,0.160120845921,0.439252336449,0.539568345324,0.462585034014,0.547619047619,0.348314606742,0.432432432432,0.565217391304,0.669444444444,0.287878787879,2024,0.0,29,0.826086956522,0,0.92,0
4226,2024-10-29,,0.015060240964,0.138972809668,0.383177570093,0.381294964029,0.52380952381,0.583333333333,0.426966292135,0.297297297297,0.521739130435,0.494444444444,0.287878787879,2024,0.0,29,0.739130434783,0,0.84,0
4227,2024-10-29,,0.015060240964,0.093655589124,0.252336448598,0.223021582734,0.47619047619,0.5,0.505617977528,0.135135135135,0.478260869565,0.447222222222,0.287878787879,2024,0.0,29,0.652173913043,0,0.86,0
4228,2024-10-29,,0.042168674699,0.154078549849,0.345794392523,0.10071942446,0.374149659864,0.380952380952,0.539325842697,0.135135135135,0.391304347826,0.925,0.651515151515,2024,0.0,29,0.608695652174,0,0.96,0
4229,2024-10-29,,0.009036144578,0.087613293051,0.242990654206,0.172661870504,0.394557823129,0.261904761905,0.685393258427,0.081081081081,0.347826086957,0.061111111111,0.5,2024,0.0,29,0.565217391304,0,0.99,0
4230,2024-10-29,,0.021084337349,0.129909365559,0.336448598131,0.05035971223,0.278911564626,0.25,0.696629213483,0.081081081081,0.304347826087,0.033333333333,0.257575757576,2024,0.0,29,0.478260869565,0,1.0,0
4231,2024-10-30,,,,,,0.258503401361,0.285714285714,0.651685393258,,0.347826086957,0.822222222222,0.378787878788,2024,0.0,30,0.391304347826,0,1.0,0
4232,2024-10-30,,0.08734939759,0.196374622356,0.336448598131,0.007194244604,0.299319727891,0.25,0.685393258427,0.108108108108,0.260869565217,0.819444444444,0.257575757576,2024,0.0,30,0.347826086957,0,1.0,0
4233,2024-10-30,,0.081325301205,0.19335347432,0.345794392523,0.007194244604,0.367346938776,0.285714285714,0.662921348315,0.135135135135,0.217391304348,0.705555555556,0.121212121212,2024,0.0,30,0.304347826087,0,1.0,0
4234,2024-10-30,,0.159638554217,0.26586102719,0.327102803738,0.007194244604,0.340136054422,0.285714285714,0.719101123596,0.135135135135,0.217391304348,0.3,0.106060606061,2024,0.0,30,0.260869565217,0,1.0,0
4235,2024-10-30,,0.102409638554,0.205438066465,0.317757009346,0.0,0.285714285714,0.25,0.797752808989,0.081081081081,0.173913043478,0.130555555556,0.166666666667,2024,0.0,30,0.173913043478,0,1.0,0
4236,2024-10-30,,0.084337349398,0.172205438066,0.271028037383,0.0,0.292517006803,0.297619047619,0.831460674157,0.054054054054,0.130434782609,0.097222222222,0.106060606061,2024,0.0,30,0.130434782609,0,1.0,0
4237,2024-10-30,,0.159638554217,0.244712990937,0.261682242991,0.007194244604,0.30612244898,0.321428571429,0.842696629213,0.054054054054,0.130434782609,0.330555555556,0.090909090909,2024,0.0,30,0.04347826087,0,1.0,0
4238,2024-10-30,,0.394578313253,0.489425981873,0.280373831776,0.007194244604,0.333333333333,0.333333333333,0.865168539326,0.108108108108,0.130434782609,0.136111111111,0.121212121212,2024,0.0,30,0.0,0,0.96,0
4239,2024-10-30,,0.319277108434,0.401812688822,0.261682242991,0.007194244604,0.401360544218,0.380952380952,0.85393258427,0.108108108108,0.173913043478,0.052777777778,0.106060606061,2024,0.0,30,0.086956521739,0,0.94,0
4240,2024-10-30,,0.310240963855,0.459214501511,0.457943925234,0.021582733813,0.380952380952,0.404761904762,0.752808988764,0.135135135135,0.260869565217,0.075,0.166666666667,2024,0.0,30,0.217391304348,0,0.84,0
4241,2024-10-30,,0.207831325301,0.441087613293,0.719626168224,0.064748201439,0.469387755102,0.52380952381,0.662921348315,0.135135135135,0.304347826087,0.113888888889,0.166666666667,2024,0.0,30,0.521739130435,0,0.9,0
4242,2024-10-30,,0.036144578313,0.163141993958,0.401869158879,0.345323741007,0.496598639456,0.571428571429,0.460674157303,0.108108108108,0.478260869565,0.936111111111,0.287878787879,2024,0.0,30,0.782608695652,0,0.94,0
4243,2024-10-30,,0.018072289157,0.12084592145,0.317757009346,0.553956834532,0.401360544218,0.47619047619,0.404494382022,0.135135135135,0.521739130435,0.105555555556,0.257575757576,2024,0.0,30,0.913043478261,0,0.93,0
4244,2024-10-30,,0.009036144578,0.069486404834,0.18691588785,0.68345323741,0.469387755102,0.571428571429,0.359550561798,0.162162162162,0.565217391304,0.147222222222,0.287878787879,2024,0.0,30,1.0,0,0.87,0
4245,2024-10-30,,0.006024096386,0.057401812689,0.158878504673,0.676258992806,0.360544217687,0.345238095238,0.337078651685,0.162162162162,0.565217391304,0.141666666667,0.287878787879,2024,0.0,30,0.95652173913,0,0.85,0
4246,2024-10-30,,0.009036144578,0.069486404834,0.196261682243,0.568345323741,0.374149659864,0.416666666667,0.337078651685,0.135135135135,0.608695652174,0.019444444444,0.333333333333,2024,0.0,30,0.869565217391,0,0.92,0
4247,2024-10-30,,0.015060240964,0.09667673716,0.252336448598,0.446043165468,0.312925170068,0.345238095238,0.337078651685,0.162162162162,0.608695652174,0.891666666667,0.318181818182,2024,0.0,30,0.826086956522,0,0.97,0
4248,2024-10-30,,0.027108433735,0.141993957704,0.355140186916,0.302158273381,0.292517006803,0.297619047619,0.337078651685,0.162162162162,0.565217391304,0.894444444444,0.333333333333,2024,0.0,30,0.739130434783,0,0.9,0
4249,2024-10-30,,0.018072289157,0.132930513595,0.355140186916,0.230215827338,0.299319727891,0.309523809524,0.38202247191,0.162162162162,0.521739130435,0.019444444444,0.469696969697,2024,0.0,30,0.652173913043,0,0.84,0
4250,2024-10-30,,0.009036144578,0.069486404834,0.18691588785,0.194244604317,0.333333333333,0.285714285714,0.516853932584,0.108108108108,0.478260869565,0.077777777778,0.606060606061,2024,0.0,30,0.608695652174,0,0.92,0
4251,2024-10-30,,0.006024096386,0.057401812689,0.158878504673,0.172661870504,0.319727891156,0.309523809524,0.584269662921,0.081081081081,0.434782608696,0.044444444444,0.530303030303,2024,0.0,30,0.565217391304,0,0.99,0
4252,2024-10-30,,0.021084337349,0.090634441088,0.214953271028,0.107913669065,0.299319727891,0.297619047619,0.584269662921,0.081081081081,0.391304347826,0.95,0.348484848485,2024,0.0,30,0.478260869565,0,1.0,0
4253,2024-10-30,,0.015060240964,0.087613293051,0.224299065421,0.107913669065,0.292517006803,0.309523809524,0.573033707865,0.108108108108,0.391304347826,0.891666666667,0.272727272727,2024,0.0,30,0.434782608696,0,1.0,0
4254,2024-10-31,,0.05421686747,0.132930513595,0.233644859813,0.007194244604,0.272108843537,0.22619047619,0.674157303371,0.081081081081,0.304347826087,0.861111111111,0.469696969697,2024,0.0,31,0.391304347826,0,1.0,0
4255,2024-10-31,,,,,,0.34693877551,0.309523809524,0.662921348315,,0.347826086957,0.852777777778,0.378787878788,2024,0.0,31,0.347826086957,0,1.0,0
4256,2024-10-31,,,,,,0.326530612245,0.333333333333,0.662921348315,,0.304347826087,0.877777777778,0.318181818182,2024,0.0,31,0.304347826087,0,1.0,0
4257,2024-10-31,,,,,,0.299319727891,0.321428571429,0.651685393258,,0.304347826087,0.869444444444,0.212121212121,2024,0.0,31,0.260869565217,0,1.0,0
4258,2024-10-31,,0.009036144578,0.090634441088,0.252336448598,0.079136690647,0.299319727891,0.345238095238,0.629213483146,0.135135135135,0.304347826087,0.775,0.212121212121,2024,0.0,31,0.173913043478,0,1.0,0
4259,2024-10-31,,0.051204819277,0.157099697885,0.327102803738,0.014388489209,0.292517006803,0.345238095238,0.662921348315,0.135135135135,0.260869565217,0.877777777778,0.090909090909,2024,0.0,31,0.130434782609,0,1.0,0
4260,2024-10-31,,0.168674698795,0.271903323263,0.308411214953,0.007194244604,0.326530612245,0.369047619048,0.730337078652,0.108108108108,0.217391304348,0.313888888889,0.106060606061,2024,0.0,31,0.04347826087,0,1.0,0
4261,2024-10-31,,0.301204819277,0.395770392749,0.289719626168,0.007194244604,0.401360544218,0.392857142857,0.752808988764,0.108108108108,0.217391304348,0.347222222222,0.075757575758,2024,0.0,31,0.0,0,0.93,0
4262,2024-10-31,,0.457831325301,0.592145015106,0.401869158879,0.014388489209,0.469387755102,0.452380952381,0.719101123596,0.162162162162,0.217391304348,0.336111111111,0.121212121212,2024,0.0,31,0.086956521739,0,0.8,0
4263,2024-10-31,,0.25,0.371601208459,0.373831775701,0.035971223022,0.496598639456,0.464285714286,0.640449438202,0.162162162162,0.304347826087,0.794444444444,0.212121212121,2024,0.0,31,0.217391304348,0,0.93,0
4264,2024-10-31,,0.10843373494,0.238670694864,0.401869158879,0.093525179856,0.489795918367,0.47619047619,0.584269662921,0.135135135135,0.391304347826,0.913888888889,0.227272727273,2024,0.0,31,0.521739130435,0,0.91,0
4265,2024-10-31,,0.066265060241,0.187311178248,0.373831775701,0.172661870504,0.489795918367,0.5,0.516853932584,0.135135135135,0.434782608696,0.794444444444,0.287878787879,2024,0.0,31,0.695652173913,0,0.95,0
4266,2024-10-31,,0.039156626506,0.157099697885,0.364485981308,0.302158273381,0.462585034014,0.488095238095,0.438202247191,0.135135135135,0.478260869565,0.563888888889,0.272727272727,2024,0.0,31,0.782608695652,0,0.92,0
4267,2024-10-31,,0.015060240964,0.057401812689,0.130841121495,0.395683453237,0.442176870748,0.464285714286,0.337078651685,0.135135135135,0.521739130435,0.055555555556,0.424242424242,2024,0.0,31,0.913043478261,0,0.93,0
4268,2024-10-31,,0.012048192771,0.042296072508,0.093457943925,0.36690647482,0.312925170068,0.27380952381,0.314606741573,0.216216216216,0.565217391304,0.055555555556,0.378787878788,2024,0.0,31,1.0,0,0.9,0
4269,2024-10-31,,0.015060240964,0.04833836858,0.102803738318,0.345323741007,0.272108843537,0.261904761905,0.303370786517,0.162162162162,0.608695652174,1.0,0.378787878788,2024,0.0,31,0.95652173913,0,0.86,0
4270,2024-10-31,,0.015060240964,0.07250755287,0.177570093458,0.345323741007,0.204081632653,0.178571428571,0.314606741573,0.243243243243,0.608695652174,0.955555555556,0.469696969697,2024,0.0,31,0.869565217391,0,0.92,0
4271,2024-10-31,,0.027108433735,0.093655589124,0.196261682243,0.223021582734,0.299319727891,0.27380952381,0.325842696629,0.135135135135,0.565217391304,0.988888888889,0.545454545455,2024,0.0,31,0.826086956522,0,0.87,0
4272,2024-10-31,,0.051204819277,0.141993957704,0.280373831776,0.136690647482,0.231292517007,0.166666666667,0.337078651685,0.135135135135,0.565217391304,0.944444444444,0.5,2024,0.0,31,0.739130434783,0,0.88,0
4273,2024-10-31,,0.018072289157,0.078549848943,0.18691588785,0.10071942446,0.30612244898,0.297619047619,0.415730337079,0.081081081081,0.521739130435,0.077777777778,0.606060606061,2024,0.0,31,0.652173913043,0,0.89,0
4274,2024-10-31,,0.012048192771,0.051359516616,0.121495327103,0.115107913669,0.265306122449,0.166666666667,0.550561797753,0.054054054054,0.434782608696,0.047222222222,0.666666666667,2024,0.0,31,0.608695652174,0,0.88,0
4275,2024-10-31,,0.036144578313,0.087613293051,0.168224299065,0.05035971223,0.251700680272,0.202380952381,0.606741573034,0.054054054054,0.391304347826,0.975,0.469696969697,2024,0.0,31,0.565217391304,0,0.99,0
4276,2024-10-31,,0.042168674699,0.09667673716,0.177570093458,0.043165467626,0.176870748299,0.166666666667,0.584269662921,0.054054054054,0.391304347826,0.880555555556,0.484848484848,2024,0.0,31,0.478260869565,0,0.99,0
4277,2024-10-31,,0.066265060241,0.148036253776,0.242990654206,0.0,0.149659863946,0.119047619048,0.629213483146,0.108108108108,0.347826086957,0.841666666667,0.469696969697,2024,0.0,31,0.434782608696,0,0.99,0
4278,2024-11-01,,0.009638554217,0.075528700906,0.158878504673,,,,,,,,,2024,0.1,1,0.391304347826,0,0.99,0
4279,2024-11-01,,0.027108433735,0.084592145015,0.177570093458,,,,,,,,,2024,0.1,1,0.347826086957,0,1.0,0
4280,2024-11-01,,0.930722891566,0.063444108761,0.140186915888,,,,,,,,,2024,0.1,1,0.304347826087,0,1.0,0
4281,2024-11-01,,0.048192771084,0.063444108761,0.14953271028,,,,,,,,,2024,0.1,1,0.260869565217,0,1.0,0
4282,2024-11-01,,0.009036144578,0.111782477341,0.18691588785,,,,,,,,,2024,0.1,1,0.173913043478,0,1.0,0
4283,2024-11-01,,0.222891566265,0.126888217523,0.18691588785,,,,,,,,,2024,0.1,1,0.130434782609,0,1.0,0
4284,2024-11-01,,0.105421686747,0.166163141994,0.196261682243,,,,,,,,,2024,0.1,1,0.04347826087,0,1.0,0
4285,2024-11-01,,0.018072289157,0.19335347432,0.18691588785,,,,,,,,,2024,0.1,1,0.0,0,1.0,0
4286,2024-11-01,,0.228915662651,0.238670694864,0.18691588785,,,,,,,,,2024,0.1,1,0.086956521739,0,1.0,0
4287,2024-11-01,,0.984939759036,0.235649546828,0.205607476636,,,,,,,,,2024,0.1,1,0.217391304348,0,0.97,0
4288,2024-11-01,,0.189759036145,0.178247734139,0.224299065421,,,,,,,,,2024,0.1,1,0.521739130435,0,0.96,0
4289,2024-11-01,,0.004518072289,0.09667673716,0.168224299065,,,,,,,,,2024,0.1,1,0.695652173913,0,0.96,0
4290,2024-11-01,,0.063253012048,0.09667673716,0.196261682243,,,,,,,,,2024,0.1,1,0.782608695652,0,0.98,0
4291,2024-11-01,,0.066265060241,0.084592145015,0.18691588785,,,,,,,,,2024,0.1,1,0.913043478261,0,1.0,0
4292,2024-11-01,,0.08734939759,0.036253776435,0.084112149533,,,,,,,,,2024,0.1,1,1.0,0,0.93,0
4293,2024-11-01,,0.066265060241,0.021148036254,0.056074766355,,,,,,,,,2024,0.1,1,0.95652173913,0,0.89,0
4294,2024-11-01,,0.102409638554,0.045317220544,0.11214953271,,,,,,,,,2024,0.1,1,0.869565217391,0,0.94,0
4295,2024-11-01,,0.069277108434,0.054380664653,0.14953271028,,,,,,,,,2024,0.1,1,0.826086956522,0,0.94,0
4296,2024-11-01,,0.075301204819,0.084592145015,0.233644859813,,,,,,,,,2024,0.1,1,0.739130434783,0,1.0,0
4297,2024-11-01,,0.075301204819,0.093655589124,0.261682242991,,,,,,,,,2024,0.1,1,0.652173913043,0,0.95,0
4298,2024-11-01,,0.129518072289,0.102719033233,0.242990654206,,,,,,,,,2024,0.1,1,0.608695652174,0,0.9,0
4299,2024-11-01,,0.174698795181,0.084592145015,0.18691588785,,,,,,,,,2024,0.1,1,0.565217391304,0,0.94,0
4300,2024-11-01,,0.027108433735,0.069486404834,0.158878504673,,,,,,,,,2024,0.1,1,0.478260869565,0,0.93,0
4301,2024-11-01,,0.19578313253,0.060422960725,0.140186915888,,,,,,,,,2024,0.1,1,0.434782608696,0,0.95,0
4302,2024-11-02,,0.840361445783,0.075528700906,0.196261682243,,,,,,,,,2024,0.1,2,0.391304347826,0,1.0,0
4303,2024-11-02,,0.201807228916,0.060422960725,0.121495327103,,,,,,,,,2024,0.1,2,0.347826086957,0,1.0,0
4304,2024-11-02,,0.090361445783,0.066465256798,0.14953271028,,,,,,,,,2024,0.1,2,0.304347826087,0,1.0,0
4305,2024-11-02,,0.093373493976,0.051359516616,0.121495327103,,,,,,,,,2024,0.1,2,0.260869565217,0,1.0,0
4306,2024-11-02,,0.072289156627,0.054380664653,0.130841121495,,,,,,,,,2024,0.1,2,0.173913043478,0,1.0,0
4307,2024-11-02,,0.004819277108,0.078549848943,0.158878504673,,,,,,,,,2024,0.1,2,0.130434782609,0,1.0,0
4308,2024-11-02,,0.933734939759,0.093655589124,0.168224299065,,,,,,,,,2024,0.1,2,0.04347826087,0,1.0,0
4309,2024-11-02,,0.009036144578,0.129909365559,0.168224299065,,,,,,,,,2024,0.1,2,0.0,0,1.0,0
4310,2024-11-02,,0.003012048193,0.293051359517,0.196261682243,,,,,,,,,2024,0.1,2,0.086956521739,0,1.0,0
4311,2024-11-02,,0.21686746988,0.238670694864,0.205607476636,,,,,,,,,2024,0.1,2,0.217391304348,0,1.0,0
4312,2024-11-02,,0.005421686747,0.141993957704,0.158878504673,,,,,,,,,2024,0.1,2,0.521739130435,0,1.0,0
4313,2024-11-02,,0.057228915663,0.105740181269,0.14953271028,,,,,,,,,2024,0.1,2,0.695652173913,0,1.0,0
4314,2024-11-02,,0.102409638554,0.078549848943,0.158878504673,,,,,,,,,2024,0.1,2,0.782608695652,0,1.0,0
4315,2024-11-02,,0.10843373494,0.063444108761,0.14953271028,,,,,,,,,2024,0.1,2,0.913043478261,0,1.0,0
4316,2024-11-02,,0.111445783133,0.04833836858,0.121495327103,,,,,,,,,2024,0.1,2,1.0,0,1.0,0
4317,2024-11-02,,0.231927710843,0.069486404834,0.18691588785,,,,,,,,,2024,0.1,2,0.95652173913,0,0.99,0
4318,2024-11-02,,0.259036144578,0.036253776435,0.102803738318,,,,,,,,,2024,0.1,2,0.869565217391,0,0.93,0
4319,2024-11-02,,0.003012048193,0.036253776435,0.11214953271,,,,,,,,,2024,0.1,2,0.826086956522,0,1.0,0
4320,2024-11-02,,0.147590361446,0.045317220544,0.130841121495,,,,,,,,,2024,0.1,2,0.739130434783,0,0.99,0
4321,2024-11-02,,0.060240963855,0.060422960725,0.177570093458,,,,,,,,,2024,0.1,2,0.652173913043,0,1.0,0
4322,2024-11-02,,0.021084337349,0.090634441088,0.214953271028,,,,,,,,,2024,0.1,2,0.608695652174,0,1.0,0
4323,2024-11-02,,0.009036144578,0.060422960725,0.168224299065,,,,,,,,,2024,0.1,2,0.565217391304,0,1.0,0
4324,2024-11-02,,0.007831325301,0.063444108761,0.158878504673,,,,,,,,,2024,0.1,2,0.478260869565,0,1.0,0
4325,2024-11-02,,0.051204819277,0.078549848943,0.177570093458,,,,,,,,,2024,0.1,2,0.434782608696,0,1.0,0
4326,2024-11-03,,0.012048192771,0.154078549849,0.345794392523,,,,,,,,,2024,0.1,3,0.391304347826,0,1.0,0
4327,2024-11-03,,0.213855421687,0.108761329305,0.289719626168,,,,,,,,,2024,0.1,3,0.347826086957,0,1.0,0
4328,2024-11-03,,0.075301204819,0.148036253776,0.355140186916,,,,,,,,,2024,0.1,3,0.304347826087,0,1.0,0
4329,2024-11-03,,0.006024096386,0.148036253776,0.327102803738,,,,,,,,,2024,0.1,3,0.260869565217,0,1.0,0
4330,2024-11-03,,0.021084337349,0.114803625378,0.289719626168,,,,,,,,,2024,0.1,3,0.173913043478,0,1.0,0
4331,2024-11-03,,0.231927710843,0.105740181269,0.261682242991,,,,,,,,,2024,0.1,3,0.130434782609,0,1.0,0
4332,2024-11-03,,0.003012048193,0.129909365559,0.205607476636,,,,,,,,,2024,0.1,3,0.04347826087,0,1.0,0
4333,2024-11-03,,0.009036144578,0.132930513595,0.196261682243,,,,,,,,,2024,0.1,3,0.0,0,1.0,0
4334,2024-11-03,,0.015060240964,0.151057401813,0.177570093458,,,,,,,,,2024,0.1,3,0.086956521739,0,1.0,0
4335,2024-11-03,,0.207831325301,0.126888217523,0.214953271028,,,,,,,,,2024,0.1,3,0.217391304348,0,1.0,0
4336,2024-11-03,,0.072289156627,0.163141993958,0.336448598131,,,,,,,,,2024,0.1,3,0.521739130435,0,1.0,0
4337,2024-11-03,,0.126506024096,0.14501510574,0.336448598131,,,,,,,,,2024,0.1,3,0.695652173913,0,1.0,0
4338,2024-11-03,,0.066265060241,0.090634441088,0.233644859813,,,,,,,,,2024,0.1,3,0.782608695652,0,1.0,0
4339,2024-11-03,,0.114457831325,0.060422960725,0.158878504673,,,,,,,,,2024,0.1,3,0.913043478261,0,0.99,0
4340,2024-11-03,,0.024096385542,0.045317220544,0.130841121495,,,,,,,,,2024,0.1,3,1.0,0,1.0,0
4341,2024-11-03,,0.072289156627,0.030211480363,0.084112149533,,,,,,,,,2024,0.1,3,0.95652173913,0,1.0,0
4342,2024-11-03,,0.005421686747,0.099697885196,0.280373831776,,,,,,,,,2024,0.1,3,0.869565217391,0,1.0,0
4343,2024-11-03,,0.123493975904,0.090634441088,0.242990654206,,,,,,,,,2024,0.1,3,0.826086956522,0,0.99,0
4344,2024-11-03,,0.120481927711,0.075528700906,0.205607476636,,,,,,,,,2024,0.1,3,0.739130434783,0,0.94,0
4345,2024-11-03,,0.153614457831,0.093655589124,0.271028037383,,,,,,,,,2024,0.1,3,0.652173913043,0,0.98,0
4346,2024-11-03,,0.951807228916,0.117824773414,0.336448598131,,,,,,,,,2024,0.1,3,0.608695652174,0,1.0,0
4347,2024-11-03,,0.005120481928,0.129909365559,0.355140186916,,,,,,,,,2024,0.1,3,0.565217391304,0,1.0,0
4348,2024-11-03,,0.05421686747,0.181268882175,0.467289719626,,,,,,,,,2024,0.1,3,0.478260869565,0,1.0,0
4349,2024-11-03,,0.063253012048,0.214501510574,0.467289719626,,,,,,,,,2024,0.1,3,0.434782608696,0,1.0,0
4350,2024-11-04,,0.129518072289,0.141993957704,0.308411214953,,,,,,,,,2024,0.1,4,0.391304347826,0,1.0,0
4351,2024-11-04,,0.114457831325,0.16918429003,0.308411214953,,,,,,,,,2024,0.1,4,0.304347826087,0,1.0,0
4352,2024-11-04,,0.521084337349,0.126888217523,0.280373831776,,,,,,,,,2024,0.1,4,0.260869565217,0,1.0,0
4353,2024-11-04,,0.10843373494,0.105740181269,0.261682242991,,,,,,,,,2024,0.1,4,0.173913043478,0,1.0,0
4354,2024-11-04,,0.00421686747,0.099697885196,0.233644859813,,,,,,,,,2024,0.1,4,0.130434782609,0,1.0,0
4355,2024-11-04,,0.132530120482,0.19335347432,0.242990654206,,,,,,,,,2024,0.1,4,0.04347826087,0,0.98,0
4356,2024-11-04,,0.003614457831,0.287009063444,0.242990654206,,,,,,,,,2024,0.1,4,0.0,0,0.97,0
4357,2024-11-04,,0.045180722892,0.332326283988,0.271028037383,,,,,,,,,2024,0.1,4,0.086956521739,0,0.99,0
4358,2024-11-04,,0.102409638554,0.196374622356,0.289719626168,,,,,,,,,2024,0.1,4,0.217391304348,0,0.97,0
4359,2024-11-04,,0.009036144578,0.166163141994,0.345794392523,,,,,,,,,2024,0.1,4,0.521739130435,0,0.95,0
4360,2024-11-04,,0.180722891566,0.129909365559,0.317757009346,,,,,,,,,2024,0.1,4,0.782608695652,0,0.97,0
4361,2024-11-04,,0.005421686747,0.090634441088,0.242990654206,,,,,,,,,2024,0.1,4,1.0,0,0.83,0
4362,2024-11-04,,0.105421686747,0.054380664653,0.158878504673,,,,,,,,,2024,0.1,4,0.95652173913,0,0.95,0
4363,2024-11-04,,0.14156626506,0.033232628399,0.093457943925,,,,,,,,,2024,0.1,4,0.869565217391,0,0.98,0
4364,2024-11-04,,0.010240963855,0.054380664653,0.14953271028,,,,,,,,,2024,0.1,4,0.826086956522,0,0.94,0
4365,2024-11-04,,0.006024096386,0.114803625378,0.242990654206,,,,,,,,,2024,0.1,4,0.739130434783,0,0.93,0
4366,2024-11-04,,0.006024096386,0.117824773414,0.242990654206,,,,,,,,,2024,0.1,4,0.652173913043,0,0.9,0
4367,2024-11-04,,0.096385542169,0.138972809668,0.308411214953,,,,,,,,,2024,0.1,4,0.608695652174,0,0.97,0
4368,2024-11-04,,0.018072289157,0.123867069486,0.327102803738,,,,,,,,,2024,0.1,4,0.565217391304,0,0.98,0
4369,2024-11-04,,0.126506024096,0.126888217523,0.327102803738,,,,,,,,,2024,0.1,4,0.478260869565,0,0.97,0
4370,2024-11-04,,0.003012048193,0.190332326284,0.373831775701,,,,,,,,,2024,0.1,4,0.434782608696,0,1.0,0
4371,2024-11-05,,0.004819277108,,,,,,,,,,,2024,0.1,5,0.391304347826,0,1.0,0
4372,2024-11-05,,0.003915662651,0.126888217523,0.280373831776,,,,,,,,,2024,0.1,5,0.347826086957,0,1.0,0
4373,2024-11-05,,0.002710843373,0.126888217523,0.252336448598,,,,,,,,,2024,0.1,5,0.304347826087,0,1.0,0
4374,2024-11-05,,0.090361445783,0.154078549849,0.252336448598,,,,,,,,,2024,0.1,5,0.260869565217,0,1.0,0
4375,2024-11-05,,0.123493975904,0.090634441088,0.196261682243,,,,,,,,,2024,0.1,5,0.173913043478,0,1.0,0
4376,2024-11-05,,0.219879518072,0.117824773414,0.177570093458,,,,,,,,,2024,0.1,5,0.130434782609,0,1.0,0
4377,2024-11-05,,0.099397590361,0.299093655589,0.18691588785,,,,,,,,,2024,0.1,5,0.04347826087,0,1.0,0
4378,2024-11-05,,0.002108433735,0.211480362538,0.177570093458,,,,,,,,,2024,0.1,5,0.0,0,0.96,0
4379,2024-11-05,,0.048192771084,0.380664652568,0.224299065421,,,,,,,,,2024,0.1,5,0.086956521739,0,0.9,0
4380,2024-11-05,,0.009036144578,0.344410876133,0.345794392523,,,,,,,,,2024,0.1,5,0.217391304348,0,0.95,0
4381,2024-11-05,,0.093373493976,0.277945619335,0.457943925234,,,,,,,,,2024,0.1,5,0.521739130435,0,0.97,0
4382,2024-11-05,,0.19578313253,0.223564954683,0.485981308411,,,,,,,,,2024,0.1,5,0.695652173913,0,0.79,0
4383,2024-11-05,,0.231927710843,0.054380664653,0.14953271028,,,,,,,,,2024,0.1,5,1.0,0,0.84,0
4384,2024-11-05,,0.009036144578,0.07250755287,0.196261682243,,,,,,,,,2024,0.1,5,0.95652173913,0,0.91,0
4385,2024-11-05,,0.006024096386,0.078549848943,0.224299065421,,,,,,,,,2024,0.1,5,0.869565217391,0,0.9,0
4386,2024-11-05,,0.075301204819,0.12084592145,0.317757009346,,,,,,,,,2024,0.1,5,0.826086956522,0,0.9,0
4387,2024-11-05,,0.009337349398,0.078549848943,0.224299065421,,,,,,,,,2024,0.1,5,0.739130434783,0,0.96,0
4388,2024-11-05,,0.066265060241,0.066465256798,0.196261682243,,,,,,,,,2024,0.1,5,0.652173913043,0,0.96,0
4389,2024-11-05,,0.063253012048,0.081570996979,0.233644859813,,,,,,,,,2024,0.1,5,0.608695652174,0,0.92,0
4390,2024-11-05,,0.117469879518,0.114803625378,0.289719626168,,,,,,,,,2024,0.1,5,0.565217391304,0,1.0,0
4391,2024-11-05,,0.135542168675,0.114803625378,0.299065420561,,,,,,,,,2024,0.1,5,0.478260869565,0,1.0,0
4392,2024-11-05,,0.105421686747,0.126888217523,0.336448598131,,,,,,,,,2024,0.1,5,0.434782608696,0,1.0,0
4393,2024-11-06,,0.186746987952,0.380664652568,0.429906542056,,,,,,,,,2024,0.1,6,0.391304347826,0,1.0,0
4394,2024-11-06,,0.921686746988,,,,,,,,,,,2024,0.1,6,0.347826086957,0,1.0,0
4395,2024-11-06,,0.213855421687,,,,,,,,,,,2024,0.1,6,0.304347826087,0,1.0,0
4396,2024-11-06,,0.33734939759,,,,,,,,,,,2024,0.1,6,0.260869565217,0,1.0,0
4397,2024-11-06,,0.081325301205,0.117824773414,0.261682242991,,,,,,,,,2024,0.1,6,0.173913043478,0,1.0,0
4398,2024-11-06,,0.228915662651,0.19335347432,0.299065420561,,,,,,,,,2024,0.1,6,0.130434782609,0,1.0,0
4399,2024-11-06,,0.003012048193,0.320241691843,0.308411214953,,,,,,,,,2024,0.1,6,0.04347826087,0,0.97,0
4400,2024-11-06,,0.102409638554,0.271903323263,0.261682242991,,,,,,,,,2024,0.1,6,0.0,0,0.9,0
4401,2024-11-06,,0.219879518072,0.36253776435,0.280373831776,,,,,,,,,2024,0.1,6,0.086956521739,0,0.94,0
4402,2024-11-06,,0.051204819277,0.592145015106,0.523364485981,,,,,,,,,2024,0.1,6,0.217391304348,0,0.96,0
4403,2024-11-06,,0.057228915663,0.459214501511,0.682242990654,,,,,,,,,2024,0.1,6,0.521739130435,0,0.95,0
4404,2024-11-06,,0.171686746988,0.102719033233,0.261682242991,,,,,,,,,2024,0.1,6,0.913043478261,0,1.0,0
4405,2024-11-06,,0.081325301205,0.045317220544,0.121495327103,,,,,,,,,2024,0.1,6,0.95652173913,0,0.92,0
4406,2024-11-06,,0.322289156627,0.084592145015,0.242990654206,,,,,,,,,2024,0.1,6,0.869565217391,0,0.95,0
4407,2024-11-06,,0.057228915663,0.090634441088,0.271028037383,,,,,,,,,2024,0.1,6,0.826086956522,0,0.97,0
4408,2024-11-06,,0.207831325301,0.087613293051,0.252336448598,,,,,,,,,2024,0.1,6,0.739130434783,0,0.89,0
4409,2024-11-06,,0.150602409639,0.084592145015,0.242990654206,,,,,,,,,2024,0.1,6,0.652173913043,0,0.77,0
4410,2024-11-06,,0.027108433735,0.148036253776,0.373831775701,,,,,,,,,2024,0.1,6,0.608695652174,0,0.96,0
4411,2024-11-06,,0.138554216867,0.132930513595,0.364485981308,,,,,,,,,2024,0.1,6,0.565217391304,0,1.0,0
4412,2024-11-06,,0.006024096386,0.220543806647,0.439252336449,,,,,,,,,2024,0.1,6,0.478260869565,0,1.0,0
4413,2024-11-06,,0.186746987952,0.326283987915,0.429906542056,,,,,,,,,2024,0.1,6,0.434782608696,0,1.0,0
4414,2024-11-07,,0.117469879518,0.208459214502,0.336448598131,,,,,,,,,2024,0.1,7,0.391304347826,0,1.0,0
4415,2024-11-07,,0.099397590361,0.389728096677,0.401869158879,,,,,,,,,2024,0.1,7,0.347826086957,0,1.0,0
4416,2024-11-07,,0.102409638554,0.329305135952,0.383177570093,,,,,,,,,2024,0.1,7,0.304347826087,0,1.0,0
4417,2024-11-07,,0.120481927711,0.232628398792,0.345794392523,,,,,,,,,2024,0.1,7,0.260869565217,0,1.0,0
4418,2024-11-07,,0.001506024096,0.181268882175,0.299065420561,,,,,,,,,2024,0.1,7,0.173913043478,0,1.0,0
4419,2024-11-07,,0.08734939759,0.190332326284,0.289719626168,,,,,,,,,2024,0.1,7,0.130434782609,0,1.0,0
4420,2024-11-07,,0.002108433735,0.305135951662,0.280373831776,,,,,,,,,2024,0.1,7,0.04347826087,0,1.0,0
4421,2024-11-07,,0.316265060241,0.410876132931,0.289719626168,,,,,,,,,2024,0.1,7,0.0,0,0.93,0
4422,2024-11-07,,0.012048192771,0.525679758308,0.336448598131,,,,,,,,,2024,0.1,7,0.086956521739,0,0.9,0
4423,2024-11-07,,0.138554216867,0.495468277946,0.448598130841,,,,,,,,,2024,0.1,7,0.217391304348,0,0.89,0
4424,2024-11-07,,0.003313253012,0.374622356495,0.551401869159,,,,,,,,,2024,0.1,7,0.521739130435,0,0.93,0
4425,2024-11-07,,0.114457831325,0.262839879154,0.588785046729,,,,,,,,,2024,0.1,7,0.695652173913,0,0.97,0
4426,2024-11-07,,0.120481927711,0.105740181269,0.271028037383,,,,,,,,,2024,0.1,7,0.782608695652,0,0.94,0
4427,2024-11-07,,0.081325301205,,,,,,,,,,,2024,0.1,7,0.95652173913,0,0.84,0
4428,2024-11-07,,0.981927710843,,,,,,,,,,,2024,0.1,7,0.869565217391,0,0.89,0
4429,2024-11-07,,0.081325301205,,,,,,,,,,,2024,0.1,7,0.826086956522,0,0.93,0
4430,2024-11-07,,0.084337349398,0.129909365559,0.327102803738,,,,,,,,,2024,0.1,7,0.739130434783,0,0.94,0
4431,2024-11-07,,0.096385542169,0.141993957704,0.345794392523,,,,,,,,,2024,0.1,7,0.652173913043,0,0.84,0
4432,2024-11-07,,0.0,0.063444108761,0.168224299065,,,,,,,,,2024,0.1,7,0.608695652174,0,0.98,0
4433,2024-11-07,,0.0,0.087613293051,0.214953271028,,,,,,,,,2024,0.1,7,0.565217391304,0,0.99,0
4434,2024-11-07,,0.0,0.111782477341,0.252336448598,,,,,,,,,2024,0.1,7,0.478260869565,0,1.0,0
4435,2024-11-07,,0.075301204819,0.132930513595,0.289719626168,,,,,,,,,2024,0.1,7,0.434782608696,0,1.0,0
4436,2024-11-08,0.212345679012,0.057228915663,0.19335347432,0.308411214953,,,,,,,,,2024,0.1,8,0.347826086957,0,1.0,0
4437,2024-11-08,0.175308641975,0.16265060241,0.132930513595,0.271028037383,,,,,,,,,2024,0.1,8,0.304347826087,0,1.0,0
4438,2024-11-08,0.187654320988,0.168674698795,0.151057401813,0.261682242991,,,,,,,,,2024,0.1,8,0.260869565217,0,1.0,0
4439,2024-11-08,0.224691358025,0.048192771084,0.250755287009,0.271028037383,,,,,,,,,2024,0.1,8,0.173913043478,0,1.0,0
4440,2024-11-08,0.246913580247,0.003012048193,0.305135951662,0.271028037383,,,,,,,,,2024,0.1,8,0.130434782609,0,1.0,0
4441,2024-11-08,0.320987654321,0.286144578313,0.380664652568,0.289719626168,,,,,,,,,2024,0.1,8,0.04347826087,0,0.99,0
4442,2024-11-08,0.417283950617,0.10843373494,0.558912386707,0.280373831776,,,,,,,,,2024,0.1,8,0.0,0,0.99,0
4443,2024-11-08,0.466666666667,0.33734939759,0.486404833837,0.457943925234,,,,,,,,,2024,0.1,8,0.217391304348,0,0.9,0
4444,2024-11-08,0.449382716049,0.132530120482,0.435045317221,0.672897196262,,,,,,,,,2024,0.1,8,0.521739130435,0,0.77,0
4445,2024-11-08,0.296296296296,0.003915662651,0.259818731118,0.560747663551,,,,,,,,,2024,0.1,8,0.695652173913,0,0.9,0
4446,2024-11-08,0.116049382716,0.021084337349,0.069486404834,0.177570093458,,,,,,,,,2024,0.1,8,1.0,0,0.67,0
4447,2024-11-08,0.098765432099,0.006024096386,0.033232628399,0.084112149533,,,,,,,,,2024,0.1,8,0.95652173913,0,0.81,0
4448,2024-11-08,0.145679012346,0.003012048193,0.063444108761,0.14953271028,,,,,,,,,2024,0.1,8,0.869565217391,0,0.79,0
4449,2024-11-08,0.145679012346,0.012048192771,0.075528700906,0.168224299065,,,,,,,,,2024,0.1,8,0.826086956522,0,0.89,0
4450,2024-11-08,0.202469135802,1.0,0.126888217523,0.261682242991,,,,,,,,,2024,0.1,8,0.739130434783,0,0.95,0
4451,2024-12-09,0.414814814815,0.10843373494,0.268882175227,0.495327102804,0.021582733813,0.462585034014,0.428571428571,0.52808988764,0.054054054054,0.260869565217,0.841666666667,0.212121212121,2024,0.3,9,0.391304347826,0,1.0,0
4452,2024-12-09,0.923456790123,0.243975903614,0.567975830816,1.0,0.071942446043,0.353741496599,0.345238095238,0.348314606742,0.108108108108,0.478260869565,0.588888888889,0.060606060606,2024,0.3,9,0.652173913043,0,0.98,0
4453,2024-12-09,1.0,0.289156626506,0.561933534743,0.841121495327,0.05035971223,0.530612244898,0.547619047619,0.38202247191,0.216216216216,0.434782608696,0.002777777778,0.333333333333,2024,0.3,9,0.608695652174,0,0.99,0
4454,2024-12-09,0.214814814815,0.009036144578,0.111782477341,0.317757009346,0.129496402878,0.632653061224,0.595238095238,0.426966292135,0.054054054054,0.391304347826,0.044444444444,0.318181818182,2024,0.3,9,0.565217391304,0,0.99,0
4455,2024-12-09,0.279012345679,0.036144578313,0.160120845921,0.383177570093,0.064748201439,0.47619047619,0.428571428571,0.47191011236,0.054054054054,0.347826086957,0.991666666667,0.242424242424,2024,0.3,9,0.478260869565,0,1.0,0
4456,2024-12-09,0.427160493827,0.126506024096,0.271903323263,0.439252336449,0.021582733813,0.408163265306,0.392857142857,0.494382022472,0.054054054054,0.304347826087,0.897222222222,0.19696969697,2024,0.3,9,0.434782608696,0,1.0,0
4457,2024-12-10,0.224691358025,0.045180722892,0.175226586103,0.401869158879,0.021582733813,0.251700680272,0.095238095238,0.404494382022,0.027027027027,0.304347826087,0.925,0.212121212121,2024,0.3,10,0.391304347826,0,1.0,0
4458,2024-12-10,0.276543209877,0.024096385542,0.14501510574,0.383177570093,0.05035971223,0.448979591837,0.392857142857,0.573033707865,0.081081081081,0.260869565217,0.819444444444,0.242424242424,2024,0.3,10,0.347826086957,0,1.0,0
4459,2024-12-10,0.283950617284,0.045180722892,0.172205438066,0.392523364486,0.021582733813,0.551020408163,0.654761904762,0.61797752809,0.054054054054,0.217391304348,0.122222222222,0.075757575758,2024,0.3,10,0.304347826087,0,1.0,0
4460,2024-12-10,0.325925925926,0.171686746988,0.311178247734,0.429906542056,0.014388489209,0.353741496599,0.345238095238,0.640449438202,0.081081081081,0.173913043478,0.286111111111,0.090909090909,2024,0.3,10,0.260869565217,0,1.0,0
4461,2024-12-10,0.318518518519,0.192771084337,0.317220543807,0.383177570093,0.014388489209,0.43537414966,0.309523809524,0.662921348315,0.054054054054,0.130434782609,0.233333333333,0.090909090909,2024,0.3,10,0.173913043478,0,1.0,0
4462,2024-12-10,0.387654320988,0.153614457831,0.287009063444,0.411214953271,0.021582733813,0.442176870748,0.321428571429,0.696629213483,0.054054054054,0.086956521739,0.477777777778,0.106060606061,2024,0.3,10,0.130434782609,0,1.0,0
4463,2024-12-10,0.449382716049,0.19578313253,0.329305135952,0.411214953271,0.021582733813,0.517006802721,0.52380952381,0.707865168539,0.054054054054,0.086956521739,0.336111111111,0.090909090909,2024,0.3,10,0.04347826087,0,1.0,0
4464,2024-12-10,0.454320987654,0.400602409639,0.543806646526,0.439252336449,0.021582733813,0.591836734694,0.619047619048,0.696629213483,0.081081081081,0.086956521739,0.291666666667,0.106060606061,2024,0.3,10,0.0,0,0.99,0
4465,2024-12-10,0.671604938272,0.713855421687,0.864048338369,0.457943925234,0.021582733813,0.578231292517,0.5,0.696629213483,0.162162162162,0.086956521739,0.263888888889,0.090909090909,2024,0.3,10,0.086956521739,0,0.97,0
4466,2024-12-10,0.550617283951,0.472891566265,0.634441087613,0.495327102804,0.028776978417,0.700680272109,0.642857142857,0.629213483146,0.135135135135,0.130434782609,0.258333333333,0.106060606061,2024,0.3,10,0.217391304348,0,0.98,0
4467,2024-12-10,0.493827160494,0.243975903614,0.465256797583,0.682242990654,0.071942446043,0.714285714286,0.714285714286,0.561797752809,0.108108108108,0.217391304348,0.266666666667,0.136363636364,2024,0.3,10,0.521739130435,0,0.99,0
4468,2024-12-10,0.486419753086,0.117469879518,0.374622356495,0.803738317757,0.158273381295,0.700680272109,0.654761904762,0.47191011236,0.108108108108,0.347826086957,0.166666666667,0.136363636364,2024,0.3,10,0.695652173913,0,1.0,0
4469,2024-12-10,,,,,,0.714285714286,0.785714285714,0.38202247191,,0.434782608696,0.847222222222,0.242424242424,2024,0.3,10,0.782608695652,0,0.97,0
4470,2024-12-10,,,,,,,,0.325842696629,,0.521739130435,0.986111111111,0.19696969697,2024,0.3,10,0.913043478261,0,0.99,0
4471,2024-12-10,,,,,,,,0.280898876404,,0.565217391304,0.286111111111,0.287878787879,2024,0.3,10,1.0,0,0.95,0
4472,2024-12-10,,,,,,,,0.23595505618,,0.608695652174,0.605555555556,0.227272727273,2024,0.3,10,0.95652173913,0,0.99,0
4473,2024-12-10,,,,,,,,0.213483146067,,0.652173913043,0.413888888889,0.19696969697,2024,0.3,10,0.869565217391,0,0.99,0
4474,2024-12-10,0.22962962963,0.015060240964,0.111782477341,0.299065420561,0.431654676259,0.326530612245,0.297619047619,0.23595505618,0.054054054054,0.652173913043,0.616666666667,0.212121212121,2024,0.3,10,0.826086956522,0,0.96,0
4475,2024-12-10,0.266666666667,0.018072289157,0.148036253776,0.401869158879,0.424460431655,0.30612244898,0.380952380952,0.247191011236,0.054054054054,0.652173913043,0.683333333333,0.19696969697,2024,0.3,10,0.739130434783,0,0.98,0
4476,2024-12-10,0.264197530864,0.003012048193,0.14501510574,0.439252336449,0.26618705036,0.319727891156,0.333333333333,0.314606741573,0.054054054054,0.565217391304,0.330555555556,0.318181818182,2024,0.3,10,0.652173913043,0,0.97,0
4477,2024-12-10,0.316049382716,0.030120481928,0.214501510574,0.570093457944,0.165467625899,0.448979591837,0.333333333333,0.38202247191,0.054054054054,0.478260869565,0.094444444444,0.318181818182,2024,0.3,10,0.608695652174,0,0.99,0
4478,2024-12-10,0.266666666667,0.027108433735,0.175226586103,0.457943925234,0.107913669065,0.537414965986,0.404761904762,0.38202247191,0.054054054054,0.434782608696,0.013888888889,0.333333333333,2024,0.3,10,0.565217391304,0,1.0,0
4479,2024-12-10,0.291358024691,0.051204819277,0.202416918429,0.467289719626,0.021582733813,0.462585034014,0.345238095238,0.359550561798,0.027027027027,0.434782608696,0.938888888889,0.212121212121,2024,0.3,10,0.478260869565,0,1.0,0
4480,2024-12-10,0.234567901235,0.048192771084,0.184290030211,0.420560747664,0.028776978417,0.394557823129,0.309523809524,0.370786516854,0.027027027027,0.391304347826,0.844444444444,0.257575757576,2024,0.3,10,0.434782608696,0,1.0,0
4481,2024-12-11,0.256790123457,,,,,0.510204081633,0.380952380952,0.662921348315,,0.086956521739,0.25,0.318181818182,2024,0.3,11,0.391304347826,0,1.0,0
4482,2024-12-11,0.125925925926,0.012048192771,0.078549848943,0.205607476636,0.158273381295,0.340136054422,0.202380952381,0.415730337079,0.027027027027,0.260869565217,0.952777777778,0.424242424242,2024,0.3,11,0.347826086957,0,1.0,0
4483,2024-12-11,0.074074074074,0.003012048193,0.021148036254,0.056074766355,0.223021582734,0.238095238095,0.190476190476,0.52808988764,0.027027027027,0.217391304348,0.961111111111,0.5,2024,0.3,11,0.304347826087,0,1.0,0
4484,2024-12-11,0.083950617284,0.003012048193,0.027190332326,0.07476635514,0.179856115108,0.21768707483,0.178571428571,0.61797752809,0.027027027027,0.173913043478,0.880555555556,0.439393939394,2024,0.3,11,0.260869565217,0,1.0,0
4485,2024-12-11,0.081481481481,0.006024096386,0.060422960725,0.168224299065,0.10071942446,0.251700680272,0.261904761905,0.685393258427,0.027027027027,0.173913043478,0.833333333333,0.439393939394,2024,0.3,11,0.173913043478,0,1.0,0
4486,2024-12-11,0.091358024691,0.015060240964,0.069486404834,0.168224299065,0.093525179856,0.285714285714,0.440476190476,0.730337078652,0.027027027027,0.130434782609,0.822222222222,0.378787878788,2024,0.3,11,0.130434782609,0,1.0,0
4487,2024-12-11,0.138271604938,0.03313253012,0.102719033233,0.214953271028,0.064748201439,0.278911564626,0.285714285714,0.730337078652,0.027027027027,0.173913043478,0.825,0.318181818182,2024,0.3,11,0.04347826087,0,1.0,0
4488,2024-12-11,0.18024691358,0.051204819277,0.138972809668,0.271028037383,0.043165467626,0.197278911565,0.166666666667,0.741573033708,0.027027027027,0.173913043478,0.927777777778,0.318181818182,2024,0.3,11,0.0,0,1.0,0
4489,2024-12-11,0.150617283951,0.039156626506,0.105740181269,0.205607476636,0.035971223022,0.380952380952,0.559523809524,0.730337078652,0.027027027027,0.173913043478,0.044444444444,0.393939393939,2024,0.3,11,0.086956521739,0,0.99,0
4490,2024-12-11,0.140740740741,0.045180722892,0.09667673716,0.14953271028,0.064748201439,0.08843537415,,0.685393258427,0.0,0.130434782609,0.066666666667,0.393939393939,2024,0.3,11,0.217391304348,0,0.96,0
4491,2024-12-11,0.187654320988,0.066265060241,0.126888217523,0.18691588785,0.079136690647,0.224489795918,0.297619047619,0.640449438202,0.027027027027,0.217391304348,0.077777777778,0.272727272727,2024,0.3,11,0.521739130435,0,0.99,0
4492,2024-12-11,0.187654320988,0.063253012048,0.126888217523,0.196261682243,0.122302158273,0.21768707483,0.190476190476,0.573033707865,0.027027027027,0.260869565217,0.858333333333,0.348484848485,2024,0.3,11,0.695652173913,0,0.99,0
4493,2024-12-11,0.145679012346,0.024096385542,0.07250755287,0.14953271028,0.237410071942,0.272108843537,0.27380952381,0.516853932584,0.0,0.304347826087,0.877777777778,0.287878787879,2024,0.3,11,0.782608695652,0,0.99,0
4494,2024-12-11,0.172839506173,0.024096385542,0.102719033233,0.242990654206,0.31654676259,0.244897959184,0.261904761905,0.47191011236,0.0,0.391304347826,0.030555555556,0.257575757576,2024,0.3,11,0.913043478261,0,0.99,0
4495,2024-12-11,0.18024691358,0.012048192771,0.090634441088,0.242990654206,0.460431654676,0.319727891156,0.309523809524,0.426966292135,0.027027027027,0.391304347826,0.241666666667,0.287878787879,2024,0.3,11,1.0,0,0.94,0
4496,2024-12-11,0.197530864198,0.012048192771,0.111782477341,0.308411214953,0.546762589928,0.319727891156,0.27380952381,0.393258426966,0.027027027027,0.478260869565,0.422222222222,0.257575757576,2024,0.3,11,0.95652173913,0,0.9,0
4497,2024-12-13,0.58024691358,0.496987951807,0.63746223565,0.429906542056,0.007194244604,0.612244897959,0.690476190476,0.741573033708,0.108108108108,0.086956521739,0.263888888889,0.106060606061,2024,0.3,13,0.086956521739,0,0.95,0
4498,2024-12-13,0.565432098765,0.569277108434,0.740181268882,0.523364485981,0.014388489209,0.619047619048,0.630952380952,0.674157303371,0.162162162162,0.130434782609,0.155555555556,0.151515151515,2024,0.3,13,0.217391304348,0,0.98,0
4499,2024-12-13,0.520987654321,0.295180722892,0.510574018127,0.663551401869,0.028776978417,0.646258503401,0.738095238095,0.606741573034,0.135135135135,0.217391304348,0.141666666667,0.121212121212,2024,0.3,13,0.521739130435,0,0.98,0
4500,2024-12-13,0.476543209877,0.177710843373,0.435045317221,0.794392523364,0.093525179856,0.707482993197,0.77380952381,0.516853932584,0.162162162162,0.304347826087,0.308333333333,0.166666666667,2024,0.3,13,0.695652173913,0,0.98,0
4501,2024-12-13,0.133333333333,0.012048192771,0.057401812689,0.140186915888,0.438848920863,0.258503401361,0.178571428571,0.247191011236,0.027027027027,0.608695652174,0.963888888889,0.469696969697,2024,0.3,13,0.869565217391,0,0.9,0
4502,2024-12-13,0.113580246914,0.006024096386,0.039274924471,0.102803738318,0.453237410072,0.292517006803,0.190476190476,0.247191011236,0.027027027027,0.565217391304,0.030555555556,0.530303030303,2024,0.3,13,0.826086956522,0,0.99,0
4503,2024-12-13,0.138271604938,0.015060240964,0.087613293051,0.224299065421,0.287769784173,,,0.23595505618,0.027027027027,0.565217391304,0.027777777778,0.5,2024,0.3,13,0.739130434783,0,1.0,0
4504,2024-12-13,0.138271604938,0.012048192771,0.102719033233,0.271028037383,0.172661870504,0.244897959184,0.083333333333,0.258426966292,0.0,0.478260869565,0.052777777778,0.575757575758,2024,0.3,13,0.652173913043,0,0.93,0
4505,2024-12-13,0.158024691358,0.012048192771,0.102719033233,0.280373831776,0.143884892086,0.394557823129,0.202380952381,0.325842696629,0.0,0.434782608696,0.052777777778,0.5,2024,0.3,13,0.608695652174,0,0.98,0
4506,2024-12-13,0.224691358025,0.039156626506,0.157099697885,0.355140186916,0.079136690647,0.414965986395,0.214285714286,0.370786516854,0.0,0.347826086957,0.986111111111,0.287878787879,2024,0.3,13,0.565217391304,0,1.0,0
4507,2024-12-13,0.311111111111,0.10843373494,0.250755287009,0.448598130841,0.021582733813,0.374149659864,0.27380952381,0.38202247191,0.027027027027,0.347826086957,0.861111111111,0.30303030303,2024,0.3,13,0.478260869565,0,1.0,0
4508,2024-12-13,0.266666666667,0.05421686747,0.196374622356,0.429906542056,0.028776978417,0.47619047619,0.488095238095,0.415730337079,0.027027027027,0.304347826087,0.827777777778,0.378787878788,2024,0.3,13,0.434782608696,0,1.0,0
4509,2024-12-14,0.18024691358,0.03313253012,0.123867069486,0.280373831776,0.021582733813,0.30612244898,0.261904761905,0.494382022472,0.243243243243,0.217391304348,0.847222222222,0.378787878788,2024,0.3,14,0.391304347826,0,1.0,0
4510,2024-12-14,0.244444444444,0.069277108434,0.199395770393,0.392523364486,0.035971223022,0.47619047619,0.47619047619,0.460674157303,0.054054054054,0.217391304348,0.797222222222,0.227272727273,2024,0.3,14,0.347826086957,0,1.0,0
4511,2024-12-14,0.214814814815,0.036144578313,0.163141993958,0.392523364486,0.021582733813,0.319727891156,0.27380952381,0.494382022472,0.027027027027,0.173913043478,0.958333333333,0.121212121212,2024,0.3,14,0.304347826087,0,0.99,0
4512,2024-12-14,0.350617283951,0.256024096386,0.392749244713,0.429906542056,0.007194244604,0.265306122449,0.22619047619,0.550561797753,0.054054054054,0.130434782609,0.225,0.181818181818,2024,0.3,14,0.260869565217,0,1.0,0
4513,2024-12-14,0.264197530864,0.114457831325,0.232628398792,0.364485981308,0.007194244604,0.52380952381,0.5,0.573033707865,0.027027027027,0.086956521739,0.261111111111,0.090909090909,2024,0.3,14,0.173913043478,0,1.0,0
4514,2024-12-14,0.335802469136,0.234939759036,0.350453172205,0.355140186916,0.007194244604,0.544217687075,0.678571428571,0.584269662921,0.054054054054,0.04347826087,0.302777777778,0.121212121212,2024,0.3,14,0.130434782609,0,1.0,0
4515,2024-12-14,0.256790123457,0.177710843373,0.299093655589,0.373831775701,0.014388489209,0.571428571429,0.595238095238,0.561797752809,0.054054054054,0.0,0.313888888889,0.060606060606,2024,0.3,14,0.04347826087,0,1.0,0
4516,2024-12-14,0.459259259259,0.46686746988,0.592145015106,0.383177570093,0.007194244604,0.578231292517,0.666666666667,0.606741573034,0.081081081081,0.0,0.172222222222,0.106060606061,2024,0.3,14,0.0,0,1.0,0
4517,2024-12-14,0.540740740741,0.701807228916,0.83081570997,0.392523364486,0.014388489209,0.598639455782,0.619047619048,0.606741573034,0.135135135135,0.0,0.247222222222,0.106060606061,2024,0.3,14,0.086956521739,0,1.0,0
4518,2024-12-14,0.338271604938,0.328313253012,0.525679758308,0.607476635514,0.028776978417,0.428571428571,0.357142857143,0.460674157303,0.135135135135,0.173913043478,0.241666666667,0.166666666667,2024,0.3,14,0.521739130435,0,1.0,0
4519,2024-12-14,0.313580246914,0.159638554217,0.368580060423,0.644859813084,0.107913669065,0.537414965986,0.547619047619,0.393258426966,0.162162162162,0.260869565217,0.125,0.19696969697,2024,0.3,14,0.695652173913,0,1.0,0
4520,2024-12-14,0.293827160494,0.066265060241,0.256797583082,0.588785046729,0.251798561151,0.551020408163,0.547619047619,0.314606741573,0.135135135135,0.391304347826,0.127777777778,0.19696969697,2024,0.3,14,0.782608695652,0,0.99,0
4521,2024-12-14,0.261728395062,0.03313253012,0.208459214502,0.532710280374,0.402877697842,0.52380952381,0.535714285714,0.247191011236,0.108108108108,0.478260869565,0.061111111111,0.257575757576,2024,0.3,14,0.913043478261,0,1.0,0
4522,2024-12-14,0.19012345679,0.018072289157,0.135951661631,0.364485981308,0.510791366906,0.585034013605,0.666666666667,0.191011235955,0.081081081081,0.521739130435,0.025,0.318181818182,2024,0.3,14,1.0,0,0.99,0
4523,2024-12-14,0.118518518519,0.006024096386,0.057401812689,0.158878504673,0.561151079137,0.503401360544,0.583333333333,0.157303370787,0.054054054054,0.565217391304,0.1,0.227272727273,2024,0.3,14,0.95652173913,0,0.99,0
4524,2024-12-14,0.106172839506,0.015060240964,0.063444108761,0.14953271028,0.431654676259,0.367346938776,0.369047619048,0.123595505618,0.0,0.608695652174,0.947222222222,0.348484848485,2024,0.3,14,0.869565217391,0,0.99,0
4525,2024-12-14,0.128395061728,0.024096385542,0.087613293051,0.196261682243,0.345323741007,0.265306122449,0.214285714286,0.123595505618,0.027027027027,0.608695652174,0.877777777778,0.333333333333,2024,0.3,14,0.826086956522,0,0.94,0
4526,2024-12-14,0.207407407407,0.027108433735,0.14501510574,0.364485981308,0.187050359712,0.360544217687,0.178571428571,0.269662921348,0.027027027027,0.478260869565,0.047222222222,0.5,2024,0.3,14,0.652173913043,0,0.99,0
4527,2024-12-14,0.212345679012,0.030120481928,0.154078549849,0.373831775701,0.115107913669,0.421768707483,0.238095238095,0.303370786517,0.0,0.434782608696,0.002777777778,0.318181818182,2024,0.3,14,0.608695652174,0,1.0,0
4528,2024-12-14,0.214814814815,0.063253012048,0.154078549849,0.280373831776,0.035971223022,0.353741496599,0.25,0.337078651685,0.0,0.347826086957,0.875,0.424242424242,2024,0.3,14,0.565217391304,0,1.0,0
4529,2024-12-14,0.2,0.03313253012,0.123867069486,0.280373831776,0.028776978417,0.292517006803,0.214285714286,0.426966292135,0.135135135135,0.304347826087,0.866666666667,0.469696969697,2024,0.3,14,0.478260869565,0,1.0,0
4530,2024-12-14,0.202469135802,0.03313253012,0.129909365559,0.299065420561,0.021582733813,0.353741496599,0.321428571429,0.47191011236,0.243243243243,0.260869565217,0.847222222222,0.424242424242,2024,0.3,14,0.434782608696,0,1.0,0
4531,2024-12-20,0.197530864198,0.075301204819,0.138972809668,0.196261682243,0.071942446043,0.34693877551,0.404761904762,0.696629213483,0.135135135135,0.130434782609,0.805555555556,0.212121212121,2024,0.3,20,0.695652173913,0,0.95,0
4532,2024-12-20,0.18024691358,0.051204819277,0.111782477341,0.18691588785,0.143884892086,0.30612244898,0.345238095238,0.606741573034,0.054054054054,0.217391304348,0.908333333333,0.272727272727,2024,0.3,20,0.782608695652,0,1.0,0
4533,2024-12-20,0.185185185185,0.042168674699,0.117824773414,0.242990654206,0.230215827338,0.272108843537,0.27380952381,0.516853932584,0.054054054054,0.304347826087,0.005555555556,0.287878787879,2024,0.3,20,0.913043478261,0,0.95,0
4534,2024-12-20,0.172839506173,0.021084337349,0.093655589124,0.224299065421,0.31654676259,0.367346938776,0.416666666667,0.449438202247,0.054054054054,0.347826086957,0.997222222222,0.287878787879,2024,0.3,20,1.0,0,0.96,0
4535,2024-12-20,0.162962962963,0.021084337349,0.07250755287,0.158878504673,0.345323741007,0.380952380952,0.357142857143,0.393258426966,0.027027027027,0.391304347826,0.644444444444,0.257575757576,2024,0.3,20,0.95652173913,0,0.99,0
4536,2024-12-20,0.185185185185,0.027108433735,0.09667673716,0.214953271028,0.352517985612,0.244897959184,0.202380952381,0.370786516854,0.027027027027,0.391304347826,0.836111111111,0.272727272727,2024,0.3,20,0.869565217391,0,0.98,0
4537,2024-12-20,0.143209876543,0.015060240964,0.075528700906,0.18691588785,0.374100719424,0.231292517007,0.190476190476,0.348314606742,0.027027027027,0.434782608696,0.041666666667,0.212121212121,2024,0.3,20,0.826086956522,0,1.0,0
4538,2024-12-20,0.224691358025,0.048192771084,0.132930513595,0.271028037383,0.158273381295,0.244897959184,0.261904761905,0.404494382022,0.027027027027,0.391304347826,0.922222222222,0.560606060606,2024,0.3,20,0.739130434783,0,1.0,0
4539,2024-12-20,0.177777777778,0.042168674699,0.108761329305,0.205607476636,0.079136690647,0.333333333333,0.22619047619,0.505617977528,0.027027027027,0.304347826087,0.988888888889,0.575757575758,2024,0.3,20,0.652173913043,0,0.99,0
4540,2024-12-20,0.148148148148,0.024096385542,0.078549848943,0.168224299065,0.071942446043,0.401360544218,0.154761904762,0.573033707865,0.027027027027,0.217391304348,0.011111111111,0.575757575758,2024,0.3,20,0.608695652174,0,1.0,0
4541,2024-12-20,0.187654320988,0.045180722892,0.111782477341,0.196261682243,0.035971223022,0.292517006803,0.119047619048,0.61797752809,0.027027027027,0.173913043478,0.922222222222,0.378787878788,2024,0.3,20,0.565217391304,0,1.0,0
4542,2024-12-20,0.162962962963,0.048192771084,0.12084592145,0.224299065421,0.021582733813,0.170068027211,0.071428571429,0.640449438202,0.054054054054,0.173913043478,0.822222222222,0.560606060606,2024,0.3,20,0.478260869565,0,1.0,0
4543,2024-12-20,0.165432098765,0.048192771084,0.12084592145,0.224299065421,0.007194244604,0.210884353741,0.107142857143,0.696629213483,0.027027027027,0.130434782609,0.830555555556,0.484848484848,2024,0.3,20,0.434782608696,0,1.0,0
